{
    "format_version": "1.8.0",
    "render_controllers": {
        "controller.render.jeep": {
            "arrays": {
                "textures": {
                    "Array.skins": [
                        "Texture.white",
						"Texture.red",
						"Texture.green",
                        "Texture.blue"
                    ]
                }
            },
            "geometry": "Geometry.default",
            "materials": [ { "*": "Material.default" } ],
            "textures": [ "Array.skins[query.variant]" ]
        }
    }
}
