{
	"format_version": "1.12.0",
	"minecraft:geometry": [
		{
			"description": {
				"identifier": "geometry.ae86",
				"texture_width": 512,
				"texture_height": 512,
				"visible_bounds_width": 8,
				"visible_bounds_height": 4,
				"visible_bounds_offset": [0, 0, 0]
			},
			"bones": [
				{
					"name": "body",
					"pivot": [0, 0, 11],
					"cubes": [
						{"origin": [-16, 4, -29], "size": [32, 2, 34], "uv": [0, 75]},
						{"origin": [15, 23.80761, -26.10002], "size": [2, 1, 21], "pivot": [0, 24.30761, -17.60002], "rotation": [45, 0, 0], "uv": [136, 182]},
						{"origin": [15.01, 22.82175, -24.10002], "size": [2, 1, 19], "inflate": -0.02, "pivot": [0.01, 23.32175, -17.60002], "rotation": [45, 0, 0], "uv": [191, 183]},
						{"origin": [-17.01, 22.82175, -24.10002], "size": [2, 1, 19], "inflate": -0.019, "pivot": [-32.01, 23.32175, -17.60002], "rotation": [45, 0, 0], "uv": [191, 208]},
						{"origin": [-15, 23.80761, -6.10002], "size": [30, 1, 1], "pivot": [0, 24.30761, -17.60002], "rotation": [45, 0, 0], "uv": [3, 212]},
						{"origin": [-2, 29, -10], "size": [4, 3, 1], "uv": [40, 317]},
						{"origin": [-4, 27, -9], "size": [8, 3, 1], "uv": [0, 298]},
						{"origin": [-17, 23.80761, -26.10002], "size": [2, 1, 21], "pivot": [0, 24.30761, -17.60002], "rotation": [45, 0, 0], "uv": [82, 182]},
						{"origin": [-16.5, 21.52886, -13.834], "size": [0, 1, 8], "pivot": [0.009, 24.02886, -18.334], "rotation": [45, 0, 0], "uv": [64, 497]},
						{"origin": [16.5, 21.52886, -13.834], "size": [0, 1, 8], "pivot": [33.009, 24.02886, -18.334], "rotation": [45, 0, 0], "uv": [64, 497]},
						{"origin": [16.5, 36.03604, -4.74819], "size": [0, 1, 26], "pivot": [33.499, 13.53604, -9.24819], "rotation": [-30, 0, 0], "uv": [44, 428]},
						{"origin": [-16.5, 36.03604, -4.74819], "size": [0, 1, 26], "pivot": [33.499, 13.53604, -9.24819], "rotation": [-30, 0, 0], "uv": [44, 428]},
						{"origin": [-17, 15.30259, -46.7541], "size": [34, 1, 18], "pivot": [-1, 15.30259, -46.2541], "rotation": [10, 0, 0], "uv": [116, 111]},
						{"origin": [-12, 15.30259, -58.7541], "size": [24, 1, 12], "pivot": [-1, 15.30259, -46.2541], "rotation": [10, 0, 0], "uv": [0, 178]},
						{"origin": [-17, 15.30259, -52.7541], "size": [5, 1, 6], "pivot": [-1, 15.30259, -46.2541], "rotation": [10, 0, 0], "uv": [166, 283]},
						{"origin": [12, 15.30259, -52.7541], "size": [5, 1, 6], "pivot": [-1, 15.30259, -46.2541], "rotation": [10, 0, 0], "uv": [144, 283]},
						{"origin": [-17, 32.5, -9.11474], "size": [34, 1, 16], "uv": [220, 111]},
						{"origin": [-16.5, 19, -21.11474], "size": [0, 13, 28], "uv": [62, 456]},
						{"origin": [-16.5, 19, 6.88526], "size": [0, 13, 22], "uv": [96, 420]},
						{"origin": [16.5, 19, 6.88526], "size": [0, 13, 22], "uv": [96, 420]},
						{"origin": [16.5, 19, -21.11474], "size": [0, 13, 28], "uv": [62, 456]},
						{"origin": [-17, 31.5, -9.11474], "size": [1, 1, 14], "uv": [105, 230]},
						{"origin": [16, 31.5, -9.11474], "size": [1, 1, 14], "uv": [73, 230]},
						{"origin": [-17, 18.5, 4.88526], "size": [1, 14, 2], "inflate": -0.01, "uv": [30, 292]},
						{"origin": [-17, 18.5, -15.11474], "size": [1, 9, 1], "inflate": -0.02, "uv": [0, 418]},
						{"origin": [16, 18.5, -15.11474], "size": [1, 9, 1], "inflate": -0.02, "uv": [0, 418]},
						{"origin": [16, 18.5, 4.88526], "size": [1, 14, 2], "inflate": -0.01, "uv": [24, 292]},
						{"origin": [-17, 4, 31], "size": [34, 15, 1], "uv": [160, 162]},
						{"origin": [15, 11.31699, 18.69263], "size": [2, 29, 1], "inflate": 0.03, "pivot": [0, 25.81699, 19.19263], "rotation": [60, 0, 0], "uv": [86, 253]},
						{"origin": [-14.97, 15.35097, -19.51423], "size": [30, 21, 1], "inflate": 0.03, "pivot": [-1.97, 22.85097, -19.01423], "rotation": [-45, 0, 0], "uv": [0, 475]},
						{"origin": [-15, 15.31699, 18.69263], "size": [30, 21, 1], "inflate": 0.03, "pivot": [-2, 25.81699, 19.19263], "rotation": [60, 0, 0], "uv": [0, 475]},
						{"origin": [15, 10.31699, 18.69263], "size": [2, 29, 1], "inflate": -0.01, "pivot": [0, 24.81699, 19.19263], "rotation": [60, 0, 0], "uv": [116, 253]},
						{"origin": [-17, 11.31699, 18.69263], "size": [2, 29, 1], "inflate": 0.03, "pivot": [0, 25.81699, 19.19263], "rotation": [60, 0, 0], "uv": [80, 253]},
						{"origin": [-17, 10.31699, 18.69263], "size": [2, 29, 1], "inflate": -0.01, "pivot": [0, 24.81699, 19.19263], "rotation": [60, 0, 0], "uv": [122, 253]},
						{"origin": [-15, 36.31699, 18.69263], "size": [30, 4, 1], "pivot": [0, 25.81699, 19.19263], "rotation": [60, 0, 0], "uv": [0, 215]},
						{"origin": [-15, 11.31699, 18.69263], "size": [30, 4, 1], "pivot": [0, 25.81699, 19.19263], "rotation": [60, 0, 0], "uv": [0, 215]},
						{"origin": [16, 4, -29], "size": [1, 15, 60], "uv": [122, 0]},
						{"origin": [17, 18, -22], "size": [1, 2, 1], "uv": [118, 317]},
						{"origin": [-18, 18, -22], "size": [1, 2, 1], "uv": [110, 320]},
						{"origin": [15.84422, 18, -29.50309], "size": [6, 4, 1], "pivot": [0, 19.5, -20.8895], "rotation": [0, -25, 0], "uv": [0, 308]},
						{"origin": [-21.84422, 18, -29.50309], "size": [6, 4, 1], "pivot": [0, 19.5, -20.8895], "rotation": [0, 25, 0], "uv": [68, 302]},
						{"origin": [-16, 4, 24], "size": [32, 10, 7], "uv": [84, 386]},
						{"origin": [-16, 6, -3], "size": [32, 6, 8], "uv": [0, 162]},
						{"origin": [-2, 6, -13], "size": [4, 7, 18], "uv": [0, 430]},
						{"origin": [0, 13, -5], "size": [1, 4, 1], "uv": [0, 455]},
						{"origin": [-2, 12.61698, 4.17861], "size": [4, 3, 1], "pivot": [-1.5, 12.61698, 4.67861], "rotation": [50, 0, 0], "uv": [0, 461]},
						{"origin": [-2, 12.92836, -0.29813], "size": [4, 2, 3], "uv": [0, 465]},
						{"origin": [-1, 13, -4], "size": [1, 1, 4], "pivot": [-0.5, 13.42836, 0.70187], "rotation": [-25, 0, 0], "uv": [0, 470]},
						{"origin": [-14, 12, 3], "size": [12, 9, 2], "uv": [24, 269]},
						{"origin": [2, 12, 3], "size": [12, 9, 2], "uv": [24, 269]},
						{"origin": [-13, 21, 3], "size": [10, 1, 2], "uv": [0, 292]},
						{"origin": [3, 21, 3], "size": [10, 1, 2], "uv": [0, 292]},
						{"origin": [-11, 22, 3], "size": [6, 1, 2], "uv": [94, 308]},
						{"origin": [5, 22, 3], "size": [6, 1, 2], "uv": [94, 308]},
						{"origin": [-17, 4, -29], "size": [1, 15, 60], "uv": [0, 0]},
						{"origin": [-17, 4, -53], "size": [34, 11, 5], "uv": [0, 323]},
						{"origin": [-14, 4, -48], "size": [28, 11, 14], "uv": [0, 339]},
						{"origin": [-17, 4, -34], "size": [34, 11, 5], "uv": [0, 323]},
						{"origin": [-18, 4, -48], "size": [4, 10, 14], "inflate": -0.01, "uv": [36, 229]},
						{"origin": [-18, 4, 10], "size": [4, 11, 14], "inflate": -0.01, "uv": [72, 204]},
						{"origin": [14, 4, 10], "size": [4, 11, 14], "inflate": -0.01, "uv": [108, 204]},
						{"origin": [14, 4, -48], "size": [4, 10, 14], "inflate": -0.01, "uv": [0, 229]},
						{"origin": [-14, 4, 10], "size": [28, 10, 14], "uv": [0, 379]},
						{"origin": [-16, 4, 5], "size": [32, 10, 5], "uv": [0, 403]},
						{"origin": [-17, 4, -59], "size": [34, 10, 6], "uv": [168, 146]},
						{"origin": [-17, 15, -31], "size": [34, 4, 2], "uv": [0, 204]},
						{"origin": [-16, 15, -29], "size": [32, 4, 10], "uv": [84, 146]},
						{"origin": [-17, 18.32624, -29.19361], "size": [34, 1, 6], "uv": [230, 169]},
						{"origin": [-16, 9.73654, -30.29289], "size": [32, 4, 10], "pivot": [-36, 2.73654, -18.29289], "rotation": [-45, 0, 0], "uv": [0, 146]},
						{"origin": [7, 13.73654, -25.29289], "size": [2, 4, 2], "pivot": [-36, 2.73654, -18.29289], "rotation": [-45, 0, 0], "uv": [50, 317]},
						{"origin": [6, 16.73654, -21.29289], "size": [4, 1, 1], "pivot": [-36, 2.73654, -18.29289], "rotation": [-45, 0, 0], "uv": [92, 317]},
						{"origin": [6, 16.73654, -28.29289], "size": [4, 1, 1], "pivot": [-36, 2.73654, -18.29289], "rotation": [-45, 0, 0], "uv": [82, 321]},
						{"origin": [5, 16.73654, -22.29289], "size": [1, 1, 1], "pivot": [-36, 2.73654, -18.29289], "rotation": [-45, 0, 0], "uv": [130, 317]},
						{"origin": [5, 16.73654, -27.29289], "size": [1, 1, 1], "pivot": [-36, 2.73654, -18.29289], "rotation": [-45, 0, 0], "uv": [126, 319]},
						{"origin": [4, 16.73654, -26.29289], "size": [1, 1, 4], "pivot": [-36, 2.73654, -18.29289], "rotation": [-45, 0, 0], "uv": [120, 308]},
						{"origin": [11, 16.73654, -26.29289], "size": [1, 1, 4], "pivot": [-36, 2.73654, -18.29289], "rotation": [-45, 0, 0], "uv": [110, 308]},
						{"origin": [10, 16.73654, -22.29289], "size": [1, 1, 1], "pivot": [-36, 2.73654, -18.29289], "rotation": [-45, 0, 0], "uv": [126, 321]},
						{"origin": [10, 16.73654, -27.29289], "size": [1, 1, 1], "pivot": [-36, 2.73654, -18.29289], "rotation": [-45, 0, 0], "uv": [126, 317]},
						{"origin": [9, 16.73654, -26.29289], "size": [1, 1, 1], "pivot": [-36, 2.73654, -18.29289], "rotation": [-45, 0, 0], "uv": [122, 321]},
						{"origin": [6, 16.73654, -26.29289], "size": [1, 1, 1], "pivot": [-36, 2.73654, -18.29289], "rotation": [-45, 0, 0], "uv": [118, 320]},
						{"origin": [9, 16.73654, -23.29289], "size": [1, 1, 1], "pivot": [-36, 2.73654, -18.29289], "rotation": [-45, 0, 0], "uv": [122, 319]},
						{"origin": [6, 16.73654, -23.29289], "size": [1, 1, 1], "pivot": [-36, 2.73654, -18.29289], "rotation": [-45, 0, 0], "uv": [122, 317]},
						{"origin": [-17, 15, -36], "size": [34, 3, 5], "uv": [80, 169]},
						{"origin": [-17, 15, -41], "size": [34, 2, 5], "uv": [0, 191]},
						{"origin": [-17, 14, -48], "size": [34, 1, 14], "uv": [0, 364]},
						{"origin": [-17, 15, -47], "size": [34, 1, 6], "uv": [80, 162]}
					]
				},
				{
					"name": "lights",
					"parent": "body",
					"pivot": [0, 14.80259, -52.7541],
					"rotation": [-45, 0, 0],
					"cubes": [
						{"origin": [12, 15.30259, -58.7541], "size": [5, 1, 6], "inflate": -0.01, "pivot": [-1, 15.30259, -46.2541], "rotation": [10, 0, 0], "uv": [188, 283]},
						{"origin": [-16, 10.32772, -56.00715], "size": [3, 3, 1], "pivot": [-14.5, 12.82772, -56.50715], "rotation": [45, 0, 0], "uv": [82, 317]},
						{"origin": [13, 10.32772, -56.00715], "size": [3, 3, 1], "pivot": [-14.5, 12.82772, -56.50715], "rotation": [45, 0, 0], "uv": [74, 317]},
						{"origin": [-16, 10.32772, -55.00715], "size": [3, 2, 1], "pivot": [-14.5, 12.82772, -56.50715], "rotation": [45, 0, 0], "uv": [110, 317]},
						{"origin": [13, 10.32772, -55.00715], "size": [3, 2, 1], "pivot": [-14.5, 12.82772, -56.50715], "rotation": [45, 0, 0], "uv": [102, 317]},
						{"origin": [-16, 10.32772, -54.00715], "size": [3, 2, 1], "pivot": [-14.5, 12.82772, -56.50715], "rotation": [45, 0, 0], "uv": [102, 320]},
						{"origin": [13, 10.32772, -54.00715], "size": [3, 2, 1], "pivot": [-14.5, 12.82772, -56.50715], "rotation": [45, 0, 0], "uv": [92, 319]},
						{"origin": [-17, 15.30259, -58.7541], "size": [5, 1, 6], "inflate": -0.01, "pivot": [-1, 15.30259, -46.2541], "rotation": [10, 0, 0], "uv": [210, 283]}
					]
				},
				{
					"name": "lens",
					"parent": "lights",
					"pivot": [-14.5, 12.82772, -56.50715],
					"cubes": [
						{"origin": [13, 10.32772, -57.00715], "size": [3, 4, 1], "pivot": [-14.5, 12.82772, -56.50715], "rotation": [45, 0, 0], "uv": [58, 317]},
						{"origin": [-16, 10.32772, -57.00715], "size": [3, 4, 1], "pivot": [-14.5, 12.82772, -56.50715], "rotation": [45, 0, 0], "uv": [66, 317]}
					]
				},
				{
					"name": "leg0",
					"pivot": [16, 6, -41],
					"cubes": [
						{"origin": [14, 0, -43], "size": [4, 1, 4], "uv": [68, 297]},
						{"origin": [-18, 0, -43], "size": [4, 1, 4], "uv": [52, 297]},
						{"origin": [14, 11, -43], "size": [4, 1, 4], "uv": [68, 292]},
						{"origin": [-18, 11, -43], "size": [4, 1, 4], "uv": [52, 302]},
						{"origin": [14, 1, -45], "size": [4, 1, 8], "uv": [120, 283]},
						{"origin": [-18, 1, -45], "size": [4, 1, 8], "uv": [72, 283]},
						{"origin": [14, 10, -45], "size": [4, 1, 8], "uv": [96, 283]},
						{"origin": [-18, 10, -45], "size": [4, 1, 8], "uv": [48, 283]},
						{"origin": [14, 2, -45], "size": [4, 8, 8], "uv": [24, 253]},
						{"origin": [-18, 2, -45], "size": [4, 8, 8], "uv": [0, 253]},
						{"origin": [14, 2, -46], "size": [4, 8, 1], "uv": [84, 308]},
						{"origin": [-18, 2, -46], "size": [4, 8, 1], "uv": [64, 308]},
						{"origin": [14, 2, -37], "size": [4, 8, 1], "uv": [74, 308]},
						{"origin": [-18, 2, -37], "size": [4, 8, 1], "uv": [54, 308]},
						{"origin": [14, 4, -47], "size": [4, 4, 1], "uv": [30, 317]},
						{"origin": [-18, 4, -47], "size": [4, 4, 1], "uv": [10, 317]},
						{"origin": [14, 4, -36], "size": [4, 4, 1], "uv": [20, 317]},
						{"origin": [-18, 4, -36], "size": [4, 4, 1], "uv": [0, 317]}
					]
				},
				{
					"name": "leg2",
					"pivot": [16, 6, 17],
					"cubes": [
						{"origin": [14, 0, 15], "size": [4, 1, 4], "uv": [52, 292]},
						{"origin": [-18, 0, 15], "size": [4, 1, 4], "uv": [36, 302]},
						{"origin": [14, 11, 15], "size": [4, 1, 4], "uv": [36, 297]},
						{"origin": [-18, 11, 15], "size": [4, 1, 4], "uv": [36, 292]},
						{"origin": [14, 1, 13], "size": [4, 1, 8], "uv": [24, 283]},
						{"origin": [-18, 1, 13], "size": [4, 1, 8], "uv": [0, 283]},
						{"origin": [14, 10, 13], "size": [4, 1, 8], "uv": [92, 262]},
						{"origin": [-18, 10, 13], "size": [4, 1, 8], "uv": [92, 253]},
						{"origin": [14, 2, 13], "size": [4, 8, 8], "uv": [160, 229]},
						{"origin": [-18, 2, 13], "size": [4, 8, 8], "uv": [136, 229]},
						{"origin": [14, 2, 12], "size": [4, 8, 1], "uv": [44, 308]},
						{"origin": [-18, 2, 12], "size": [4, 8, 1], "uv": [34, 308]},
						{"origin": [14, 2, 21], "size": [4, 8, 1], "uv": [24, 308]},
						{"origin": [-18, 2, 21], "size": [4, 8, 1], "uv": [14, 308]},
						{"origin": [14, 4, 11], "size": [4, 4, 1], "uv": [160, 308]},
						{"origin": [-18, 4, 11], "size": [4, 4, 1], "uv": [150, 308]},
						{"origin": [14, 4, 22], "size": [4, 4, 1], "uv": [140, 308]},
						{"origin": [-18, 4, 22], "size": [4, 4, 1], "uv": [130, 308]}
					]
				}
			]
		}
	]
}