{
	"format_version": "1.12.0",
	"minecraft:geometry": [
		{
			"description": {
				"identifier": "geometry.aquatopia_1.12",
				"texture_width": 288,
				"texture_height": 288,
				"visible_bounds_width": 4,
				"visible_bounds_height": 3,
				"visible_bounds_offset": [0, 1.5, 0]
			},
			"bones": [
				{
					"name": "body",
					"pivot": [0, 0, 0],
					"rotation": [90, 0, 0],
					"cubes": [
						{"origin": [-17, -17, 4.7], "size": [34, 34, 5], "inflate": 2.4, "uv": [210, 35]},
						{"origin": [-12, -20, 4.7], "size": [24, 6, 5], "inflate": 2.4, "uv": [230, 76]},
						{"origin": [-12, 14, 4.7], "size": [24, 6, 5], "inflate": 2.4, "uv": [230, 88]},
						{"origin": [-17, -17, 2.7], "size": [34, 34, 1], "inflate": 2.3, "uv": [218, 101]},
						{"origin": [-12, -20, 2.7], "size": [24, 6, 1], "inflate": 2.3, "uv": [238, 129]},
						{"origin": [-12, 14, 2.7], "size": [24, 6, 1], "inflate": 2.3, "uv": [0, 84]},
						{"origin": [-13, -12, 11], "size": [26, 24, 1], "inflate": 1.6, "uv": [234, 9]},
						{"origin": [-11, -13.5, 11], "size": [22, 3, 1], "inflate": 1.6, "uv": [0, 92]},
						{"origin": [-11, 9.5, 11], "size": [22, 3, 1], "inflate": 1.6, "uv": [242, 59]},
						{"origin": [-12, -12, 15.1], "size": [24, 1, 17], "inflate": 1.6, "uv": [0, 23]},
						{"origin": [-10, -12, 27], "size": [20, 1, 8], "inflate": 1.6, "uv": [0, 66]},
						{"origin": [-5.5, -13.7, 13.7], "size": [11, 1, 1], "inflate": 1.6, "uv": [0, 384]},
						{"origin": [-5.5, -13.5, 14], "size": [11, 1, 15], "inflate": 1.6, "uv": [0, 272]},
						{"origin": [-4.5, -13.5, 29], "size": [9, 1, 1], "inflate": 1.6, "uv": [0, 384]},
						{"origin": [-2, -14.5, 15], "size": [4, 1, 8], "inflate": 1.6, "uv": [0, 116]},
						{"origin": [-1, -14.5, 23], "size": [2, 1, 1], "inflate": 1.6, "uv": [0, 120]},
						{"origin": [-2, -16.8, 19.8], "size": [4, 1, 1], "inflate": -0.3, "uv": [0, 192]},
						{"origin": [-2, -16.8, 23.2], "size": [4, 1, 1], "inflate": -0.3, "uv": [0, 192]},
						{"origin": [-2.2, -16.8, 20], "size": [1, 1, 4], "inflate": -0.3, "uv": [0, 192]},
						{"origin": [1.2, -16.8, 20], "size": [1, 1, 4], "inflate": -0.3, "uv": [0, 192]},
						{"origin": [-2, -18, 21.5], "size": [4, 1, 1], "inflate": -0.4, "uv": [0, 192]},
						{"origin": [-0.5, -18, 20], "size": [1, 1, 4], "inflate": -0.4, "uv": [0, 192]},
						{"origin": [-2.1, -18, 21.5], "size": [1, 4, 1], "inflate": -0.4, "uv": [0, 192]},
						{"origin": [1.1, -18, 21.5], "size": [1, 4, 1], "inflate": -0.4, "uv": [0, 192]},
						{"origin": [-0.5, -18, 19.9], "size": [1, 4, 1], "inflate": -0.4, "uv": [0, 192]},
						{"origin": [-0.5, -18, 23.2], "size": [1, 4, 1], "inflate": -0.4, "uv": [0, 192]},
						{"origin": [-2, -17.7, 20], "size": [4, 4, 4], "inflate": -0.5, "uv": [0, 320]},
						{"origin": [-2, -18.3, 20], "size": [4, 4, 4], "inflate": -0.9, "uv": [0, 320]},
						{"origin": [-1, -13.4, 35.1], "size": [2, 2, 2], "inflate": -0.1, "uv": [265, 22]},
						{"origin": [-1, -13.4, 35.7], "size": [2, 2, 2], "inflate": -0.3, "uv": [236, 121]},
						{"origin": [-2, -11.7, 37.5], "size": [4, 1, 1], "uv": [0, 320]},
						{"origin": [-0.5, -12.4, 36.8], "size": [1, 2, 2], "inflate": -0.2, "uv": [248, 125]},
						{"origin": [1, -11.7, 37.5], "size": [2, 1, 1], "inflate": 0.1, "uv": [0, 512]},
						{"origin": [-3, -11.7, 37.5], "size": [2, 1, 1], "inflate": 0.1, "uv": [0, 545]},
						{"origin": [-2.1, -16.1, 16], "size": [1, 1, 1], "inflate": 0.7, "uv": [0, 192]},
						{"origin": [1.1, -16.1, 16], "size": [1, 1, 1], "inflate": 0.7, "uv": [0, 192]},
						{"origin": [-2.1, -16.9, 16], "size": [1, 1, 1], "inflate": 0.1, "uv": [284, 120]},
						{"origin": [1.1, -16.9, 16], "size": [1, 1, 1], "inflate": 0.1, "uv": [284, 120]},
						{"origin": [-5.5, -15.1, 16], "size": [1, 1, 1], "inflate": 0.6, "uv": [0, 97]},
						{"origin": [4.5, -15.1, 16], "size": [1, 1, 1], "inflate": 0.6, "uv": [0, 97]},
						{"origin": [-5.5, -16, 16], "size": [1, 1, 1], "uv": [284, 120]},
						{"origin": [4.5, -16, 16], "size": [1, 1, 1], "uv": [284, 120]},
						{"origin": [-13.7, -10, 18], "size": [1, 2, 2], "inflate": 0.6, "uv": [0, 256]},
						{"origin": [12.7, -10, 18], "size": [1, 2, 2], "inflate": 0.6, "uv": [0, 256]},
						{"origin": [-13.8, -11, 17], "size": [1, 4, 4], "inflate": 0.1, "uv": [19, 5]},
						{"origin": [12.8, -11, 17], "size": [1, 4, 4], "inflate": 0.1, "uv": [19, 5]},
						{"origin": [-12, -8.5, 40.4], "size": [24, 1, 1], "inflate": 0.7, "uv": [49, 0]},
						{"origin": [-6, -11.2, 36.4], "size": [1, 1, 4], "inflate": 0.1, "uv": [0, 128]},
						{"origin": [5, -11.2, 36.4], "size": [1, 1, 4], "inflate": 0.1, "uv": [0, 128]},
						{"origin": [-6, -10, 39.8], "size": [1, 1, 1], "inflate": 0.1, "uv": [0, 128]},
						{"origin": [5, -10, 39.8], "size": [1, 1, 1], "inflate": 0.1, "uv": [0, 128]},
						{"origin": [-11, -11, 17], "size": [22, 1, 15], "inflate": 1.6, "uv": [0, 7]},
						{"origin": [-11, -9, 32], "size": [22, 1, 5], "inflate": 0.8, "uv": [0, 0]},
						{"origin": [-12, -8.4, 14.6], "size": [24, 4, 3], "inflate": 1.8, "uv": [0, 76]},
						{"origin": [-12, -10.5, 14.7], "size": [24, 2, 2], "inflate": 1.8, "uv": [0, 128]},
						{"origin": [-13.2, -5.5, 13.8], "size": [1, 5, 6], "inflate": 0.4, "uv": [0, 42]},
						{"origin": [12.2, -5.5, 13.8], "size": [1, 5, 6], "inflate": 0.4, "uv": [0, 42]},
						{"origin": [-13, -9.5, 26], "size": [1, 8, 1], "inflate": 0.2, "uv": [0, 128]},
						{"origin": [12, -9.5, 26], "size": [1, 8, 1], "inflate": 0.2, "uv": [0, 128]},
						{"origin": [-13, -3, 18], "size": [1, 1, 8], "inflate": 0.2, "uv": [0, 128]},
						{"origin": [12, -3, 18], "size": [1, 1, 8], "inflate": 0.2, "uv": [0, 128]},
						{"origin": [-12, -7.8, 19], "size": [24, 8, 1], "inflate": 0.7, "uv": [238, 0]},
						{"origin": [-9, -13.2, 22], "size": [1, 1, 23], "inflate": 0.5, "uv": [0, 41]},
						{"origin": [-9, -13.2, 45.8], "size": [1, 1, 1], "inflate": 0.6, "uv": [108, 0]},
						{"origin": [-9.5, -13.7, 45.6], "size": [2, 2, 1], "inflate": 0.4, "uv": [282, 131]},
						{"origin": [-10.5, -14.7, 45], "size": [4, 4, 1], "inflate": -0.2, "uv": [235, 114]},
						{"origin": [-9, -13.2, 33], "size": [1, 1, 2], "inflate": 0.9, "uv": [1, 58]},
						{"origin": [-9, -13.2, 33.6], "size": [1, 1, 2], "inflate": 0.7, "uv": [1, 58]},
						{"origin": [-9, 10, 14.7], "size": [18, 4, 4], "inflate": 1, "uv": [244, 137]},
						{"origin": [-10, 11, 15.7], "size": [20, 2, 2], "inflate": 1, "uv": [0, 448]},
						{"origin": [-5.5, 8.5, 13.1], "size": [1, 7, 7], "inflate": -0.1, "uv": [0, 138]},
						{"origin": [4.5, 8.5, 13.1], "size": [1, 7, 7], "inflate": -0.1, "uv": [0, 138]},
						{"origin": [-0.5, 8.5, 13.1], "size": [1, 7, 2], "inflate": -0.1, "uv": [0, 256]},
						{"origin": [-11.5, 7.1, 26.3], "size": [1, 4, 1], "inflate": -0.2, "uv": [0, 320]},
						{"origin": [10.5, 7.1, 26.3], "size": [1, 4, 1], "inflate": -0.2, "uv": [0, 320]},
						{"origin": [-11.5, 8.1, 24.6], "size": [1, 3, 1], "inflate": -0.2, "uv": [0, 320]},
						{"origin": [10.5, 8.1, 24.6], "size": [1, 3, 1], "inflate": -0.2, "uv": [0, 320]},
						{"origin": [-11.5, 9.1, 22.8], "size": [1, 2, 1], "inflate": -0.2, "uv": [0, 320]},
						{"origin": [10.5, 9.1, 22.8], "size": [1, 2, 1], "inflate": -0.2, "uv": [0, 320]},
						{"origin": [-11.5, 10.1, 26.3], "size": [23, 1, 1], "inflate": -0.2, "uv": [0, 320]},
						{"origin": [-11.5, 10.7, 24.6], "size": [23, 1, 1], "inflate": -0.2, "uv": [0, 320]},
						{"origin": [-11.5, 10.5, 22.8], "size": [23, 1, 1], "inflate": -0.2, "uv": [0, 320]},
						{"origin": [-11.5, 7.6, 26.3], "size": [1, 1, 2], "inflate": -0.2, "uv": [0, 320]},
						{"origin": [10.5, 7.6, 26.3], "size": [1, 1, 2], "inflate": -0.2, "uv": [0, 320]},
						{"origin": [-11.5, 7.6, 27.5], "size": [23, 1, 1], "inflate": -0.2, "uv": [0, 320]},
						{"origin": [-4, 7.8, 27.3], "size": [1, 2, 1], "inflate": -0.2, "uv": [0, 320]},
						{"origin": [3, 7.8, 27.3], "size": [1, 2, 1], "inflate": -0.2, "uv": [0, 320]},
						{"origin": [-1, 12, 15.7], "size": [2, 4, 2], "inflate": 1, "uv": [0, 99]}
					]
				},
				{
					"name": "body181",
					"pivot": [0, 17, -9.53333],
					"rotation": [55, 0, 0],
					"cubes": [
						{"origin": [-11.5, 19, -12], "size": [1, 1, 16], "inflate": 0.2, "uv": [0, 320]},
						{"origin": [10.5, 19, -12], "size": [1, 1, 16], "inflate": 0.2, "uv": [0, 320]},
						{"origin": [-4, 23.4, -2.7], "size": [1, 1, 2], "inflate": -0.2, "uv": [0, 320]},
						{"origin": [3, 23.4, -2.7], "size": [1, 1, 2], "inflate": -0.2, "uv": [0, 320]},
						{"origin": [-11.5, 19, -1], "size": [1, 3, 1], "inflate": -0.2, "uv": [0, 320]},
						{"origin": [10.5, 19, -1], "size": [1, 3, 1], "inflate": -0.2, "uv": [0, 320]},
						{"origin": [-11.5, 18.7, -3], "size": [1, 3, 1], "inflate": -0.2, "uv": [0, 320]},
						{"origin": [10.5, 18.7, -3], "size": [1, 3, 1], "inflate": -0.2, "uv": [0, 320]},
						{"origin": [-11.5, 19.4, -5], "size": [1, 2, 1], "inflate": -0.2, "uv": [0, 320]},
						{"origin": [10.5, 19.4, -5], "size": [1, 2, 1], "inflate": -0.2, "uv": [0, 320]},
						{"origin": [-9, 19, 3.5], "size": [18, 1, 1], "inflate": 0.4, "uv": [0, 286]},
						{"origin": [-10.5, 19, 3.5], "size": [21, 1, 1], "inflate": 0.1, "uv": [0, 286]}
					]
				}
			]
		}
	]
}