{
	"format_version": "1.12.0",
	"minecraft:geometry": [
		{
			"description": {
				"identifier": "geometry.bike",
				"texture_width": 128,
				"texture_height": 128,
				"visible_bounds_width": 4,
				"visible_bounds_height": 3,
				"visible_bounds_offset": [0, 0, 0]
			},
			"bones": [
				{
					"name": "body",
					"pivot": [0, 2, 0],
					"cubes": [
						{"origin": [-2, 6, 0], "size": [4, 8, 1], "uv": [20, 31]},
						{"origin": [-1, 14, 0], "size": [2, 1, 1], "uv": [6, 81]},
						{"origin": [-2, 15, -2], "size": [4, 2, 5], "uv": [0, 24]},
						{"origin": [-1, 5.68654, -15.02628], "size": [2, 9, 1], "pivot": [0, 1.79423, -0.23205], "rotation": [-30, 0, 0], "uv": [26, 44]},
						{"origin": [-3, 14, -14], "size": [6, 1, 4], "uv": [48, 12]},
						{"origin": [-3, 15, -11], "size": [6, 4, 1], "uv": [0, 31]},
						{"origin": [-1, 16, -10], "size": [2, 1, 2], "uv": [20, 63]},
						{"origin": [-3, 15, -14], "size": [6, 4, 1], "uv": [50, 24]},
						{"origin": [-3, 15, -13], "size": [1, 4, 2], "uv": [10, 63]},
						{"origin": [2, 15, -13], "size": [1, 4, 2], "uv": [4, 63]},
						{"origin": [1, 13.68654, -15.02628], "size": [6, 1, 1], "pivot": [0, 1.79423, -0.23205], "rotation": [-30, 0, 0], "uv": [12, 46]},
						{"origin": [-7, 13.68654, -15.02628], "size": [6, 1, 1], "pivot": [0, 1.79423, -0.23205], "rotation": [-30, 0, 0], "uv": [12, 44]},
						{"origin": [-7, 13.68654, -15.02628], "size": [3, 1, 1], "inflate": 0.1, "pivot": [0, 1.79423, -0.23205], "rotation": [-30, 0, 0], "uv": [32, 44]},
						{"origin": [4, 13.68654, -15.02628], "size": [3, 1, 1], "inflate": 0.1, "pivot": [11, 1.79423, -0.23205], "rotation": [-30, 0, 0], "uv": [32, 44]},
						{"origin": [1, -1.81347, -14.8923], "size": [1, 9, 2], "pivot": [0, 1.79423, -0.23205], "rotation": [-30, 0, 0], "uv": [6, 44]},
						{"origin": [-2, -1.81347, -14.8923], "size": [1, 9, 2], "pivot": [0, 1.79423, -0.23205], "rotation": [-30, 0, 0], "uv": [0, 44]},
						{"origin": [-2, 2.94347, -4.96642], "size": [4, 1, 1], "pivot": [0, 2, 0], "rotation": [-85, 0, 0], "uv": [10, 69]},
						{"origin": [1, 3.77162, -7.22156], "size": [1, 7, 1], "pivot": [0, 1.82815, -2.25514], "rotation": [-95, 0, 0], "uv": [0, 63]},
						{"origin": [-2, 3.77162, -7.22156], "size": [1, 7, 1], "pivot": [-3, 1.82815, -2.25514], "rotation": [-95, 0, 0], "uv": [40, 55]},
						{"origin": [-2, 12.79423, -10.23205], "size": [4, 1, 10], "uv": [0, 0]},
						{"origin": [-2, 12.79423, -0.23205], "size": [4, 1, 1], "uv": [9, 9]},
						{"origin": [-2, 10.19239, -7.77818], "size": [1, 1, 11], "pivot": [0, 2, 0], "rotation": [-45, 0, 0], "uv": [24, 12]},
						{"origin": [1, 10.19239, -7.77818], "size": [1, 1, 11], "pivot": [0, 2, 0], "rotation": [-45, 0, 0], "uv": [0, 12]},
						{"origin": [-2, 5, 7], "size": [1, 2, 2], "uv": [6, 77]},
						{"origin": [-2, 5, -15], "size": [1, 2, 2], "uv": [0, 77]},
						{"origin": [1, 5, 7], "size": [1, 2, 2], "uv": [30, 71]},
						{"origin": [1, 5, -15], "size": [1, 2, 2], "uv": [24, 71]},
						{"origin": [-1, 4.50086, 3.27491], "size": [2, 12, 1], "pivot": [0, 2, 0], "rotation": [55, 0, 0], "uv": [14, 31]}
					]
				},
				{
					"name": "mac",
					"parent": "body",
					"pivot": [0, 6.5, 0.5],
					"cubes": [
						{"origin": [-3, 5, -1], "size": [1, 3, 3], "uv": [0, 55]},
						{"origin": [-4, 2, 0], "size": [1, 5, 1], "uv": [20, 71]},
						{"origin": [2, 6, 0], "size": [1, 5, 1], "uv": [16, 71]}
					]
				},
				{
					"name": "pedal0",
					"parent": "mac",
					"pivot": [-4, 2.5, 0.5],
					"cubes": [
						{"origin": [-8, 2, -2], "size": [4, 1, 4], "uv": [34, 24]}
					]
				},
				{
					"name": "pedal1",
					"parent": "mac",
					"pivot": [7, 5, 4],
					"cubes": [
						{"origin": [3, 10, -2], "size": [4, 1, 4], "uv": [18, 24]}
					]
				},
				{
					"name": "leg0",
					"pivot": [0, 6, -14],
					"cubes": [
						{"origin": [-1, 0, -16], "size": [2, 1, 4], "uv": [30, 36]},
						{"origin": [-1, 11, -16], "size": [2, 1, 4], "uv": [30, 31]},
						{"origin": [-1, 1, -18], "size": [2, 1, 2], "uv": [8, 74]},
						{"origin": [-1, 10, -18], "size": [2, 1, 2], "uv": [8, 71]},
						{"origin": [-1, 1, -12], "size": [2, 1, 2], "uv": [0, 74]},
						{"origin": [-1, 2, -11], "size": [2, 1, 1], "uv": [0, 81]},
						{"origin": [-1, 9, -11], "size": [2, 1, 1], "uv": [36, 77]},
						{"origin": [-1, 2, -18], "size": [2, 1, 1], "uv": [42, 77]},
						{"origin": [-1, 9, -18], "size": [2, 1, 1], "uv": [36, 79]},
						{"origin": [-1, 10, -12], "size": [2, 1, 2], "uv": [0, 71]},
						{"origin": [-1, 2, -10], "size": [2, 2, 1], "uv": [30, 77]},
						{"origin": [-1, 8, -10], "size": [2, 2, 1], "uv": [24, 77]},
						{"origin": [-1, 2, -19], "size": [2, 2, 1], "uv": [18, 77]},
						{"origin": [-1, 8, -19], "size": [2, 2, 1], "uv": [12, 77]},
						{"origin": [-1, 4, -20], "size": [2, 4, 1], "uv": [28, 63]},
						{"origin": [-1, 4, -9], "size": [2, 4, 1], "uv": [20, 66]},
						{"origin": [-1, 5, -19], "size": [2, 2, 10], "uv": [52, 0]},
						{"origin": [-1, 5, -19], "size": [2, 2, 10], "pivot": [0, 6, -14], "rotation": [45, 0, 0], "uv": [28, 0]},
						{"origin": [-1, 7, -15], "size": [2, 4, 2], "uv": [32, 55]},
						{"origin": [-1, 7, -15], "size": [2, 4, 2], "pivot": [0, 6, -14], "rotation": [45, 0, 0], "uv": [16, 55]},
						{"origin": [-1, 1, -15], "size": [2, 4, 2], "uv": [24, 55]},
						{"origin": [-1, 1, -15], "size": [2, 4, 2], "pivot": [0, 6, -14], "rotation": [45, 0, 0], "uv": [8, 55]}
					]
				},
				{
					"name": "leg1",
					"pivot": [0, 6, 8],
					"cubes": [
						{"origin": [-1, 0, 6], "size": [2, 1, 4], "uv": [30, 36]},
						{"origin": [-1, 11, 6], "size": [2, 1, 4], "uv": [30, 31]},
						{"origin": [-1, 1, 4], "size": [2, 1, 2], "uv": [8, 74]},
						{"origin": [-1, 10, 4], "size": [2, 1, 2], "uv": [8, 71]},
						{"origin": [-1, 1, 10], "size": [2, 1, 2], "uv": [0, 74]},
						{"origin": [-1, 2, 11], "size": [2, 1, 1], "uv": [0, 81]},
						{"origin": [-1, 9, 11], "size": [2, 1, 1], "uv": [36, 77]},
						{"origin": [-1, 2, 4], "size": [2, 1, 1], "uv": [42, 77]},
						{"origin": [-1, 9, 4], "size": [2, 1, 1], "uv": [36, 79]},
						{"origin": [-1, 10, 10], "size": [2, 1, 2], "uv": [0, 71]},
						{"origin": [-1, 2, 12], "size": [2, 2, 1], "uv": [30, 77]},
						{"origin": [-1, 8, 12], "size": [2, 2, 1], "uv": [24, 77]},
						{"origin": [-1, 2, 3], "size": [2, 2, 1], "uv": [18, 77]},
						{"origin": [-1, 8, 3], "size": [2, 2, 1], "uv": [12, 77]},
						{"origin": [-1, 4, 2], "size": [2, 4, 1], "uv": [28, 63]},
						{"origin": [-1, 4, 13], "size": [2, 4, 1], "uv": [20, 66]},
						{"origin": [-1, 5, 3], "size": [2, 2, 10], "uv": [52, 0]},
						{"origin": [-1, 5, 3], "size": [2, 2, 10], "pivot": [0, 6, 8], "rotation": [45, 0, 0], "uv": [28, 0]},
						{"origin": [-1, 7, 7], "size": [2, 4, 2], "uv": [32, 55]},
						{"origin": [-1, 7, 7], "size": [2, 4, 2], "pivot": [0, 6, 8], "rotation": [45, 0, 0], "uv": [16, 55]},
						{"origin": [-1, 1, 7], "size": [2, 4, 2], "uv": [24, 55]},
						{"origin": [-1, 1, 7], "size": [2, 4, 2], "pivot": [0, 6, 8], "rotation": [45, 0, 0], "uv": [8, 55]}
					]
				}
			]
		}
	]
}