{
	"format_version": "1.12.0",
	"minecraft:geometry": [
		{
			"description": {
				"identifier": "geometry.c_sled",
				"texture_width": 512,
				"texture_height": 256,
				"visible_bounds_width": 5,
				"visible_bounds_height": 2,
				"visible_bounds_offset": [0, 1, 0]
			},
			"bones": [
				{
					"name": "sled",
					"pivot": [-0.82051, 8.55128, -15.53846],
					"cubes": [
						{"origin": [-17, 3, -19], "size": [32, 1, 40], "uv": [110, 5]},
						{"origin": [11, 0, -27], "size": [4, 1, 56], "uv": [108, 48]},
						{"origin": [11, 1, -28], "size": [4, 1, 1], "uv": [40, 216]},
						{"origin": [-17, 1, -28], "size": [4, 1, 1], "uv": [40, 216]},
						{"origin": [11, 2, -29], "size": [4, 1, 1], "uv": [40, 216]},
						{"origin": [-17, 2, -29], "size": [4, 1, 1], "uv": [40, 216]},
						{"origin": [11, 3, -30], "size": [4, 1, 1], "uv": [40, 216]},
						{"origin": [-17, 3, -30], "size": [4, 1, 1], "uv": [40, 216]},
						{"origin": [11, 4, -30], "size": [4, 1, 1], "uv": [40, 216]},
						{"origin": [-17, 4, -30], "size": [4, 1, 1], "uv": [40, 216]},
						{"origin": [11, 5, -30], "size": [4, 1, 1], "uv": [40, 216]},
						{"origin": [-17, 5, -30], "size": [4, 1, 1], "uv": [40, 216]},
						{"origin": [11, 6, -29], "size": [4, 1, 1], "uv": [40, 216]},
						{"origin": [-17, 6, -29], "size": [4, 1, 1], "uv": [40, 216]},
						{"origin": [11, 7, -28], "size": [4, 1, 1], "uv": [40, 216]},
						{"origin": [-17, 7, -28], "size": [4, 1, 1], "uv": [40, 216]},
						{"origin": [11, 8, -27], "size": [4, 1, 1], "uv": [40, 216]},
						{"origin": [-17, 8, -27], "size": [4, 1, 1], "uv": [40, 216]},
						{"origin": [11, 8, -26], "size": [4, 1, 1], "uv": [40, 216]},
						{"origin": [-17, 8, -26], "size": [4, 1, 1], "uv": [40, 216]},
						{"origin": [11, 7, -25], "size": [4, 1, 1], "uv": [40, 216]},
						{"origin": [-17, 7, -25], "size": [4, 1, 1], "uv": [40, 216]},
						{"origin": [11, 6, -24], "size": [4, 1, 1], "uv": [40, 216]},
						{"origin": [-17, 6, -24], "size": [4, 1, 1], "uv": [40, 216]},
						{"origin": [11, 5, -24], "size": [4, 1, 1], "uv": [40, 216]},
						{"origin": [-17, 5, -24], "size": [4, 1, 1], "uv": [40, 216]},
						{"origin": [11, 4, -25], "size": [4, 1, 1], "uv": [40, 216]},
						{"origin": [-17, 4, -25], "size": [4, 1, 1], "uv": [40, 216]},
						{"origin": [11, 3, -26], "size": [4, 1, 1], "uv": [40, 216]},
						{"origin": [-17, 3, -26], "size": [4, 1, 1], "uv": [40, 216]},
						{"origin": [-17, 0, -27], "size": [4, 1, 56], "uv": [108, 48]},
						{"origin": [8, 20, -23], "size": [4, 2, 5], "uv": [72, 211]},
						{"origin": [-14, 20, -23], "size": [4, 2, 5], "uv": [72, 211]},
						{"origin": [-17, 1, -18], "size": [4, 2, 5], "uv": [116, 197]},
						{"origin": [11, 1, 14], "size": [4, 2, 5], "uv": [54, 211]},
						{"origin": [-17, 1, 14], "size": [4, 2, 5], "uv": [0, 211]},
						{"origin": [11, 1, -2], "size": [4, 2, 5], "uv": [36, 211]},
						{"origin": [11, 1, -18], "size": [4, 2, 5], "uv": [36, 211]},
						{"origin": [-17, 1, -2], "size": [4, 2, 5], "uv": [18, 211]},
						{"origin": [-17, 4, -20], "size": [32, 2, 42], "uv": [0, 94]},
						{"origin": [-17, 6, -21], "size": [32, 2, 44], "uv": [0, 48]},
						{"origin": [-17, 8, -22], "size": [32, 2, 46], "uv": [0, 0]},
						{"origin": [-17, 10, -6], "size": [32, 5, 7], "uv": [0, 149]},
						{"origin": [-15, 10, 1], "size": [28, 9, 2], "uv": [48, 191]},
						{"origin": [-17, 10, -23], "size": [32, 2, 6], "uv": [78, 149]},
						{"origin": [-17, 12, -24], "size": [32, 9, 5], "uv": [0, 161]},
						{"origin": [-17, 10, 23], "size": [32, 9, 2], "uv": [48, 180]},
						{"origin": [-15, 19, 23], "size": [28, 7, 2], "uv": [148, 180]},
						{"origin": [13, 10, 1], "size": [2, 9, 22], "uv": [0, 180]},
						{"origin": [-17, 10, 1], "size": [2, 9, 22], "uv": [0, 180], "mirror": true},
						{"origin": [13, 19, 2], "size": [2, 1, 23], "uv": [112, 213]},
						{"origin": [-17, 19, 2], "size": [2, 1, 23], "uv": [112, 213], "mirror": true},
						{"origin": [13, 20, 3], "size": [2, 1, 22], "uv": [0, 180]},
						{"origin": [-17, 20, 3], "size": [2, 1, 22], "uv": [0, 180], "mirror": true},
						{"origin": [13, 21, 4], "size": [2, 1, 21], "uv": [0, 221]},
						{"origin": [-17, 21, 4], "size": [2, 1, 21], "uv": [0, 221], "mirror": true},
						{"origin": [13, 22, 5], "size": [2, 1, 20], "uv": [25, 220]},
						{"origin": [-17, 22, 5], "size": [2, 1, 20], "uv": [25, 220], "mirror": true},
						{"origin": [13, 23, 6], "size": [2, 1, 19], "uv": [141, 214]},
						{"origin": [-17, 23, 6], "size": [2, 1, 19], "uv": [49, 220], "mirror": true},
						{"origin": [13, 24, 7], "size": [2, 1, 18], "uv": [72, 219]},
						{"origin": [-17, 24, 7], "size": [2, 1, 18], "uv": [72, 219], "mirror": true},
						{"origin": [13, 25, 8], "size": [2, 1, 17], "uv": [94, 218]},
						{"origin": [-17, 25, 8], "size": [2, 1, 17], "uv": [94, 218], "mirror": true}
					]
				},
				{
					"name": "gift0",
					"parent": "sled",
					"pivot": [0, 0, -3],
					"cubes": [
						{"origin": [-14, 10, 4], "size": [8, 9, 8], "uv": [116, 180]},
						{"origin": [-12, 19, 6], "size": [1, 1, 1], "uv": [136, 182]},
						{"origin": [-9, 19, 6], "size": [1, 1, 1], "uv": [136, 182]},
						{"origin": [-12, 20, 7], "size": [1, 1, 1], "uv": [136, 182]},
						{"origin": [-9, 20, 7], "size": [1, 1, 1], "uv": [136, 182]},
						{"origin": [-11, 19, 7], "size": [1, 1, 1], "uv": [136, 182]},
						{"origin": [-10, 19, 7], "size": [1, 1, 1], "uv": [136, 182]},
						{"origin": [-11, 19, 8], "size": [1, 1, 1], "uv": [136, 182]},
						{"origin": [-10, 19, 8], "size": [1, 1, 1], "uv": [136, 182]},
						{"origin": [-12, 20, 8], "size": [1, 1, 1], "uv": [136, 182]},
						{"origin": [-12, 19, 9], "size": [1, 1, 1], "uv": [136, 182]},
						{"origin": [-9, 19, 9], "size": [1, 1, 1], "uv": [136, 182]},
						{"origin": [-9, 20, 8], "size": [1, 1, 1], "uv": [136, 182]}
					]
				},
				{
					"name": "gift10",
					"parent": "sled",
					"pivot": [7, 27.42308, 17],
					"rotation": [10, 15, -10],
					"cubes": [
						{"origin": [3, 18, 13], "size": [8, 9, 8], "uv": [116, 180]},
						{"origin": [5, 27, 15], "size": [1, 1, 1], "uv": [136, 182]},
						{"origin": [8, 27, 15], "size": [1, 1, 1], "uv": [136, 182]},
						{"origin": [5, 28, 16], "size": [1, 1, 1], "uv": [136, 182]},
						{"origin": [8, 28, 16], "size": [1, 1, 1], "uv": [136, 182]},
						{"origin": [6, 27, 16], "size": [1, 1, 1], "uv": [136, 182]},
						{"origin": [7, 27, 16], "size": [1, 1, 1], "uv": [136, 182]},
						{"origin": [6, 27, 17], "size": [1, 1, 1], "uv": [136, 182]},
						{"origin": [7, 27, 17], "size": [1, 1, 1], "uv": [136, 182]},
						{"origin": [5, 28, 17], "size": [1, 1, 1], "uv": [136, 182]},
						{"origin": [5, 27, 18], "size": [1, 1, 1], "uv": [136, 182]},
						{"origin": [8, 27, 18], "size": [1, 1, 1], "uv": [136, 182]},
						{"origin": [8, 28, 17], "size": [1, 1, 1], "uv": [136, 182]}
					]
				},
				{
					"name": "gift7",
					"parent": "sled",
					"pivot": [-10, 26.42308, 12],
					"rotation": [-10, 0, 0],
					"cubes": [
						{"origin": [-14, 17, 8], "size": [8, 9, 8], "uv": [116, 180]},
						{"origin": [-12, 26, 10], "size": [1, 1, 1], "uv": [136, 182]},
						{"origin": [-9, 26, 10], "size": [1, 1, 1], "uv": [136, 182]},
						{"origin": [-12, 27, 11], "size": [1, 1, 1], "uv": [136, 182]},
						{"origin": [-9, 27, 11], "size": [1, 1, 1], "uv": [136, 182]},
						{"origin": [-11, 26, 11], "size": [1, 1, 1], "uv": [136, 182]},
						{"origin": [-10, 26, 11], "size": [1, 1, 1], "uv": [136, 182]},
						{"origin": [-11, 26, 12], "size": [1, 1, 1], "uv": [136, 182]},
						{"origin": [-10, 26, 12], "size": [1, 1, 1], "uv": [136, 182]},
						{"origin": [-12, 27, 12], "size": [1, 1, 1], "uv": [136, 182]},
						{"origin": [-12, 26, 13], "size": [1, 1, 1], "uv": [136, 182]},
						{"origin": [-9, 26, 13], "size": [1, 1, 1], "uv": [136, 182]},
						{"origin": [-9, 27, 12], "size": [1, 1, 1], "uv": [136, 182]}
					]
				},
				{
					"name": "gift8",
					"parent": "sled",
					"pivot": [-2, 26.42308, 11],
					"rotation": [-10, 30, 15],
					"cubes": [
						{"origin": [-6, 17, 7], "size": [8, 9, 8], "uv": [116, 180]},
						{"origin": [-4, 26, 9], "size": [1, 1, 1], "uv": [136, 182]},
						{"origin": [-1, 26, 9], "size": [1, 1, 1], "uv": [136, 182]},
						{"origin": [-4, 27, 10], "size": [1, 1, 1], "uv": [136, 182]},
						{"origin": [-1, 27, 10], "size": [1, 1, 1], "uv": [136, 182]},
						{"origin": [-3, 26, 10], "size": [1, 1, 1], "uv": [136, 182]},
						{"origin": [-2, 26, 10], "size": [1, 1, 1], "uv": [136, 182]},
						{"origin": [-3, 26, 11], "size": [1, 1, 1], "uv": [136, 182]},
						{"origin": [-2, 26, 11], "size": [1, 1, 1], "uv": [136, 182]},
						{"origin": [-4, 27, 11], "size": [1, 1, 1], "uv": [136, 182]},
						{"origin": [-4, 26, 12], "size": [1, 1, 1], "uv": [136, 182]},
						{"origin": [-1, 26, 12], "size": [1, 1, 1], "uv": [136, 182]},
						{"origin": [-1, 27, 11], "size": [1, 1, 1], "uv": [136, 182]}
					]
				},
				{
					"name": "gift9",
					"parent": "sled",
					"pivot": [-2, 25.42308, 17],
					"rotation": [20, 80, 0],
					"cubes": [
						{"origin": [-6, 16, 13], "size": [8, 9, 8], "uv": [116, 180]},
						{"origin": [-4, 25, 15], "size": [1, 1, 1], "uv": [136, 182]},
						{"origin": [-1, 25, 15], "size": [1, 1, 1], "uv": [136, 182]},
						{"origin": [-4, 26, 16], "size": [1, 1, 1], "uv": [136, 182]},
						{"origin": [-1, 26, 16], "size": [1, 1, 1], "uv": [136, 182]},
						{"origin": [-3, 25, 16], "size": [1, 1, 1], "uv": [136, 182]},
						{"origin": [-2, 25, 16], "size": [1, 1, 1], "uv": [136, 182]},
						{"origin": [-3, 25, 17], "size": [1, 1, 1], "uv": [136, 182]},
						{"origin": [-2, 25, 17], "size": [1, 1, 1], "uv": [136, 182]},
						{"origin": [-4, 26, 17], "size": [1, 1, 1], "uv": [136, 182]},
						{"origin": [-4, 25, 18], "size": [1, 1, 1], "uv": [136, 182]},
						{"origin": [-1, 25, 18], "size": [1, 1, 1], "uv": [136, 182]},
						{"origin": [-1, 26, 17], "size": [1, 1, 1], "uv": [136, 182]}
					]
				},
				{
					"name": "gift6",
					"parent": "sled",
					"pivot": [6, 19.42308, 8],
					"cubes": [
						{"origin": [2, 10, 4], "size": [8, 9, 8], "uv": [116, 180]},
						{"origin": [4, 19, 6], "size": [1, 1, 1], "uv": [136, 182]},
						{"origin": [7, 19, 6], "size": [1, 1, 1], "uv": [136, 182]},
						{"origin": [4, 20, 7], "size": [1, 1, 1], "uv": [136, 182]},
						{"origin": [7, 20, 7], "size": [1, 1, 1], "uv": [136, 182]},
						{"origin": [5, 19, 7], "size": [1, 1, 1], "uv": [136, 182]},
						{"origin": [6, 19, 7], "size": [1, 1, 1], "uv": [136, 182]},
						{"origin": [5, 19, 8], "size": [1, 1, 1], "uv": [136, 182]},
						{"origin": [6, 19, 8], "size": [1, 1, 1], "uv": [136, 182]},
						{"origin": [4, 20, 8], "size": [1, 1, 1], "uv": [136, 182]},
						{"origin": [4, 19, 9], "size": [1, 1, 1], "uv": [136, 182]},
						{"origin": [7, 19, 9], "size": [1, 1, 1], "uv": [136, 182]},
						{"origin": [7, 20, 8], "size": [1, 1, 1], "uv": [136, 182]}
					]
				},
				{
					"name": "gift4",
					"parent": "sled",
					"pivot": [8, 0, 4],
					"cubes": [
						{"origin": [-6, 10, 11], "size": [8, 9, 8], "uv": [116, 180]},
						{"origin": [-4, 19, 13], "size": [1, 1, 1], "uv": [136, 182]},
						{"origin": [-1, 19, 13], "size": [1, 1, 1], "uv": [136, 182]},
						{"origin": [-4, 20, 14], "size": [1, 1, 1], "uv": [136, 182]},
						{"origin": [-1, 20, 14], "size": [1, 1, 1], "uv": [136, 182]},
						{"origin": [-3, 19, 14], "size": [1, 1, 1], "uv": [136, 182]},
						{"origin": [-2, 19, 14], "size": [1, 1, 1], "uv": [136, 182]},
						{"origin": [-3, 19, 15], "size": [1, 1, 1], "uv": [136, 182]},
						{"origin": [-2, 19, 15], "size": [1, 1, 1], "uv": [136, 182]},
						{"origin": [-4, 20, 15], "size": [1, 1, 1], "uv": [136, 182]},
						{"origin": [-4, 19, 16], "size": [1, 1, 1], "uv": [136, 182]},
						{"origin": [-1, 19, 16], "size": [1, 1, 1], "uv": [136, 182]},
						{"origin": [-1, 20, 15], "size": [1, 1, 1], "uv": [136, 182]}
					]
				},
				{
					"name": "gift5",
					"parent": "sled",
					"pivot": [6, 19.42308, 15],
					"rotation": [0, 15, -15],
					"cubes": [
						{"origin": [2, 10, 11], "size": [8, 9, 8], "uv": [116, 180]},
						{"origin": [4, 19, 13], "size": [1, 1, 1], "uv": [136, 182]},
						{"origin": [7, 19, 13], "size": [1, 1, 1], "uv": [136, 182]},
						{"origin": [4, 20, 14], "size": [1, 1, 1], "uv": [136, 182]},
						{"origin": [7, 20, 14], "size": [1, 1, 1], "uv": [136, 182]},
						{"origin": [5, 19, 14], "size": [1, 1, 1], "uv": [136, 182]},
						{"origin": [6, 19, 14], "size": [1, 1, 1], "uv": [136, 182]},
						{"origin": [5, 19, 15], "size": [1, 1, 1], "uv": [136, 182]},
						{"origin": [6, 19, 15], "size": [1, 1, 1], "uv": [136, 182]},
						{"origin": [4, 20, 15], "size": [1, 1, 1], "uv": [136, 182]},
						{"origin": [4, 19, 16], "size": [1, 1, 1], "uv": [136, 182]},
						{"origin": [7, 19, 16], "size": [1, 1, 1], "uv": [136, 182]},
						{"origin": [7, 20, 15], "size": [1, 1, 1], "uv": [136, 182]}
					]
				},
				{
					"name": "gift3",
					"parent": "sled",
					"pivot": [-2, 19.42308, 8],
					"rotation": [-15, 0, 0],
					"cubes": [
						{"origin": [-6, 10, 4], "size": [8, 9, 8], "uv": [116, 180]},
						{"origin": [-4, 19, 6], "size": [1, 1, 1], "uv": [136, 182]},
						{"origin": [-1, 19, 6], "size": [1, 1, 1], "uv": [136, 182]},
						{"origin": [-4, 20, 7], "size": [1, 1, 1], "uv": [136, 182]},
						{"origin": [-1, 20, 7], "size": [1, 1, 1], "uv": [136, 182]},
						{"origin": [-3, 19, 7], "size": [1, 1, 1], "uv": [136, 182]},
						{"origin": [-2, 19, 7], "size": [1, 1, 1], "uv": [136, 182]},
						{"origin": [-3, 19, 8], "size": [1, 1, 1], "uv": [136, 182]},
						{"origin": [-2, 19, 8], "size": [1, 1, 1], "uv": [136, 182]},
						{"origin": [-4, 20, 8], "size": [1, 1, 1], "uv": [136, 182]},
						{"origin": [-4, 19, 9], "size": [1, 1, 1], "uv": [136, 182]},
						{"origin": [-1, 19, 9], "size": [1, 1, 1], "uv": [136, 182]},
						{"origin": [-1, 20, 8], "size": [1, 1, 1], "uv": [136, 182]}
					]
				},
				{
					"name": "gift2",
					"parent": "sled",
					"pivot": [-10, 19.42308, 16],
					"rotation": [15, 0, 0],
					"cubes": [
						{"origin": [-14, 10, 12], "size": [8, 9, 8], "uv": [116, 180]},
						{"origin": [-12, 19, 14], "size": [1, 1, 1], "uv": [136, 182]},
						{"origin": [-9, 19, 14], "size": [1, 1, 1], "uv": [136, 182]},
						{"origin": [-12, 20, 15], "size": [1, 1, 1], "uv": [136, 182]},
						{"origin": [-9, 20, 15], "size": [1, 1, 1], "uv": [136, 182]},
						{"origin": [-11, 19, 15], "size": [1, 1, 1], "uv": [136, 182]},
						{"origin": [-10, 19, 15], "size": [1, 1, 1], "uv": [136, 182]},
						{"origin": [-11, 19, 16], "size": [1, 1, 1], "uv": [136, 182]},
						{"origin": [-10, 19, 16], "size": [1, 1, 1], "uv": [136, 182]},
						{"origin": [-12, 20, 16], "size": [1, 1, 1], "uv": [136, 182]},
						{"origin": [-12, 19, 17], "size": [1, 1, 1], "uv": [136, 182]},
						{"origin": [-9, 19, 17], "size": [1, 1, 1], "uv": [136, 182]},
						{"origin": [-9, 20, 16], "size": [1, 1, 1], "uv": [136, 182]}
					]
				},
				{
					"name": "bone",
					"parent": "sled",
					"pivot": [0, 0, -3]
				},
				{
					"name": "bone2",
					"parent": "sled",
					"pivot": [0, 0, -3]
				},
				{
					"name": "bone3",
					"parent": "sled",
					"pivot": [0, 0, -3]
				},
				{
					"name": "bone4",
					"parent": "sled",
					"pivot": [0, 0, -3]
				},
				{
					"name": "bone5",
					"parent": "sled",
					"pivot": [-0.83117, 8.66234, 3.75325]
				}
			]
		}
	]
}