{
	"format_version": "1.12.0",
	"minecraft:geometry": [
		{
			"description": {
				"identifier": "geometry.car_4x4",
				"texture_width": 512,
				"texture_height": 512,
				"visible_bounds_width": 14,
				"visible_bounds_height": 4,
				"visible_bounds_offset": [0, 0, 0]
			},
			"bones": [
				{
					"name": "body",
					"pivot": [0, 10, 0],
					"cubes": [
						{"origin": [-17, 6, 14.64959], "size": [34, 6, 9], "uv": [144, 250]},
						{"origin": [-17, 6, -3.35041], "size": [34, 6, 9], "uv": [144, 250]},
						{"origin": [-2, 7, -14.35041], "size": [4, 6, 20], "uv": [68, 320]},
						{"origin": [2, 11, 3.64959], "size": [12, 12, 2], "pivot": [0, 11, 4.64959], "rotation": [-15, 0, 0], "uv": [30, 349]},
						{"origin": [4, 12, 21.64959], "size": [12, 12, 2], "uv": [30, 349]},
						{"origin": [-14, 11, 3.64959], "size": [12, 12, 2], "pivot": [0, 11, 4.64959], "rotation": [-15, 0, 0], "uv": [30, 349]},
						{"origin": [-16, 12, 21.64959], "size": [12, 12, 2], "uv": [30, 349]},
						{"origin": [-19, 6, -17.35041], "size": [2, 14, 42], "uv": [0, 148]},
						{"origin": [17, 6, -17.35041], "size": [2, 14, 42], "uv": [0, 148], "mirror": true},
						{"origin": [-19, 15, 25.64959], "size": [2, 5, 47], "uv": [98, 89]},
						{"origin": [-20, 15, 31.64959], "size": [1, 2, 35], "uv": [72, 250]},
						{"origin": [19, 15, 31.64959], "size": [1, 2, 35], "uv": [0, 250]},
						{"origin": [-20, 14, 43.64959], "size": [1, 1, 10], "uv": [16, 382]},
						{"origin": [19, 14, 43.64959], "size": [1, 1, 10], "uv": [16, 371]},
						{"origin": [-20, 14, 31.64959], "size": [1, 1, 5], "uv": [84, 399]},
						{"origin": [19, 14, 31.64959], "size": [1, 1, 5], "uv": [84, 393]},
						{"origin": [-20, 14, -38.35041], "size": [40, 1, 17], "uv": [88, 148]},
						{"origin": [-20, 14, 61.64959], "size": [1, 1, 5], "uv": [72, 399]},
						{"origin": [19, 14, 61.64959], "size": [1, 1, 5], "uv": [72, 393]},
						{"origin": [-20, 13, 31.64959], "size": [1, 1, 3], "uv": [130, 401]},
						{"origin": [19, 13, 31.64959], "size": [1, 1, 3], "uv": [130, 397]},
						{"origin": [-20, 13, -38.35041], "size": [40, 1, 3], "uv": [0, 303]},
						{"origin": [-20, 13, -24.35041], "size": [40, 1, 3], "uv": [396, 287]},
						{"origin": [-20, 13, 63.64959], "size": [1, 1, 3], "uv": [130, 393]},
						{"origin": [19, 13, 63.64959], "size": [1, 1, 3], "uv": [122, 401]},
						{"origin": [-20, 12, 31.64959], "size": [1, 1, 2], "uv": [12, 408]},
						{"origin": [19, 12, 31.64959], "size": [1, 1, 2], "uv": [6, 408]},
						{"origin": [-20, 12, -38.35041], "size": [40, 1, 2], "uv": [156, 306]},
						{"origin": [-20, 12, -23.35041], "size": [40, 1, 2], "uv": [156, 303]},
						{"origin": [-20, 3, -22.35041], "size": [40, 9, 1], "uv": [158, 287]},
						{"origin": [-20, 3, -38.35041], "size": [40, 9, 1], "uv": [76, 287]},
						{"origin": [-20, 12, 64.64959], "size": [1, 1, 2], "uv": [0, 408]},
						{"origin": [19, 12, 64.64959], "size": [1, 1, 2], "uv": [144, 393]},
						{"origin": [-20, 13, 45.64959], "size": [1, 1, 6], "uv": [136, 371]},
						{"origin": [19, 13, 45.64959], "size": [1, 1, 6], "uv": [122, 386]},
						{"origin": [-20, 12, 47.64959], "size": [1, 1, 2], "uv": [138, 404]},
						{"origin": [19, 12, 47.64959], "size": [1, 1, 2], "uv": [138, 401]},
						{"origin": [17, 15, 25.64959], "size": [2, 5, 47], "uv": [0, 89]},
						{"origin": [17, 4, 25.64959], "size": [2, 11, 6], "uv": [0, 371]},
						{"origin": [17, 4, 66.64959], "size": [2, 11, 6], "uv": [230, 349]},
						{"origin": [-17, 4, 71.64959], "size": [34, 16, 1], "uv": [86, 303]},
						{"origin": [14, 4, 66.64959], "size": [3, 11, 1], "uv": [16, 393]},
						{"origin": [-17, 4, 66.64959], "size": [3, 11, 1], "uv": [8, 393]},
						{"origin": [14, 15, 30.64959], "size": [3, 1, 37], "uv": [72, 204]},
						{"origin": [14, 4, 31.64959], "size": [1, 11, 35], "uv": [0, 204]},
						{"origin": [-14, 4, 30.64959], "size": [28, 8, 37], "uv": [146, 44]},
						{"origin": [-17, 4, 25.64959], "size": [34, 8, 5], "uv": [318, 287]},
						{"origin": [-17, 4, 67.64959], "size": [34, 8, 4], "uv": [0, 307]},
						{"origin": [-15, 4, 31.64959], "size": [1, 11, 35], "uv": [202, 148]},
						{"origin": [-17, 15, 30.64959], "size": [3, 1, 37], "uv": [88, 166]},
						{"origin": [14, 4, 30.64959], "size": [3, 11, 1], "uv": [0, 393]},
						{"origin": [-17, 4, 30.64959], "size": [3, 11, 1], "uv": [136, 378]},
						{"origin": [-19, 4, 25.64959], "size": [2, 11, 6], "uv": [214, 349]},
						{"origin": [-19, 4, 66.64959], "size": [2, 11, 6], "uv": [198, 349]},
						{"origin": [-19, 15, -39.35041], "size": [38, 3, 22], "uv": [286, 89]},
						{"origin": [-19, 3, -21.35041], "size": [38, 12, 4], "uv": [144, 265]},
						{"origin": [-17, 7.71692, -18.62732], "size": [34, 12, 4], "pivot": [0, 13.71692, -16.62732], "rotation": [25, 0, 0], "uv": [0, 287]},
						{"origin": [-15, 3, -37.35041], "size": [30, 12, 15], "uv": [152, 204]},
						{"origin": [-19, 3, -39.35041], "size": [38, 12, 1], "uv": [240, 287]},
						{"origin": [-19, 3, -46.35041], "size": [38, 14, 7], "uv": [242, 204]},
						{"origin": [-19, 18, -28.35041], "size": [38, 1, 11], "uv": [242, 225]},
						{"origin": [-21, 18, -22.35041], "size": [2, 2, 2], "uv": [122, 397]},
						{"origin": [19, 18, -22.35041], "size": [2, 2, 2], "uv": [122, 393]},
						{"origin": [20.65798, 18, -22.41072], "size": [6, 5, 2], "pivot": [20.65798, 19.5, -21.41072], "rotation": [0, -20, 0], "uv": [74, 378]},
						{"origin": [-26.29614, 18, -20.3586], "size": [6, 5, 2], "pivot": [-26.29614, 19.5, -19.3586], "rotation": [0, 20, 0], "uv": [74, 371]},
						{"origin": [-19, 18.06412, -45.78562], "size": [38, 1, 29], "pivot": [0, 13.06412, -27.78562], "rotation": [5, 0, 0], "uv": [276, 44]},
						{"origin": [-19, 3, 24], "size": [38, 17, 2], "uv": [230, 250]},
						{"origin": [-17, 6, -17.35041], "size": [34, 1, 42], "uv": [312, 0]},
						{"origin": [-17, 5, -17.35041], "size": [34, 1, 42], "uv": [160, 0]},
						{"origin": [-19, 3, -17.35041], "size": [38, 2, 42], "uv": [0, 0]}
					]
				},
				{
					"name": "steer",
					"parent": "body",
					"pivot": [9, 16.85328, -11.12732],
					"cubes": [
						{"origin": [6, 9.71692, -10.62732], "size": [6, 1, 1], "pivot": [1, 13.71692, -16.62732], "rotation": [25, 0, 0], "uv": [98, 393]},
						{"origin": [12, 10.71692, -10.62732], "size": [1, 1, 1], "pivot": [1, 13.71692, -16.62732], "rotation": [25, 0, 0], "uv": [20, 408]},
						{"origin": [13, 11.71692, -10.62732], "size": [1, 4, 1], "pivot": [1, 13.71692, -16.62732], "rotation": [25, 0, 0], "uv": [138, 393]},
						{"origin": [6, 13.71692, -10.62732], "size": [6, 1, 1], "pivot": [1, 13.71692, -16.62732], "rotation": [25, 0, 0], "uv": [98, 393]},
						{"origin": [6, 12.71692, -10.62732], "size": [6, 1, 1], "pivot": [1, 13.71692, -16.62732], "rotation": [25, 0, 0], "uv": [98, 393]},
						{"origin": [8, 12.71692, -12.62732], "size": [2, 2, 1], "pivot": [1, 13.71692, -16.62732], "rotation": [25, 0, 0], "uv": [138, 398]},
						{"origin": [6, 13.71692, -11.62732], "size": [6, 1, 1], "pivot": [1, 13.71692, -16.62732], "rotation": [25, 0, 0], "uv": [98, 393]},
						{"origin": [6, 12.71692, -11.62732], "size": [6, 1, 1], "pivot": [1, 13.71692, -16.62732], "rotation": [25, 0, 0], "uv": [98, 393]},
						{"origin": [8, 12.71692, -15.62732], "size": [2, 2, 3], "pivot": [1, 13.71692, -16.62732], "rotation": [25, 0, 0], "uv": [112, 393]},
						{"origin": [12, 15.71692, -10.62732], "size": [1, 1, 1], "pivot": [1, 13.71692, -16.62732], "rotation": [25, 0, 0], "uv": [20, 408]},
						{"origin": [6, 16.71692, -10.62732], "size": [6, 1, 1], "pivot": [1, 13.71692, -16.62732], "rotation": [25, 0, 0], "uv": [98, 393]},
						{"origin": [12, 13.71692, -10.62732], "size": [1, 1, 1], "pivot": [1, 13.71692, -16.62732], "rotation": [25, 0, 0], "uv": [20, 408]},
						{"origin": [5, 13.71692, -10.62732], "size": [1, 1, 1], "pivot": [1, 13.71692, -16.62732], "rotation": [25, 0, 0], "uv": [20, 408]},
						{"origin": [4, 11.71692, -10.62732], "size": [1, 4, 1], "pivot": [1, 13.71692, -16.62732], "rotation": [25, 0, 0], "uv": [138, 393]},
						{"origin": [5, 15.71692, -10.62732], "size": [1, 1, 1], "pivot": [1, 13.71692, -16.62732], "rotation": [25, 0, 0], "uv": [20, 408]},
						{"origin": [5, 10.71692, -10.62732], "size": [1, 1, 1], "pivot": [1, 13.71692, -16.62732], "rotation": [25, 0, 0], "uv": [20, 408]}
					]
				},
				{
					"name": "top",
					"parent": "body",
					"pivot": [-2, 28.63192, -12.35041],
					"cubes": [
						{"origin": [17, 34, -9], "size": [2, 2, 13], "uv": [0, 349]},
						{"origin": [17, 34, 6], "size": [2, 2, 18], "uv": [156, 320]},
						{"origin": [-19, 36, -9], "size": [38, 1, 35], "uv": [0, 44]},
						{"origin": [-19, 34.78421, -14.90207], "size": [38, 4, 1], "pivot": [-2, 29.78421, -14.40207], "rotation": [-40, 0, 0], "uv": [156, 309]},
						{"origin": [-19, 34, -9], "size": [2, 2, 13], "uv": [262, 320]},
						{"origin": [-19, 34, 6], "size": [2, 2, 18], "uv": [116, 320]},
						{"origin": [-19, 20, 4], "size": [1, 16, 2], "uv": [68, 371]},
						{"origin": [-19, 20, 24], "size": [1, 16, 2], "uv": [62, 371]},
						{"origin": [-19, 20, 26], "size": [2, 16, 6], "uv": [134, 349]},
						{"origin": [-18, 20, 32], "size": [0, 16, 13], "uv": [236, 320]},
						{"origin": [18, 20, 32], "size": [0, 16, 13], "uv": [236, 320]},
						{"origin": [17, 20, 26], "size": [2, 16, 6], "uv": [118, 349]},
						{"origin": [-19, 14.94328, 36.84417], "size": [2, 21, 1], "pivot": [-18, 27.94328, 34.84417], "rotation": [40, 0, 0], "uv": [44, 371]},
						{"origin": [17, 14.94328, 36.84417], "size": [2, 21, 1], "pivot": [18, 27.94328, 34.84417], "rotation": [40, 0, 0], "uv": [38, 371]},
						{"origin": [-19, 18.48848, -22.74727], "size": [2, 8, 2], "pivot": [-2, 19.48848, -22.24727], "rotation": [-35, 0, 0], "uv": [64, 393]},
						{"origin": [17, 23.78421, -13.90207], "size": [2, 14, 1], "pivot": [2, 29.78421, -14.40207], "rotation": [-40, 0, 0], "uv": [122, 371]},
						{"origin": [-19, 23.78421, -13.90207], "size": [2, 14, 1], "pivot": [2, 29.78421, -14.40207], "rotation": [-40, 0, 0], "uv": [116, 371]},
						{"origin": [17, 26.82563, -23.25831], "size": [2, 11, 1], "pivot": [2, 19.82563, -22.75831], "rotation": [-40, 0, 0], "uv": [58, 393]},
						{"origin": [-19, 26.82563, -23.25831], "size": [2, 11, 1], "pivot": [2, 19.82563, -22.75831], "rotation": [-40, 0, 0], "uv": [52, 393]},
						{"origin": [17, 18.48848, -22.74727], "size": [2, 8, 2], "pivot": [2, 19.48848, -22.24727], "rotation": [-35, 0, 0], "uv": [44, 393]},
						{"origin": [-17, 19.20399, -22.42127], "size": [34, 7, 0], "pivot": [2, 19.20399, -22.92127], "rotation": [-35, 0, 0], "uv": [0, 334]},
						{"origin": [18, 20, 4], "size": [1, 16, 2], "uv": [56, 371]},
						{"origin": [18, 20, 24], "size": [1, 16, 2], "uv": [50, 371]},
						{"origin": [10, 20, 24], "size": [8, 16, 2], "uv": [98, 349]},
						{"origin": [-18, 20, 24], "size": [8, 16, 2], "uv": [78, 349]}
					]
				},
				{
					"name": "glass",
					"parent": "top",
					"pivot": [0, -9, 0],
					"cubes": [
						{"origin": [18.5, 20, -21], "size": [0, 14, 45], "uv": [196, 89]},
						{"origin": [-18.5, 20, -21], "size": [0, 14, 45], "uv": [196, 89]},
						{"origin": [18.5, 22.48848, -20.74727], "size": [0, 4, 1], "pivot": [2, 19.48848, -22.24727], "rotation": [-35, 0, 0], "uv": [18, 408]},
						{"origin": [-18.5, 22.48848, -20.74727], "size": [0, 4, 1], "pivot": [-35, 19.48848, -22.24727], "rotation": [-35, 0, 0], "uv": [18, 408]},
						{"origin": [18.5, 23.78421, -12.90207], "size": [0, 14, 1], "pivot": [2, 29.78421, -14.40207], "rotation": [-40, 0, 0], "uv": [96, 393]},
						{"origin": [-18.5, 23.78421, -12.90207], "size": [0, 14, 1], "pivot": [-35, 29.78421, -14.40207], "rotation": [-40, 0, 0], "uv": [96, 393]},
						{"origin": [-17, 21.63192, -14.5], "size": [34, 14, 0], "pivot": [-2, 28.63192, -12.35041], "rotation": [-40, 0, 0], "uv": [0, 320]},
						{"origin": [-10, 20, 25], "size": [20, 16, 0], "uv": [196, 320]}
					]
				},
				{
					"name": "leg0",
					"pivot": [0, 7, -30],
					"cubes": [
						{"origin": [15, 5, -37], "size": [4, 4, 1], "uv": [98, 400]},
						{"origin": [-19, 5, -37], "size": [4, 4, 1], "uv": [98, 400]},
						{"origin": [15, 5, -24], "size": [4, 4, 1], "uv": [98, 395]},
						{"origin": [-19, 5, -24], "size": [4, 4, 1], "uv": [98, 395]},
						{"origin": [15, 3, -36], "size": [4, 8, 1], "uv": [34, 393]},
						{"origin": [-19, 3, -36], "size": [4, 8, 1], "uv": [34, 393]},
						{"origin": [15, 3, -25], "size": [4, 8, 1], "uv": [24, 393]},
						{"origin": [-19, 3, -25], "size": [4, 8, 1], "uv": [24, 393]},
						{"origin": [15, 2, -35], "size": [4, 10, 1], "uv": [106, 371]},
						{"origin": [-19, 2, -35], "size": [4, 10, 1], "uv": [106, 371]},
						{"origin": [16, 2, -34], "size": [2, 10, 8], "uv": [58, 349]},
						{"origin": [-18, 2, -34], "size": [2, 10, 8], "uv": [58, 349]},
						{"origin": [15, 2, -26], "size": [4, 10, 1], "uv": [90, 376]},
						{"origin": [-19, 2, -26], "size": [4, 10, 1], "uv": [90, 376]},
						{"origin": [15, 10, -27], "size": [4, 1, 1], "uv": [112, 404]},
						{"origin": [-19, 10, -27], "size": [4, 1, 1], "uv": [112, 404]},
						{"origin": [15, 3, -27], "size": [4, 1, 1], "uv": [112, 402]},
						{"origin": [-19, 3, -27], "size": [4, 1, 1], "uv": [112, 402]},
						{"origin": [15, 10, -34], "size": [4, 1, 1], "uv": [112, 400]},
						{"origin": [-19, 10, -34], "size": [4, 1, 1], "uv": [112, 400]},
						{"origin": [15, 3, -34], "size": [4, 1, 1], "uv": [112, 398]},
						{"origin": [-19, 3, -34], "size": [4, 1, 1], "uv": [112, 398]},
						{"origin": [15, 11, -34], "size": [4, 1, 8], "uv": [174, 358]},
						{"origin": [-19, 11, -34], "size": [4, 1, 8], "uv": [174, 358]},
						{"origin": [15, 2, -34], "size": [4, 1, 8], "uv": [174, 349]},
						{"origin": [-19, 2, -34], "size": [4, 1, 8], "uv": [174, 349]},
						{"origin": [15, 12, -34], "size": [4, 1, 8], "uv": [150, 358]},
						{"origin": [-19, 12, -34], "size": [4, 1, 8], "uv": [150, 358]},
						{"origin": [15, 1, -34], "size": [4, 1, 8], "uv": [150, 349]},
						{"origin": [-19, 1, -34], "size": [4, 1, 8], "uv": [150, 349]},
						{"origin": [15, 13, -32], "size": [4, 1, 4], "uv": [90, 371]},
						{"origin": [-19, 13, -32], "size": [4, 1, 4], "uv": [90, 371]},
						{"origin": [15, 0, -32], "size": [4, 1, 4], "uv": [74, 385]},
						{"origin": [-19, 0, -32], "size": [4, 1, 4], "uv": [74, 385]}
					]
				},
				{
					"name": "leg1",
					"pivot": [0, 7, 40],
					"cubes": [
						{"origin": [15, 5, 33], "size": [4, 4, 1], "uv": [98, 400]},
						{"origin": [-19, 5, 33], "size": [4, 4, 1], "uv": [98, 400]},
						{"origin": [15, 5, 46], "size": [4, 4, 1], "uv": [98, 395]},
						{"origin": [-19, 5, 46], "size": [4, 4, 1], "uv": [98, 395]},
						{"origin": [15, 3, 34], "size": [4, 8, 1], "uv": [34, 393]},
						{"origin": [-19, 3, 34], "size": [4, 8, 1], "uv": [34, 393]},
						{"origin": [15, 3, 45], "size": [4, 8, 1], "uv": [24, 393]},
						{"origin": [-19, 3, 45], "size": [4, 8, 1], "uv": [24, 393]},
						{"origin": [15, 2, 35], "size": [4, 10, 1], "uv": [106, 371]},
						{"origin": [-19, 2, 35], "size": [4, 10, 1], "uv": [106, 371]},
						{"origin": [16, 2, 36], "size": [2, 10, 8], "uv": [58, 349]},
						{"origin": [-18, 2, 36], "size": [2, 10, 8], "uv": [58, 349]},
						{"origin": [15, 2, 44], "size": [4, 10, 1], "uv": [90, 376]},
						{"origin": [-19, 2, 44], "size": [4, 10, 1], "uv": [90, 376]},
						{"origin": [15, 10, 43], "size": [4, 1, 1], "uv": [112, 404]},
						{"origin": [-19, 10, 43], "size": [4, 1, 1], "uv": [112, 404]},
						{"origin": [15, 3, 43], "size": [4, 1, 1], "uv": [112, 402]},
						{"origin": [-19, 3, 43], "size": [4, 1, 1], "uv": [112, 402]},
						{"origin": [15, 10, 36], "size": [4, 1, 1], "uv": [112, 400]},
						{"origin": [-19, 10, 36], "size": [4, 1, 1], "uv": [112, 400]},
						{"origin": [15, 3, 36], "size": [4, 1, 1], "uv": [112, 398]},
						{"origin": [-19, 3, 36], "size": [4, 1, 1], "uv": [112, 398]},
						{"origin": [15, 11, 36], "size": [4, 1, 8], "uv": [174, 358]},
						{"origin": [-19, 11, 36], "size": [4, 1, 8], "uv": [174, 358]},
						{"origin": [15, 2, 36], "size": [4, 1, 8], "uv": [174, 349]},
						{"origin": [-19, 2, 36], "size": [4, 1, 8], "uv": [174, 349]},
						{"origin": [15, 12, 36], "size": [4, 1, 8], "uv": [150, 358]},
						{"origin": [-19, 12, 36], "size": [4, 1, 8], "uv": [150, 358]},
						{"origin": [15, 1, 36], "size": [4, 1, 8], "uv": [150, 349]},
						{"origin": [-19, 1, 36], "size": [4, 1, 8], "uv": [150, 349]},
						{"origin": [15, 13, 38], "size": [4, 1, 4], "uv": [90, 371]},
						{"origin": [-19, 13, 38], "size": [4, 1, 4], "uv": [90, 371]},
						{"origin": [15, 0, 38], "size": [4, 1, 4], "uv": [74, 385]},
						{"origin": [-19, 0, 38], "size": [4, 1, 4], "uv": [74, 385]}
					]
				},
				{
					"name": "leg2",
					"pivot": [0, 7, 58],
					"cubes": [
						{"origin": [15, 5, 51], "size": [4, 4, 1], "uv": [98, 400]},
						{"origin": [-19, 5, 51], "size": [4, 4, 1], "uv": [98, 400]},
						{"origin": [15, 5, 64], "size": [4, 4, 1], "uv": [98, 395]},
						{"origin": [-19, 5, 64], "size": [4, 4, 1], "uv": [98, 395]},
						{"origin": [15, 3, 52], "size": [4, 8, 1], "uv": [34, 393]},
						{"origin": [-19, 3, 52], "size": [4, 8, 1], "uv": [34, 393]},
						{"origin": [15, 3, 63], "size": [4, 8, 1], "uv": [24, 393]},
						{"origin": [-19, 3, 63], "size": [4, 8, 1], "uv": [24, 393]},
						{"origin": [15, 2, 53], "size": [4, 10, 1], "uv": [106, 371]},
						{"origin": [-19, 2, 53], "size": [4, 10, 1], "uv": [106, 371]},
						{"origin": [16, 2, 54], "size": [2, 10, 8], "uv": [58, 349]},
						{"origin": [-18, 2, 54], "size": [2, 10, 8], "uv": [58, 349]},
						{"origin": [15, 2, 62], "size": [4, 10, 1], "uv": [90, 376]},
						{"origin": [-19, 2, 62], "size": [4, 10, 1], "uv": [90, 376]},
						{"origin": [15, 10, 61], "size": [4, 1, 1], "uv": [112, 404]},
						{"origin": [-19, 10, 61], "size": [4, 1, 1], "uv": [112, 404]},
						{"origin": [15, 3, 61], "size": [4, 1, 1], "uv": [112, 402]},
						{"origin": [-19, 3, 61], "size": [4, 1, 1], "uv": [112, 402]},
						{"origin": [15, 10, 54], "size": [4, 1, 1], "uv": [112, 400]},
						{"origin": [-19, 10, 54], "size": [4, 1, 1], "uv": [112, 400]},
						{"origin": [15, 3, 54], "size": [4, 1, 1], "uv": [112, 398]},
						{"origin": [-19, 3, 54], "size": [4, 1, 1], "uv": [112, 398]},
						{"origin": [15, 11, 54], "size": [4, 1, 8], "uv": [174, 358]},
						{"origin": [-19, 11, 54], "size": [4, 1, 8], "uv": [174, 358]},
						{"origin": [15, 2, 54], "size": [4, 1, 8], "uv": [174, 349]},
						{"origin": [-19, 2, 54], "size": [4, 1, 8], "uv": [174, 349]},
						{"origin": [15, 12, 54], "size": [4, 1, 8], "uv": [150, 358]},
						{"origin": [-19, 12, 54], "size": [4, 1, 8], "uv": [150, 358]},
						{"origin": [15, 1, 54], "size": [4, 1, 8], "uv": [150, 349]},
						{"origin": [-19, 1, 54], "size": [4, 1, 8], "uv": [150, 349]},
						{"origin": [15, 13, 56], "size": [4, 1, 4], "uv": [90, 371]},
						{"origin": [-19, 13, 56], "size": [4, 1, 4], "uv": [90, 371]},
						{"origin": [15, 0, 56], "size": [4, 1, 4], "uv": [74, 385]},
						{"origin": [-19, 0, 56], "size": [4, 1, 4], "uv": [74, 385]}
					]
				}
			]
		}
	]
}