{
	"format_version": "1.12.0",
	"minecraft:geometry": [
		{
			"description": {
				"identifier": "geometry.car",
				"texture_width": 1024,
				"texture_height": 512,
				"visible_bounds_width": 6,
				"visible_bounds_height": 2,
				"visible_bounds_offset": [0, 1, 0]
			},
			"bones": [
				{
					"name": "car",
					"pivot": [0, 0, 2]
				},
				{
					"name": "body",
					"parent": "car",
					"pivot": [0, 12.20833, 3.04167],
					"cubes": [
						{"origin": [-18, 2.5, -35.5], "size": [36, 13, 19], "uv": [915, 195]},
						{"origin": [-18, 2.5, -36.5], "size": [36, 3, 1], "uv": [681, 487]},
						{"origin": [-18, 2.5, 39.5], "size": [36, 3, 1], "uv": [681, 487]},
						{"origin": [-18, 2.5, 40.5], "size": [36, 1, 1], "uv": [681, 487]},
						{"origin": [-18, 2.5, -37.5], "size": [36, 1, 1], "uv": [681, 487]},
						{"origin": [-18, 3.5, 40.5], "size": [36, 1, 1], "uv": [681, 487]},
						{"origin": [-18, 3.5, -37.5], "size": [36, 1, 1], "uv": [681, 487]},
						{"origin": [-18, 2.5, -16.5], "size": [36, 1, 37], "uv": [0, 75]},
						{"origin": [-18, 32, -10.5], "size": [36, 1, 28], "uv": [0, 75]},
						{"origin": [16, 15.5, 0.5], "size": [2, 17, 2], "uv": [0, 75]},
						{"origin": [-17, 15.5, -21.5], "size": [0, 17, 49], "uv": [765, 233]},
						{"origin": [17, 15.5, -21.5], "size": [0, 17, 49], "uv": [765, 233]},
						{"origin": [-18, 15.5, 0.5], "size": [2, 17, 2], "uv": [0, 75]},
						{"origin": [-18, 3.5, -16.5], "size": [2, 12, 37], "uv": [0, 74]},
						{"origin": [-23, 15.5, -18.5], "size": [5, 4, 2], "uv": [374, 0]},
						{"origin": [18, 15.5, -18.5], "size": [5, 4, 2], "uv": [374, 0]},
						{"origin": [-18, 2.5, -34.5], "size": [3, 10, 14], "uv": [828, 468]},
						{"origin": [-18, 2.5, 24.5], "size": [3, 10, 14], "uv": [829, 438]},
						{"origin": [15, 2.5, -34.5], "size": [3, 10, 14], "uv": [830, 410]},
						{"origin": [15, 2.5, 24.5], "size": [3, 10, 14], "uv": [831, 380]},
						{"origin": [2, 3.5, -8.5], "size": [12, 6, 10], "uv": [824, 493]},
						{"origin": [-14, 3.5, -8.5], "size": [12, 6, 10], "uv": [824, 493]},
						{"origin": [-16, 3.5, 8.5], "size": [16, 6, 10], "uv": [768, 411]},
						{"origin": [0, 3.5, 8.5], "size": [16, 6, 10], "uv": [768, 411]},
						{"origin": [16, 3.5, -16.5], "size": [2, 12, 37], "uv": [0, 0]},
						{"origin": [17, 12.5, -5.5], "size": [2, 2, 4], "uv": [900, 430]},
						{"origin": [-19, 12.5, -5.5], "size": [2, 2, 4], "uv": [900, 430]},
						{"origin": [17, 12.5, 15.5], "size": [2, 2, 4], "uv": [900, 430]},
						{"origin": [-19, 12.5, 15.5], "size": [2, 2, 4], "uv": [900, 430]},
						{"origin": [-18, 2.5, 20.5], "size": [36, 13, 19], "uv": [914, 163]},
						{"origin": [-4, 6.5, 39], "size": [8, 2, 1], "uv": [735, 494]},
						{"origin": [-4, 6, -36], "size": [8, 2, 1], "uv": [735, 494]}
					]
				},
				{
					"name": "body0",
					"parent": "car",
					"pivot": [0, 16, -17],
					"rotation": [-25, 0, 0],
					"cubes": [
						{"origin": [-18, 14.1, -18.5], "size": [2, 20, 1], "uv": [0, 75]},
						{"origin": [16, 14.1, -18.5], "size": [2, 20, 1], "uv": [0, 75]},
						{"origin": [-16, 32.1, -18.5], "size": [32, 2, 1], "uv": [0, 75]},
						{"origin": [-16, 16.1, -18.5], "size": [32, 16, 0], "uv": [787, 238]},
						{"origin": [-16, 14.1, -18.5], "size": [32, 2, 1], "uv": [0, 75]}
					]
				},
				{
					"name": "body1",
					"parent": "car",
					"pivot": [0, 15, 21],
					"rotation": [25, 0, 0],
					"cubes": [
						{"origin": [16, 12.7927, 24.43505], "size": [2, 20, 1], "uv": [0, 100]},
						{"origin": [-18, 12.7927, 24.43505], "size": [2, 20, 1], "uv": [0, 100]},
						{"origin": [-18, 14, 22.5], "size": [2, 19, 2], "uv": [0, 100]},
						{"origin": [16, 14, 22.5], "size": [2, 19, 2], "uv": [0, 100]},
						{"origin": [-16, 30.5, 24.5], "size": [32, 2, 1], "uv": [0, 100]},
						{"origin": [-16, 14.5, 25.5], "size": [32, 16, 0], "uv": [768, 317]},
						{"origin": [-16, 12.5, 24.5], "size": [32, 2, 1], "uv": [0, 100]}
					]
				},
				{
					"name": "body2",
					"parent": "car",
					"pivot": [0, 11.5, 2.5],
					"rotation": [-15, 0, 0],
					"cubes": [
						{"origin": [-16, 12.5, 15.5], "size": [32, 10, 1], "uv": [763, 393]},
						{"origin": [-15, 22.5, 15.5], "size": [30, 1, 1], "uv": [767, 387]},
						{"origin": [-14, 23.5, 15.5], "size": [28, 1, 1], "uv": [769, 382]},
						{"origin": [2, 8.5, 0.5], "size": [12, 10, 1], "uv": [796, 496]},
						{"origin": [-14, 8.5, 0.5], "size": [12, 10, 1], "uv": [796, 496]},
						{"origin": [3, 18.5, 0.5], "size": [10, 1, 1], "uv": [798, 492]},
						{"origin": [-13, 18.5, 0.5], "size": [10, 1, 1], "uv": [798, 492]},
						{"origin": [4, 19.5, 0.5], "size": [8, 1, 1], "uv": [801, 488]},
						{"origin": [-12, 19.5, 0.5], "size": [8, 1, 1], "uv": [801, 488]}
					]
				},
				{
					"name": "dashboard0",
					"parent": "car",
					"pivot": [0, 9, -16],
					"rotation": [-25, 0, 0],
					"cubes": [
						{"origin": [-16, 11.5, -19.5], "size": [32, 3, 8], "uv": [765, 361]},
						{"origin": [11, 15.5, -18.5], "size": [1, 1, 6], "uv": [987, 450]},
						{"origin": [4, 15.5, -18.5], "size": [1, 1, 6], "uv": [987, 450]},
						{"origin": [5, 15.5, -12.5], "size": [6, 1, 1], "uv": [987, 450]},
						{"origin": [5, 15.5, -19.5], "size": [6, 1, 1], "uv": [987, 450]},
						{"origin": [7, 14.5, -16.5], "size": [2, 2, 2], "uv": [987, 450]},
						{"origin": [7, 12.5, -16.5], "size": [2, 2, 2], "uv": [0, 75]},
						{"origin": [9, 15.5, -16.5], "size": [2, 1, 2], "uv": [987, 450]},
						{"origin": [5, 15.5, -16.5], "size": [2, 1, 2], "uv": [987, 450]}
					]
				},
				{
					"name": "leg0",
					"parent": "car",
					"pivot": [0, 5.5, -27.5],
					"cubes": [
						{"origin": [-18, 1, -31], "size": [2, 1, 7], "uv": [969, 438]},
						{"origin": [-18, 0, -30], "size": [2, 1, 5], "uv": [969, 438]},
						{"origin": [16, 0, -30], "size": [2, 1, 5], "uv": [977, 440]},
						{"origin": [-18, 10, -30], "size": [2, 1, 5], "uv": [969, 438]},
						{"origin": [16, 10, -30], "size": [2, 1, 5], "uv": [977, 440]},
						{"origin": [-18, 9, -31], "size": [2, 1, 7], "uv": [969, 438]},
						{"origin": [-18, 2, -31], "size": [2, 7, 7], "uv": [957, 480], "mirror": true},
						{"origin": [-18, 2, -32], "size": [2, 7, 1], "uv": [969, 438]},
						{"origin": [-18, 3, -33], "size": [2, 5, 1], "uv": [969, 438]},
						{"origin": [16, 3, -33], "size": [2, 5, 1], "uv": [977, 440]},
						{"origin": [-18, 3, -23], "size": [2, 5, 1], "uv": [969, 438]},
						{"origin": [16, 3, -23], "size": [2, 5, 1], "uv": [977, 440]},
						{"origin": [-18, 2, -24], "size": [2, 7, 1], "uv": [969, 438]},
						{"origin": [16, 1, -31], "size": [2, 1, 7], "uv": [977, 440]},
						{"origin": [16, 9, -31], "size": [2, 1, 7], "uv": [977, 440]},
						{"origin": [16, 2, -31], "size": [2, 7, 7], "uv": [957, 480]},
						{"origin": [16, 2, -32], "size": [2, 7, 1], "uv": [977, 440]},
						{"origin": [16, 2, -24], "size": [2, 7, 1], "uv": [977, 440]}
					]
				},
				{
					"name": "leg1",
					"parent": "car",
					"pivot": [0, 5.5, 31.5],
					"cubes": [
						{"origin": [-18, 1, 28], "size": [2, 1, 7], "uv": [1008, 506]},
						{"origin": [-18, 0, 29], "size": [2, 1, 5], "uv": [1008, 506]},
						{"origin": [16, 0, 29], "size": [2, 1, 5], "uv": [1008, 506]},
						{"origin": [-18, 10, 29], "size": [2, 1, 5], "uv": [1008, 506]},
						{"origin": [16, 10, 29], "size": [2, 1, 5], "uv": [1008, 506]},
						{"origin": [-18, 9, 28], "size": [2, 1, 7], "uv": [1008, 506]},
						{"origin": [-18, 2, 28], "size": [2, 7, 7], "uv": [966, 480]},
						{"origin": [-18, 2, 27], "size": [2, 7, 1], "uv": [1008, 506]},
						{"origin": [-18, 3, 26], "size": [2, 5, 1], "uv": [1008, 506]},
						{"origin": [16, 3, 26], "size": [2, 5, 1], "uv": [1008, 506]},
						{"origin": [-18, 3, 36], "size": [2, 5, 1], "uv": [1008, 506]},
						{"origin": [16, 3, 36], "size": [2, 5, 1], "uv": [1008, 506]},
						{"origin": [-18, 2, 35], "size": [2, 7, 1], "uv": [1008, 506]},
						{"origin": [16, 1, 28], "size": [2, 1, 7], "uv": [1008, 506]},
						{"origin": [16, 9, 28], "size": [2, 1, 7], "uv": [1008, 506]},
						{"origin": [16, 2, 28], "size": [2, 7, 7], "uv": [957, 480]},
						{"origin": [16, 2, 27], "size": [2, 7, 1], "uv": [1008, 506]},
						{"origin": [16, 2, 35], "size": [2, 7, 1], "uv": [1008, 506]}
					]
				}
			]
		}
	]
}