{
	"format_version": "1.12.0",
	"minecraft:geometry": [
		{
			"description": {
				"identifier": "geometry.corolla",
				"texture_width": 256,
				"texture_height": 256,
				"visible_bounds_width": 5,
				"visible_bounds_height": 3,
				"visible_bounds_offset": [0, 1.5, 0]
			},
			"bones": [
				{
					"name": "corolla",
					"pivot": [0, 0, 0]
				},
				{
					"name": "body",
					"parent": "corolla",
					"pivot": [0.46154, 11.25385, -2.74872],
					"cubes": [
						{"origin": [-18, 4, -23], "size": [36, 1, 33], "uv": [0, 0]},
						{"origin": [-18, 29.3, -13], "size": [36, 1, 25], "uv": [134, 121]},
						{"origin": [-18, 5, 9.5], "size": [6, 10, 17], "inflate": 0.01, "uv": [0, 34]},
						{"origin": [12, 5, 9.5], "size": [6, 10, 17], "uv": [0, 34], "mirror": true},
						{"origin": [-12, 4, -40], "size": [24, 1, 17], "uv": [79, 95]},
						{"origin": [-12, 4, 10], "size": [24, 1, 17], "uv": [79, 63]},
						{"origin": [-18, 4, 28], "size": [36, 1, 3], "uv": [80, 81]},
						{"origin": [-18, 6, -51], "size": [36, 1, 3], "uv": [80, 81]},
						{"origin": [-18, 5, 28], "size": [36, 1, 3], "uv": [80, 81]},
						{"origin": [-18, 9, 28], "size": [36, 1, 3], "uv": [80, 81]},
						{"origin": [-18, 7, -51], "size": [36, 1, 3], "uv": [80, 81]},
						{"origin": [-18, 8, 28], "size": [36, 1, 3], "uv": [80, 85]},
						{"origin": [-18, 7, 28], "size": [36, 1, 3], "uv": [80, 89]},
						{"origin": [-18, 6, 28], "size": [36, 1, 3], "uv": [81, 124]},
						{"origin": [-18, 4, 26], "size": [36, 1, 3], "uv": [80, 81]},
						{"origin": [-18, 4, -50], "size": [36, 1, 10], "uv": [164, 110]},
						{"origin": [-18, 5, -42], "size": [36, 10, 20], "uv": [144, 48]},
						{"origin": [12, 4, -42], "size": [6, 10, 20], "inflate": -0.1, "uv": [0, 148]},
						{"origin": [-18, 4, -42], "size": [6, 10, 20], "inflate": -0.1, "uv": [0, 148], "mirror": true},
						{"origin": [-18, 5, -50], "size": [36, 9, 8], "uv": [168, 31]},
						{"origin": [-16, 9, -22], "size": [32, 8, 3], "uv": [89, 113]},
						{"origin": [6, 11, -17], "size": [6, 6, 0], "uv": [17, 0]},
						{"origin": [8, 13, -19], "size": [2, 2, 3], "uv": [7, 0]},
						{"origin": [-18, 5, 10], "size": [36, 12, 20], "uv": [144, 78]},
						{"origin": [-10, 10.6, 31.3], "size": [20, 4, 0], "inflate": -1.2, "uv": [207, 251]},
						{"origin": [-17, 16, -28], "size": [0, 14, 48], "uv": [88, 172]},
						{"origin": [17, 16, -28], "size": [0, 14, 48], "uv": [88, 172], "mirror": true},
						{"origin": [-14, 5, 0], "size": [28, 5, 10], "uv": [180, 157]},
						{"origin": [-14, 10, 8], "size": [28, 8, 2], "uv": [180, 147]},
						{"origin": [-12, 16, 8], "size": [6, 6, 2], "uv": [240, 147]},
						{"origin": [-12, 16, -8], "size": [6, 6, 2], "uv": [240, 147]},
						{"origin": [6, 16, 8], "size": [6, 6, 2], "uv": [240, 147]},
						{"origin": [6, 16, -8], "size": [6, 6, 2], "uv": [240, 147]},
						{"origin": [-14, 10, -8], "size": [10, 8, 2], "uv": [156, 162]},
						{"origin": [4, 10, -8], "size": [10, 8, 2], "uv": [156, 162]},
						{"origin": [4, 5, -16], "size": [10, 5, 10], "uv": [150, 147]},
						{"origin": [-14, 5, -16], "size": [10, 5, 10], "uv": [150, 147]},
						{"origin": [-18, 5, -22], "size": [2, 12, 32], "uv": [0, 60]},
						{"origin": [16, 5, -22], "size": [2, 12, 32], "uv": [0, 60], "mirror": true}
					]
				},
				{
					"name": "front",
					"parent": "corolla",
					"pivot": [0, 23, -24],
					"rotation": [-50, 0, 0],
					"cubes": [
						{"origin": [-18, 14, -22.6], "size": [2, 22, 1], "inflate": -0.01, "uv": [6, 5]},
						{"origin": [-16, 14, -22.6], "size": [32, 22, 0], "inflate": -0.01, "uv": [0, 178]},
						{"origin": [16, 14, -22.6], "size": [2, 22, 1], "inflate": -0.01, "uv": [6, 5], "mirror": true}
					]
				},
				{
					"name": "back",
					"parent": "corolla",
					"pivot": [0, 23, -24],
					"rotation": [30, 0, 0],
					"cubes": [
						{"origin": [-18, -5.14733, 9.7], "size": [2, 16.4, 1], "inflate": -0.01, "uv": [0, 0]},
						{"origin": [16, -5.14733, 9.7], "size": [2, 16.4, 1], "uv": [0, 0], "mirror": true}
					]
				},
				{
					"name": "mirror",
					"parent": "corolla",
					"pivot": [0, 16, -23],
					"rotation": [5, 0, 0],
					"cubes": [
						{"origin": [-18, 15, -50], "size": [36, 2, 28], "inflate": -0.001, "uv": [106, 0]},
						{"origin": [-22, 15, -28], "size": [4, 5, 1], "inflate": -0.001, "uv": [246, 0]},
						{"origin": [18, 15, -28], "size": [4, 5, 1], "inflate": -0.001, "uv": [246, 0]}
					]
				},
				{
					"name": "leg0",
					"parent": "corolla",
					"pivot": [0, 6, -31],
					"cubes": [
						{"origin": [-17, 2, -35], "size": [5, 8, 8], "uv": [0, 240]},
						{"origin": [12, 2, -35], "size": [5, 8, 8], "uv": [0, 240], "mirror": true},
						{"origin": [-17, 10, -35], "size": [5, 1, 8], "uv": [12, 231]},
						{"origin": [12, 10, -35], "size": [5, 1, 8], "uv": [12, 231], "mirror": true},
						{"origin": [-17, 1, -35], "size": [5, 1, 8], "uv": [12, 231]},
						{"origin": [12, 1, -35], "size": [5, 1, 8], "uv": [12, 231], "mirror": true},
						{"origin": [-17, 11, -33], "size": [5, 1, 4], "uv": [13, 225]},
						{"origin": [12, 11, -33], "size": [5, 1, 4], "uv": [13, 225], "mirror": true},
						{"origin": [-17, 0, -33], "size": [5, 1, 4], "uv": [13, 225]},
						{"origin": [12, 0, -33], "size": [5, 1, 4], "uv": [13, 225], "mirror": true},
						{"origin": [-17, 2, -36], "size": [5, 8, 1], "uv": [0, 231]},
						{"origin": [12, 2, -36], "size": [5, 8, 1], "uv": [0, 231], "mirror": true},
						{"origin": [-17, 2, -27], "size": [5, 8, 1], "uv": [0, 231]},
						{"origin": [12, 2, -27], "size": [5, 8, 1], "uv": [0, 231], "mirror": true},
						{"origin": [-17, 4, -26], "size": [5, 4, 1], "uv": [0, 226]},
						{"origin": [12, 4, -26], "size": [5, 4, 1], "uv": [0, 226], "mirror": true},
						{"origin": [-17, 4, -37], "size": [5, 4, 1], "uv": [0, 226]},
						{"origin": [12, 4, -37], "size": [5, 4, 1], "uv": [0, 226], "mirror": true}
					]
				},
				{
					"name": "leg1",
					"parent": "corolla",
					"pivot": [0, 6, 19],
					"cubes": [
						{"origin": [-17, 2, 15], "size": [5, 8, 8], "uv": [0, 240]},
						{"origin": [12, 2, 15], "size": [5, 8, 8], "uv": [0, 240], "mirror": true},
						{"origin": [-17, 10, 15], "size": [5, 1, 8], "uv": [12, 231]},
						{"origin": [12, 10, 15], "size": [5, 1, 8], "uv": [12, 231], "mirror": true},
						{"origin": [-17, 1, 15], "size": [5, 1, 8], "uv": [12, 231]},
						{"origin": [12, 1, 15], "size": [5, 1, 8], "uv": [12, 231], "mirror": true},
						{"origin": [-17, 11, 17], "size": [5, 1, 4], "uv": [13, 225]},
						{"origin": [12, 11, 17], "size": [5, 1, 4], "uv": [13, 225], "mirror": true},
						{"origin": [-17, 0, 17], "size": [5, 1, 4], "uv": [13, 225]},
						{"origin": [12, 0, 17], "size": [5, 1, 4], "uv": [13, 225], "mirror": true},
						{"origin": [-17, 2, 14], "size": [5, 8, 1], "uv": [0, 231]},
						{"origin": [12, 2, 14], "size": [5, 8, 1], "uv": [0, 231], "mirror": true},
						{"origin": [-17, 2, 23], "size": [5, 8, 1], "uv": [0, 231]},
						{"origin": [12, 2, 23], "size": [5, 8, 1], "uv": [0, 231], "mirror": true},
						{"origin": [-17, 4, 24], "size": [5, 4, 1], "uv": [0, 226]},
						{"origin": [12, 4, 24], "size": [5, 4, 1], "uv": [0, 226], "mirror": true},
						{"origin": [-17, 4, 13], "size": [5, 4, 1], "uv": [0, 226]},
						{"origin": [12, 4, 13], "size": [5, 4, 1], "uv": [0, 226], "mirror": true}
					]
				}
			]
		}
	]
}