{
	"format_version": "1.12.0",
	"minecraft:geometry": [
		{
			"description": {
				"identifier": "geometry.ev_4",
				"texture_width": 512,
				"texture_height": 512,
				"visible_bounds_width": 8,
				"visible_bounds_height": 5,
				"visible_bounds_offset": [0, 0, 0]
			},
			"bones": [
				{
					"name": "body",
					"pivot": [0, 0, -4],
					"cubes": [
						{"origin": [-20, 4, -29], "size": [40, 1, 40], "uv": [0, 0]},
						{"origin": [-18, 5, -29], "size": [36, 16, 4], "uv": [0, 263]},
						{"origin": [-18, 21.7325, -33.27028], "size": [36, 13, 4], "pivot": [-10, 33.7325, -8.27028], "rotation": [40, 0, 0], "uv": [80, 263]},
						{"origin": [9, 21.7325, -27.27028], "size": [2, 2, 8], "pivot": [-10, 33.7325, -8.27028], "rotation": [25, 0, 0], "uv": [48, 320]},
						{"origin": [9, 26.7325, -20.27028], "size": [2, 1, 1], "pivot": [-10, 33.7325, -8.27028], "rotation": [25, 0, 0], "uv": [84, 366]},
						{"origin": [9, 17.7325, -20.27028], "size": [2, 1, 1], "pivot": [-10, 33.7325, -8.27028], "rotation": [25, 0, 0], "uv": [84, 364]},
						{"origin": [11, 25.7325, -20.27028], "size": [2, 1, 1], "pivot": [-10, 33.7325, -8.27028], "rotation": [25, 0, 0], "uv": [84, 362]},
						{"origin": [11, 18.7325, -20.27028], "size": [2, 1, 1], "pivot": [-10, 33.7325, -8.27028], "rotation": [25, 0, 0], "uv": [78, 368]},
						{"origin": [7, 25.7325, -20.27028], "size": [2, 1, 1], "pivot": [-10, 33.7325, -8.27028], "rotation": [25, 0, 0], "uv": [78, 366]},
						{"origin": [7, 18.7325, -20.27028], "size": [2, 1, 1], "pivot": [-10, 33.7325, -8.27028], "rotation": [25, 0, 0], "uv": [78, 364]},
						{"origin": [6, 23.7325, -20.27028], "size": [1, 2, 1], "pivot": [-10, 33.7325, -8.27028], "rotation": [25, 0, 0], "uv": [94, 365]},
						{"origin": [13, 23.7325, -20.27028], "size": [1, 2, 1], "pivot": [-10, 33.7325, -8.27028], "rotation": [25, 0, 0], "uv": [94, 362]},
						{"origin": [6, 19.7325, -20.27028], "size": [1, 2, 1], "pivot": [-10, 33.7325, -8.27028], "rotation": [25, 0, 0], "uv": [90, 365]},
						{"origin": [13, 19.7325, -20.27028], "size": [1, 2, 1], "pivot": [-10, 33.7325, -8.27028], "rotation": [25, 0, 0], "uv": [90, 362]},
						{"origin": [5, 21.7325, -20.27028], "size": [4, 2, 1], "pivot": [-10, 33.7325, -8.27028], "rotation": [25, 0, 0], "uv": [32, 365]},
						{"origin": [11, 21.7325, -20.27028], "size": [4, 2, 1], "pivot": [-10, 33.7325, -8.27028], "rotation": [25, 0, 0], "uv": [32, 362]},
						{"origin": [-20, 4, -54], "size": [40, 14, 20], "inflate": 0.01, "uv": [0, 41]},
						{"origin": [-20, 4, -64], "size": [40, 14, 10], "uv": [0, 225]},
						{"origin": [-20, 15, -65], "size": [40, 2, 1], "uv": [0, 509]},
						{"origin": [-20, 5, -65], "size": [40, 2, 1], "uv": [0, 509]},
						{"origin": [17, 14, -65], "size": [3, 1, 1], "uv": [0, 509]},
						{"origin": [-20, 14, -65], "size": [3, 1, 1], "uv": [0, 509]},
						{"origin": [18, 12, -65], "size": [2, 2, 1], "uv": [0, 509]},
						{"origin": [-20, 12, -65], "size": [2, 2, 1], "uv": [0, 509]},
						{"origin": [-17, 11, -65], "size": [3, 3, 1], "uv": [0, 496]},
						{"origin": [14, 11, -65], "size": [3, 3, 1], "uv": [0, 496]},
						{"origin": [18, 10, -65], "size": [2, 2, 1], "uv": [0, 509]},
						{"origin": [-20, 10, -65], "size": [2, 2, 1], "uv": [0, 509]},
						{"origin": [17, 9, -65], "size": [3, 1, 1], "uv": [0, 509]},
						{"origin": [-20, 9, -65], "size": [3, 1, 1], "uv": [0, 509]},
						{"origin": [16, 8, -65], "size": [4, 1, 1], "uv": [0, 509]},
						{"origin": [-20, 8, -65], "size": [4, 1, 1], "uv": [0, 509]},
						{"origin": [15, 7, -65], "size": [5, 1, 1], "uv": [0, 509]},
						{"origin": [-20, 7, -65], "size": [5, 1, 1], "uv": [0, 509]},
						{"origin": [-20, 4, -64], "size": [40, 14, 10], "inflate": 0.25, "uv": [0, 474]},
						{"origin": [-20, 4, -34], "size": [40, 14, 5], "uv": [100, 225]},
						{"origin": [-20, 19.82266, -64.25422], "size": [14, 3, 35], "pivot": [-10, 24.82266, -8.25422], "rotation": [5, 0, 0], "uv": [0, 187]},
						{"origin": [6, 19.82266, -64.25422], "size": [14, 3, 35], "pivot": [16, 24.82266, -8.25422], "rotation": [5, 0, 0], "uv": [84, 131]},
						{"origin": [-20, 37, -8], "size": [40, 1, 22], "uv": [0, 75]},
						{"origin": [-20, 21, 13], "size": [2, 16, 2], "uv": [84, 315]},
						{"origin": [-20, 21, 11], "size": [2, 16, 2], "uv": [84, 315]},
						{"origin": [18, 21, 13], "size": [2, 16, 2], "uv": [76, 315]},
						{"origin": [18, 21, 11], "size": [2, 16, 2], "uv": [76, 315]},
						{"origin": [-20, 21, 15], "size": [2, 15, 1], "uv": [22, 333]},
						{"origin": [18, 21, 15], "size": [2, 15, 1], "uv": [16, 333]},
						{"origin": [-20, 21, 16], "size": [2, 14, 1], "uv": [66, 333]},
						{"origin": [18, 21, 16], "size": [2, 14, 1], "uv": [60, 333]},
						{"origin": [-20, 21, 17], "size": [2, 13, 1], "uv": [78, 333]},
						{"origin": [18, 21, 17], "size": [2, 13, 1], "uv": [72, 333]},
						{"origin": [-20, 21, 18], "size": [2, 12, 1], "uv": [26, 349]},
						{"origin": [18, 21, 18], "size": [2, 12, 1], "uv": [20, 349]},
						{"origin": [-20, 21, 19], "size": [2, 11, 1], "uv": [38, 349]},
						{"origin": [18, 21, 19], "size": [2, 11, 1], "uv": [32, 349]},
						{"origin": [-20, 21, 20], "size": [2, 10, 1], "uv": [50, 349]},
						{"origin": [18, 21, 20], "size": [2, 10, 1], "uv": [44, 349]},
						{"origin": [-20, 21, 21], "size": [2, 9, 1], "uv": [62, 349]},
						{"origin": [18, 21, 21], "size": [2, 9, 1], "uv": [56, 349]},
						{"origin": [-20, 21, 22], "size": [2, 8, 1], "uv": [94, 349]},
						{"origin": [18, 21, 22], "size": [2, 8, 1], "uv": [88, 349]},
						{"origin": [-20, 21, 23], "size": [2, 7, 1], "uv": [14, 362]},
						{"origin": [18, 21, 23], "size": [2, 7, 1], "uv": [8, 362]},
						{"origin": [-20, 21, 24], "size": [2, 6, 1], "uv": [26, 362]},
						{"origin": [18, 21, 24], "size": [2, 6, 1], "uv": [20, 362]},
						{"origin": [-20, 21, 25], "size": [2, 5, 1], "uv": [48, 362]},
						{"origin": [18, 21, 25], "size": [2, 5, 1], "uv": [42, 362]},
						{"origin": [-20, 21, 26], "size": [2, 4, 1], "uv": [60, 362]},
						{"origin": [18, 21, 26], "size": [2, 4, 1], "uv": [54, 362]},
						{"origin": [-20, 21, 27], "size": [2, 3, 1], "uv": [66, 366]},
						{"origin": [18, 21, 27], "size": [2, 3, 1], "uv": [66, 362]},
						{"origin": [-20, 21, 28], "size": [2, 2, 1], "uv": [72, 365]},
						{"origin": [18, 21, 28], "size": [2, 2, 1], "uv": [72, 362]},
						{"origin": [-20, 21, 29], "size": [2, 1, 1], "uv": [78, 362]},
						{"origin": [18, 21, 29], "size": [2, 1, 1], "uv": [72, 368]},
						{"origin": [-18, 5, -8], "size": [36, 6, 19], "uv": [98, 187]},
						{"origin": [-2, 5, -19], "size": [4, 8, 30], "uv": [190, 225]},
						{"origin": [-1, 13, -10], "size": [2, 4, 2], "uv": [0, 362]},
						{"origin": [-1, 13, -6], "size": [1, 1, 7], "pivot": [-0.5, 13.5, 0], "rotation": [-45, 0, 0], "uv": [0, 333]},
						{"origin": [-2, 13, 3], "size": [4, 3, 13], "pivot": [-10, 37, -4], "rotation": [-10, 0, 0], "uv": [118, 289]},
						{"origin": [4, 13, 8], "size": [12, 13, 2], "pivot": [-10, 37, -4], "rotation": [-15, 0, 0], "uv": [152, 289]},
						{"origin": [-16, 13, 8], "size": [12, 13, 2], "pivot": [-30, 37, -4], "rotation": [-15, 0, 0], "uv": [152, 289]},
						{"origin": [4, 22.75135, 4.67595], "size": [12, 3, 2], "uv": [48, 315]},
						{"origin": [-16, 22.75135, 4.67595], "size": [12, 3, 2], "uv": [48, 315]},
						{"origin": [6, 25.75135, 4.67595], "size": [8, 2, 2], "uv": [92, 315]},
						{"origin": [-14, 25.75135, 4.67595], "size": [8, 2, 2], "uv": [92, 315]},
						{"origin": [-20, 37, -33], "size": [2, 1, 25], "pivot": [-10, 38, -8], "rotation": [45, 0, 0], "uv": [0, 289]},
						{"origin": [-18, 37, -10], "size": [36, 1, 2], "pivot": [-10, 38, -8], "rotation": [45, 0, 0], "uv": [0, 470]},
						{"origin": [18, 37, -33], "size": [2, 1, 25], "pivot": [-10, 38, -8], "rotation": [45, 0, 0], "uv": [160, 263]},
						{"origin": [-18, 38, -33], "size": [36, 0, 24], "pivot": [-12, 38, -8], "rotation": [45, 0, 0], "uv": [0, 370]},
						{"origin": [-20, 5, -29], "size": [2, 16, 40], "uv": [0, 131]},
						{"origin": [-26, 21, -23], "size": [6, 4, 1], "pivot": [-20, 23, -22.5], "rotation": [0, 20, 0], "uv": [0, 453]},
						{"origin": [20, 21, -23], "size": [6, 4, 1], "pivot": [20, 23, -22.5], "rotation": [0, -20, 0], "uv": [0, 453]},
						{"origin": [18, 5, -29], "size": [2, 16, 40], "uv": [124, 75]},
						{"origin": [-20, 4, 11], "size": [40, 17, 20], "inflate": 0.01, "uv": [160, 0]},
						{"origin": [-20, 21.15076, -5.77817], "size": [40, 1, 24], "pivot": [28, 6.15076, 23.22183], "rotation": [-45, 0, 0], "uv": [120, 41]}
					]
				},
				{
					"name": "leg0",
					"parent": "body",
					"pivot": [0, 8, -44],
					"cubes": [
						{"origin": [-20, 15, -46], "size": [4, 1, 4], "uv": [44, 333]},
						{"origin": [16, 15, -46], "size": [4, 1, 4], "uv": [28, 343]},
						{"origin": [-20, 2, -50], "size": [4, 12, 12], "uv": [86, 289]},
						{"origin": [16, 2, -50], "size": [4, 12, 12], "uv": [54, 289]},
						{"origin": [-20, 4, -38], "size": [4, 8, 1], "uv": [10, 349]},
						{"origin": [16, 4, -38], "size": [4, 8, 1], "uv": [0, 349]},
						{"origin": [-20, 6, -37], "size": [4, 4, 1], "uv": [78, 354]},
						{"origin": [16, 6, -37], "size": [4, 4, 1], "uv": [78, 349]},
						{"origin": [-20, 1, -48], "size": [4, 1, 8], "uv": [24, 324]},
						{"origin": [16, 1, -48], "size": [4, 1, 8], "uv": [24, 315]},
						{"origin": [-20, 0, -46], "size": [4, 1, 4], "uv": [28, 338]},
						{"origin": [16, 0, -46], "size": [4, 1, 4], "uv": [28, 333]},
						{"origin": [-20, 4, -51], "size": [4, 8, 1], "uv": [94, 333]},
						{"origin": [16, 4, -51], "size": [4, 8, 1], "uv": [84, 333]},
						{"origin": [-20, 6, -52], "size": [4, 4, 1], "uv": [68, 354]},
						{"origin": [16, 6, -52], "size": [4, 4, 1], "uv": [68, 349]},
						{"origin": [-20, 14, -48], "size": [4, 1, 8], "uv": [0, 324]},
						{"origin": [16, 14, -48], "size": [4, 1, 8], "uv": [0, 315]}
					]
				},
				{
					"name": "leg1",
					"parent": "body",
					"pivot": [0, 8, 21],
					"cubes": [
						{"origin": [-20, 15, 19], "size": [4, 1, 4], "uv": [44, 333]},
						{"origin": [16, 15, 19], "size": [4, 1, 4], "uv": [28, 343]},
						{"origin": [-20, 2, 15], "size": [4, 12, 12], "uv": [86, 289]},
						{"origin": [16, 2, 15], "size": [4, 12, 12], "uv": [54, 289]},
						{"origin": [-20, 4, 27], "size": [4, 8, 1], "uv": [10, 349]},
						{"origin": [16, 4, 27], "size": [4, 8, 1], "uv": [0, 349]},
						{"origin": [-20, 6, 28], "size": [4, 4, 1], "uv": [78, 354]},
						{"origin": [16, 6, 28], "size": [4, 4, 1], "uv": [78, 349]},
						{"origin": [-20, 1, 17], "size": [4, 1, 8], "uv": [24, 324]},
						{"origin": [16, 1, 17], "size": [4, 1, 8], "uv": [24, 315]},
						{"origin": [-20, 0, 19], "size": [4, 1, 4], "uv": [28, 338]},
						{"origin": [16, 0, 19], "size": [4, 1, 4], "uv": [28, 333]},
						{"origin": [-20, 4, 14], "size": [4, 8, 1], "uv": [94, 333]},
						{"origin": [16, 4, 14], "size": [4, 8, 1], "uv": [84, 333]},
						{"origin": [-20, 6, 13], "size": [4, 4, 1], "uv": [68, 354]},
						{"origin": [16, 6, 13], "size": [4, 4, 1], "uv": [68, 349]},
						{"origin": [-20, 14, 17], "size": [4, 1, 8], "uv": [0, 324]},
						{"origin": [16, 14, 17], "size": [4, 1, 8], "uv": [0, 315]}
					]
				}
			]
		}
	]
}