{
	"format_version": "1.12.0",
	"minecraft:geometry": [
		{
			"description": {
				"identifier": "geometry.firetruck",
				"texture_width": 512,
				"texture_height": 512,
				"visible_bounds_width": 6,
				"visible_bounds_height": 3,
				"visible_bounds_offset": [0, 1.5, 0]
			},
			"bones": [
				{
					"name": "body",
					"pivot": [-0.3447, 16.46591, -3.45455],
					"cubes": [
						{"origin": [-16, 4, -40.5], "size": [32, 12, 2], "uv": [252, 170]},
						{"origin": [-4.25, 8, -41], "size": [2, 1, 3], "uv": [106, 459]},
						{"origin": [-4.25, 10, -41], "size": [2, 1, 3], "uv": [96, 459]},
						{"origin": [-4.25, 12.5, -41], "size": [2, 1, 3], "uv": [96, 459]},
						{"origin": [2.25, 8, -41], "size": [2, 1, 3], "uv": [96, 463]},
						{"origin": [2.25, 10, -41], "size": [2, 1, 3], "uv": [84, 462]},
						{"origin": [2.25, 12.5, -41], "size": [2, 1, 3], "uv": [84, 462]},
						{"origin": [-16, 4, -38.5], "size": [32, 2, 10], "uv": [70, 140]},
						{"origin": [-16, 4, -18.5], "size": [32, 8, 2], "uv": [172, 202]},
						{"origin": [-16, 4, -16.5], "size": [32, 6, 16], "uv": [176, 82]},
						{"origin": [-16, 4, -0.5], "size": [32, 2, 18], "uv": [176, 62]},
						{"origin": [-16, 4, 27.5], "size": [32, 2, 12], "uv": [140, 108]},
						{"origin": [14, 6, -38.5], "size": [2, 28, 2], "uv": [144, 367]},
						{"origin": [14, 6, -36.5], "size": [2, 10, 8], "uv": [124, 367]},
						{"origin": [14, 6, -0.5], "size": [2, 20, 18], "uv": [132, 202]},
						{"origin": [10, 6, 27.5], "size": [6, 8, 2], "uv": [176, 425]},
						{"origin": [14, 6, 29.5], "size": [2, 20, 10], "uv": [44, 313]},
						{"origin": [10, 10, -16.5], "size": [6, 4, 16], "uv": [98, 265]},
						{"origin": [-16, 12, -28.5], "size": [32, 1, 10], "uv": [154, 140]},
						{"origin": [10, 12, -18.5], "size": [6, 2, 2], "uv": [20, 459]},
						{"origin": [10, 12, 17.5], "size": [6, 2, 10], "uv": [118, 343]},
						{"origin": [10, 13, -28.5], "size": [6, 1, 10], "uv": [150, 343]},
						{"origin": [14, 14, -28.5], "size": [2, 4, 28], "uv": [60, 170]},
						{"origin": [14, 14, 17.5], "size": [2, 12, 12], "uv": [160, 313]},
						{"origin": [14, 16, -32.5], "size": [2, 2, 4], "uv": [36, 459]},
						{"origin": [14, 18, -18.5], "size": [2, 4, 18], "uv": [198, 265]},
						{"origin": [14, 22, -8.5], "size": [2, 12, 8], "uv": [28, 367]},
						{"origin": [-16, 30, -40.5], "size": [32, 4, 2], "uv": [166, 240]},
						{"origin": [-16, 6, -40.5], "size": [32, 28, 34], "inflate": -0.1, "uv": [0, 0]},
						{"origin": [14, 30, -36.5], "size": [2, 4, 14], "uv": [26, 343]},
						{"origin": [14, 30, -18.5], "size": [2, 4, 10], "uv": [100, 367]},
						{"origin": [-16, 6, -30.5], "size": [30, 7, 2], "uv": [166, 246]},
						{"origin": [10, 6, 15.5], "size": [4, 8, 2], "uv": [112, 443]},
						{"origin": [-15, 6, 37.5], "size": [30, 20, 2], "uv": [188, 170]},
						{"origin": [10, 13, -30.5], "size": [4, 1, 2], "uv": [84, 459]},
						{"origin": [-16, 14, -2.5], "size": [30, 14, 2], "uv": [68, 202]},
						{"origin": [-16, 20, -0.5], "size": [30, 2, 38], "uv": [268, 0]},
						{"origin": [-16, 32, -38.5], "size": [30, 2, 38], "uv": [132, 0]},
						{"origin": [-13, 34, -38.5], "size": [26, 2, 7], "uv": [0, 240]},
						{"origin": [-12, 4, -28.5], "size": [24, 8, 10], "uv": [120, 170]},
						{"origin": [-12, 4, 17.5], "size": [24, 2, 10], "uv": [0, 216]},
						{"origin": [10, 6, 17.5], "size": [2, 6, 10], "uv": [0, 379]},
						{"origin": [-16, 10, -2.5], "size": [26, 4, 2], "uv": [142, 287]},
						{"origin": [-16, 11, -16.5], "size": [26, 1, 14], "uv": [70, 152]},
						{"origin": [-16, 12, -15.5], "size": [26, 2, 13], "uv": [154, 151]},
						{"origin": [-16, 13, -20.5], "size": [26, 1, 2], "uv": [0, 295]},
						{"origin": [-10, 14, -20.5], "size": [20, 9, 2], "uv": [0, 313]},
						{"origin": [-10, 14, -15.5], "size": [20, 1, 13], "uv": [0, 202]},
						{"origin": [-10, 15, -3.5], "size": [20, 9, 1], "uv": [118, 313]},
						{"origin": [-16, 6, 15.5], "size": [6, 8, 2], "uv": [160, 425]},
						{"origin": [-12, 6, 17.5], "size": [2, 8, 12], "uv": [90, 343]},
						{"origin": [-16, 10, -16.5], "size": [6, 1, 14], "uv": [260, 295]},
						{"origin": [-16, 12, -18.5], "size": [6, 2, 3], "uv": [68, 450]},
						{"origin": [-16, 13, -30.5], "size": [6, 1, 10], "uv": [118, 355]},
						{"origin": [-16, 6, 27.5], "size": [4, 8, 2], "uv": [100, 443]},
						{"origin": [-16, 12, 17.5], "size": [4, 2, 10], "uv": [0, 367]},
						{"origin": [-16, 6, -38.5], "size": [2, 26, 2], "uv": [48, 397]},
						{"origin": [-16, 6, -36.5], "size": [2, 10, 6], "uv": [60, 425]},
						{"origin": [-16, 6, -0.5], "size": [2, 14, 16], "uv": [62, 265]},
						{"origin": [-16, 6, 29.5], "size": [2, 14, 8], "uv": [210, 343]},
						{"origin": [-16, 14, -30.5], "size": [2, 4, 28], "uv": [0, 170]},
						{"origin": [-16, 14, 15.5], "size": [2, 6, 14], "uv": [68, 317]},
						{"origin": [-16, 16, -32.5], "size": [2, 2, 2], "uv": [40, 469]},
						{"origin": [-16, 18, -22.5], "size": [2, 14, 2], "uv": [28, 443]},
						{"origin": [-16, 18, -20.5], "size": [2, 4, 18], "uv": [142, 265]},
						{"origin": [-16, 22, -8.5], "size": [2, 10, 6], "uv": [44, 425]},
						{"origin": [-16, 22, -0.5], "size": [2, 4, 38], "uv": [96, 62]},
						{"origin": [7, 24, 13.5], "size": [9, 6, 26], "uv": [70, 108]},
						{"origin": [-16, 24, 13.5], "size": [9, 6, 26], "uv": [0, 108]},
						{"origin": [-8, 26, 27.5], "size": [16, 6, 6], "uv": [216, 295]},
						{"origin": [-6, 25, 26.5], "size": [11, 9, 9], "uv": [176, 295]},
						{"origin": [-6, 25, 14.5], "size": [11, 9, 9], "uv": [136, 295]},
						{"origin": [7, 30, 13.5], "size": [9, 4, 26], "uv": [0, 140]},
						{"origin": [-16, 30, 13.5], "size": [9, 4, 26], "uv": [228, 108]},
						{"origin": [-16, 28, -2.5], "size": [2, 4, 2], "uv": [0, 469]},
						{"origin": [-16, 30, -36.5], "size": [2, 2, 14], "uv": [58, 343]},
						{"origin": [-16, 30, -20.5], "size": [2, 2, 12], "uv": [182, 343]},
						{"origin": [14, 18, -20.5], "size": [2, 16, 2], "uv": [152, 425]},
						{"origin": [14, 30, -22.5], "size": [2, 4, 2], "uv": [150, 459]},
						{"origin": [16, 4, 16.5], "size": [1, 9, 1], "uv": [146, 459]},
						{"origin": [16, 4, 27.5], "size": [1, 9, 1], "uv": [142, 459]},
						{"origin": [16, 12, 17.5], "size": [1, 1, 10], "uv": [84, 408]},
						{"origin": [16, 4, -18.5], "size": [1, 9, 1], "uv": [138, 459]},
						{"origin": [16, 12, -28.5], "size": [1, 1, 10], "uv": [84, 397]},
						{"origin": [16, 4, -29.5], "size": [1, 9, 1], "uv": [134, 459]},
						{"origin": [-17, 4, -18.5], "size": [1, 9, 1], "uv": [130, 459]},
						{"origin": [-17, 12, -28.5], "size": [1, 1, 10], "uv": [56, 414]},
						{"origin": [-17, 4, -29.5], "size": [1, 9, 1], "uv": [126, 459]},
						{"origin": [-17, 16, -25.5], "size": [1, 2, 1], "uv": [112, 472]},
						{"origin": [16, 16, -25.5], "size": [1, 2, 1], "uv": [108, 469]},
						{"origin": [-17, 20, -10.5], "size": [1, 2, 1], "uv": [112, 469]},
						{"origin": [16, 20, -10.5], "size": [1, 2, 1], "uv": [108, 472]},
						{"origin": [-17, 4, 27.5], "size": [1, 9, 1], "uv": [122, 459]},
						{"origin": [-17, 12, 17.5], "size": [1, 1, 10], "uv": [56, 403]},
						{"origin": [-17, 4, 16.5], "size": [1, 9, 1], "uv": [118, 459]},
						{"origin": [-17, 14, 27.5], "size": [1, 1, 11], "uv": [24, 409]},
						{"origin": [-17, 22, 27.5], "size": [1, 1, 11], "uv": [24, 397]},
						{"origin": [-17, 14, 13.5], "size": [1, 1, 11], "uv": [0, 409]},
						{"origin": [-17, 22, 13.5], "size": [1, 1, 11], "uv": [0, 397]},
						{"origin": [14, 12, 39.5], "size": [2, 5, 1], "uv": [34, 469]},
						{"origin": [-15, 5, 39.5], "size": [30, 3, 1], "uv": [0, 265]},
						{"origin": [-16, 12, 39.5], "size": [2, 5, 1], "uv": [28, 469]},
						{"origin": [-17, 8, -10.5], "size": [1, 2, 2], "uv": [90, 469]},
						{"origin": [16, 8, -10.5], "size": [1, 2, 2], "uv": [84, 469]},
						{"origin": [14, 10, 39.5], "size": [2, 2, 1], "uv": [96, 472]},
						{"origin": [-16, 10, 39.5], "size": [2, 2, 1], "uv": [96, 469]},
						{"origin": [16, 18, -38.5], "size": [4, 1, 1], "uv": [18, 469]},
						{"origin": [16, 25, -38.5], "size": [4, 1, 1], "uv": [8, 473]},
						{"origin": [17, 19, -39], "size": [4, 6, 1], "uv": [58, 459]},
						{"origin": [-20, 18, -38.5], "size": [4, 1, 1], "uv": [8, 471]},
						{"origin": [-20, 25, -38.5], "size": [4, 1, 1], "uv": [8, 469]},
						{"origin": [-21, 19, -39], "size": [4, 6, 1], "uv": [48, 459]},
						{"origin": [-12, 11, 39.5], "size": [24, 1, 1], "uv": [68, 315]},
						{"origin": [-12, 23, 39.5], "size": [24, 1, 1], "uv": [68, 313]},
						{"origin": [-15, 3, -41.5], "size": [30, 3, 1], "uv": [166, 255]},
						{"origin": [7, 13, -30.5], "size": [3, 2, 10], "uv": [74, 379]},
						{"origin": [7, 15, -22.5], "size": [3, 8, 2], "uv": [10, 459]},
						{"origin": [-6, 24, -21.5], "size": [12, 4, 2], "uv": [56, 397]},
						{"origin": [-10, 13, -30.5], "size": [3, 2, 10], "uv": [74, 367]},
						{"origin": [-10, 15, -22.5], "size": [3, 8, 2], "uv": [0, 459]},
						{"origin": [2, 23, -20.5], "size": [1, 1, 1], "uv": [116, 471]},
						{"origin": [-3, 23, -20.5], "size": [1, 1, 1], "uv": [116, 469]},
						{"origin": [-15.1, 9, -41.5], "size": [5, 6, 2], "uv": [86, 451]},
						{"origin": [10.5, 9, -41.5], "size": [5, 6, 2], "uv": [86, 443]}
					]
				},
				{
					"name": "ladderA",
					"parent": "body",
					"pivot": [-0.5, 29.5, 19],
					"cubes": [
						{"origin": [-6, 25, 14.5], "size": [11, 9, 9], "uv": [96, 295]}
					]
				},
				{
					"name": "ladderA2",
					"parent": "ladderA",
					"pivot": [-0.5, 29.5, 19],
					"rotation": [-20, 0, 0],
					"cubes": [
						{"origin": [-6, 25, -13.5], "size": [11, 9, 37], "uv": [0, 62]}
					]
				},
				{
					"name": "ladderA3",
					"parent": "ladderA2",
					"pivot": [0, 25.7, -24],
					"rotation": [20, 0, 0],
					"cubes": [
						{"origin": [-6, 22.03508, -20.52768], "size": [12, 12, 1], "uv": [48, 367]},
						{"origin": [-7, 22.03508, -32.52768], "size": [1, 12, 12], "uv": [188, 313]},
						{"origin": [-6, 21.03508, -20.02768], "size": [11, 9, 9], "uv": [56, 295]},
						{"origin": [6, 22.03508, -32.52768], "size": [1, 12, 12], "uv": [0, 343]},
						{"origin": [-6, 22.03508, -33.52768], "size": [12, 12, 1], "uv": [48, 380]},
						{"origin": [-6, 21.03508, -32.52768], "size": [12, 1, 12], "uv": [238, 265]}
					]
				},
				{
					"name": "ladder",
					"parent": "body",
					"pivot": [16.5, 25.5, 26.44444],
					"cubes": [
						{"origin": [16, 28, 14.5], "size": [1, 1, 24], "uv": [116, 240]},
						{"origin": [16, 23, 19.5], "size": [1, 5, 1], "uv": [80, 469]},
						{"origin": [16, 23, 16.5], "size": [1, 5, 1], "uv": [76, 469]},
						{"origin": [16, 23, 22.5], "size": [1, 5, 1], "uv": [72, 469]},
						{"origin": [16, 23, 25.5], "size": [1, 5, 1], "uv": [68, 469]},
						{"origin": [16, 23, 29.5], "size": [1, 5, 1], "uv": [64, 469]},
						{"origin": [16, 23, 32.5], "size": [1, 5, 1], "uv": [60, 469]},
						{"origin": [16, 23, 35.5], "size": [1, 5, 1], "uv": [56, 469]},
						{"origin": [16, 22, 14.5], "size": [1, 1, 24], "uv": [66, 240]}
					]
				},
				{
					"name": "steering_wheel",
					"parent": "body",
					"pivot": [-0.05, 5.15, -36.45],
					"rotation": [-15, 0, 0],
					"cubes": [
						{"origin": [-1, 17.5, -36.5], "size": [2, 1, 2], "uv": [48, 469]},
						{"origin": [-2, 17, -36.5], "size": [4, 1, 2], "uv": [72, 464]},
						{"origin": [-1, 17, -37.5], "size": [2, 1, 1], "uv": [102, 471]},
						{"origin": [-3, 17.5, -38.5], "size": [6, 1, 1], "uv": [58, 466]},
						{"origin": [2, 17.5, -37.5], "size": [1, 1, 5], "uv": [20, 463]},
						{"origin": [-3, 17.5, -33.5], "size": [5, 1, 1], "uv": [106, 463]},
						{"origin": [-3, 17.5, -37.5], "size": [1, 1, 4], "uv": [72, 459]},
						{"origin": [-1, 17, -34.5], "size": [2, 1, 1], "uv": [102, 469]},
						{"origin": [-1, 6, -36.5], "size": [2, 11, 2], "uv": [124, 443]},
						{"origin": [-2, 6, -37.5], "size": [4, 3, 4], "uv": [68, 443]}
					]
				},
				{
					"name": "bodyS",
					"pivot": [-9.5, 3, 37],
					"cubes": [
						{"origin": [-11, 2, 33.5], "size": [3, 2, 7], "uv": [76, 425]}
					]
				},
				{
					"name": "leg0",
					"pivot": [15, 5, -23.5],
					"cubes": [
						{"origin": [12, 6.65685, -25.5], "size": [4, 3, 4], "uv": [52, 443]},
						{"origin": [-16, 6.65685, -25.5], "size": [4, 3, 4], "uv": [52, 443]},
						{"origin": [12, 0, -25.5], "size": [4, 3, 4], "uv": [52, 443]},
						{"origin": [-16, 0, -25.5], "size": [4, 3, 4], "uv": [52, 443]},
						{"origin": [12, 2.82843, -21.67157], "size": [4, 4, 3], "uv": [52, 443]},
						{"origin": [-16, 2.82843, -21.67157], "size": [4, 4, 3], "uv": [52, 443]},
						{"origin": [12, 2.82843, -28.32843], "size": [4, 4, 3], "uv": [52, 443]},
						{"origin": [-16, 2.82843, -28.32843], "size": [4, 4, 3], "uv": [52, 443]},
						{"origin": [12, 5.18198, -27.35355], "size": [4, 4, 3], "pivot": [14, 7.18198, -25.85355], "rotation": [-45, 0, 0], "uv": [52, 443]},
						{"origin": [-16, 5.18198, -27.35355], "size": [4, 4, 3], "pivot": [14, 7.18198, -25.85355], "rotation": [-45, 0, 0], "uv": [52, 443]},
						{"origin": [12, 5.18198, -22.64645], "size": [4, 4, 3], "pivot": [14, 7.18198, -21.14645], "rotation": [45, 0, 0], "uv": [52, 443]},
						{"origin": [-16, 5.18198, -22.64645], "size": [4, 4, 3], "pivot": [14, 7.18198, -21.14645], "rotation": [45, 0, 0], "uv": [52, 443]},
						{"origin": [12, 0.47487, -27.35355], "size": [4, 4, 3], "pivot": [14, 2.47487, -25.85355], "rotation": [45, 0, 0], "uv": [52, 443]},
						{"origin": [-16, 0.47487, -27.35355], "size": [4, 4, 3], "pivot": [14, 2.47487, -25.85355], "rotation": [45, 0, 0], "uv": [52, 443]},
						{"origin": [12, 0.47487, -22.64645], "size": [4, 4, 3], "pivot": [14, 2.47487, -21.14645], "rotation": [-45, 0, 0], "uv": [52, 443]},
						{"origin": [-16, 0.47487, -22.64645], "size": [4, 4, 3], "pivot": [14, 2.47487, -21.14645], "rotation": [-45, 0, 0], "uv": [52, 443]},
						{"origin": [-15, 3, -25.5], "size": [2, 4, 4], "uv": [144, 451]},
						{"origin": [13, 3, -25.5], "size": [2, 4, 4], "uv": [144, 443]},
						{"origin": [-15, 3, -25.5], "size": [2, 4, 4], "uv": [144, 443]}
					]
				},
				{
					"name": "leg1",
					"pivot": [15, 5, 22.5],
					"cubes": [
						{"origin": [12, 6.65685, 20.5], "size": [4, 3, 4], "uv": [52, 443]},
						{"origin": [-16, 6.65685, 20.5], "size": [4, 3, 4], "uv": [52, 443]},
						{"origin": [12, 0, 20.5], "size": [4, 3, 4], "uv": [52, 443]},
						{"origin": [-16, 0, 20.5], "size": [4, 3, 4], "uv": [52, 443]},
						{"origin": [12, 2.82843, 24.32843], "size": [4, 4, 3], "uv": [52, 443]},
						{"origin": [-16, 2.82843, 24.32843], "size": [4, 4, 3], "uv": [52, 443]},
						{"origin": [12, 2.82843, 17.67157], "size": [4, 4, 3], "uv": [52, 443]},
						{"origin": [-16, 2.82843, 17.67157], "size": [4, 4, 3], "uv": [52, 443]},
						{"origin": [12, 5.18198, 18.64645], "size": [4, 4, 3], "pivot": [14, 7.18198, 20.14645], "rotation": [-45, 0, 0], "uv": [52, 443]},
						{"origin": [-16, 5.18198, 18.64645], "size": [4, 4, 3], "pivot": [14, 7.18198, 20.14645], "rotation": [-45, 0, 0], "uv": [52, 443]},
						{"origin": [12, 5.18198, 23.35355], "size": [4, 4, 3], "pivot": [14, 7.18198, 24.85355], "rotation": [45, 0, 0], "uv": [52, 443]},
						{"origin": [-16, 5.18198, 23.35355], "size": [4, 4, 3], "pivot": [14, 7.18198, 24.85355], "rotation": [45, 0, 0], "uv": [52, 443]},
						{"origin": [12, 0.47487, 18.64645], "size": [4, 4, 3], "pivot": [14, 2.47487, 20.14645], "rotation": [45, 0, 0], "uv": [52, 443]},
						{"origin": [-16, 0.47487, 18.64645], "size": [4, 4, 3], "pivot": [14, 2.47487, 20.14645], "rotation": [45, 0, 0], "uv": [52, 443]},
						{"origin": [12, 0.47487, 23.35355], "size": [4, 4, 3], "pivot": [14, 2.47487, 24.85355], "rotation": [-45, 0, 0], "uv": [52, 443]},
						{"origin": [-16, 0.47487, 23.35355], "size": [4, 4, 3], "pivot": [14, 2.47487, 24.85355], "rotation": [-45, 0, 0], "uv": [52, 443]},
						{"origin": [-15, 3, 20.5], "size": [2, 4, 4], "uv": [144, 451]},
						{"origin": [13, 3, 20.5], "size": [2, 4, 4], "uv": [144, 443]},
						{"origin": [-15, 3, 20.5], "size": [2, 4, 4], "uv": [144, 443]}
					]
				}
			]
		}
	]
}