{
	"format_version": "1.12.0",
	"minecraft:geometry": [
		{
			"description": {
				"identifier": "geometry.helicopter",
				"texture_width": 512,
				"texture_height": 512,
				"visible_bounds_width": 10,
				"visible_bounds_height": 3,
				"visible_bounds_offset": [0, 1.5, 0]
			},
			"bones": [
				{
					"name": "body",
					"pivot": [0, 16.81565, 1.88877],
					"cubes": [
						{"origin": [-12, 6, -16], "size": [24, 2, 31], "uv": [128, 6]},
						{"origin": [-12, 8, -19], "size": [24, 1, 40], "uv": [0, 6]},
						{"origin": [-10, 9, -9], "size": [8, 5, 9], "uv": [34, 211]},
						{"origin": [2, 9, -9], "size": [8, 5, 9], "uv": [0, 211]},
						{"origin": [-3, 8, -9], "size": [6, 8, 9], "uv": [164, 211]},
						{"origin": [-2, 8, -6], "size": [1, 12, 1], "uv": [52, 270]},
						{"origin": [4, 16, -13], "size": [1, 5, 1], "pivot": [6.5, 18, -13], "rotation": [20, 0, 0], "uv": [12, 283]},
						{"origin": [-9, 16, -13], "size": [1, 5, 1], "pivot": [6.5, 18, -13], "rotation": [20, 0, 0], "uv": [8, 283]},
						{"origin": [8, 16, -13], "size": [1, 5, 1], "pivot": [6.5, 18, -13], "rotation": [20, 0, 0], "uv": [4, 283]},
						{"origin": [-5, 16, -13], "size": [1, 5, 1], "pivot": [6.5, 18, -13], "rotation": [20, 0, 0], "uv": [0, 283]},
						{"origin": [5, 17, -13], "size": [3, 1, 1], "pivot": [6.5, 18, -13], "rotation": [20, 0, 0], "uv": [90, 280]},
						{"origin": [-8, 17, -13], "size": [3, 1, 1], "pivot": [6.5, 18, -13], "rotation": [20, 0, 0], "uv": [90, 278]},
						{"origin": [6, 17, -16], "size": [1, 1, 3], "pivot": [6.5, 18, -13], "rotation": [20, 0, 0], "uv": [90, 274]},
						{"origin": [-7, 17, -16], "size": [1, 1, 3], "pivot": [6.5, 18, -13], "rotation": [20, 0, 0], "uv": [90, 270]},
						{"origin": [-10, 10.68404, -1.12061], "size": [8, 12, 3], "pivot": [0, 15, 0.5], "rotation": [-20, 0, 0], "uv": [42, 234]},
						{"origin": [2, 10.68404, -1.12061], "size": [8, 12, 3], "pivot": [0, 15, 0.5], "rotation": [-20, 0, 0], "uv": [42, 234]},
						{"origin": [-8, 14, 11], "size": [16, 12, 3], "pivot": [0, 15, 0.5], "rotation": [-20, 0, 0], "uv": [150, 189]},
						{"origin": [-8, 9, 5], "size": [16, 5, 10], "uv": [54, 168]},
						{"origin": [12, 0, -16], "size": [3, 2, 31], "uv": [68, 99]},
						{"origin": [-14, 0, -16], "size": [3, 2, 31], "uv": [68, 99]},
						{"origin": [12, 2, -11], "size": [3, 2, 2], "uv": [80, 278]},
						{"origin": [-14, 2, -11], "size": [3, 2, 2], "uv": [80, 274]},
						{"origin": [12, 2, 10], "size": [3, 2, 2], "uv": [80, 270]},
						{"origin": [-14, 2, 10], "size": [3, 2, 2], "uv": [68, 278]},
						{"origin": [5.29138, 9.15786, -11], "size": [9, 2, 2], "pivot": [0.29138, 6.15786, -0.5], "rotation": [0, 0, 28], "uv": [46, 256]},
						{"origin": [-13.17432, 8.68839, -11], "size": [9, 2, 2], "pivot": [-0.17432, 5.68839, -0.5], "rotation": [0, 0, -28], "uv": [24, 264]},
						{"origin": [5.29138, 9.15786, 10], "size": [9, 2, 2], "pivot": [0.29138, 6.15786, -0.5], "rotation": [0, 0, 28], "uv": [24, 260]},
						{"origin": [-13.17432, 8.68839, 10], "size": [9, 2, 2], "pivot": [-0.17432, 5.68839, -0.5], "rotation": [0, 0, -28], "uv": [24, 256]},
						{"origin": [-12, 31.4, -12.5], "size": [24, 2, 27], "uv": [164, 47]},
						{"origin": [-4, 33.4, -4.5], "size": [8, 4, 19], "uv": [48, 132]},
						{"origin": [-2, 37.4, -1.5], "size": [4, 4, 4], "uv": [80, 256]},
						{"origin": [-3, 41.4, -2.5], "size": [6, 6, 6], "uv": [64, 234]},
						{"origin": [-12, 9, -19], "size": [1, 12, 40], "uv": [0, 47], "mirror": true},
						{"origin": [-12, 21, 0], "size": [1, 10, 2], "uv": [48, 21], "mirror": true},
						{"origin": [11, 21, 0], "size": [1, 10, 2], "uv": [48, 21], "mirror": true},
						{"origin": [11, 9, -19], "size": [1, 12, 40], "uv": [0, 47]},
						{"origin": [11, 21, -22], "size": [1, 11, 11], "uv": [140, 211]},
						{"origin": [-12, 21, -22], "size": [1, 11, 11], "uv": [116, 211]},
						{"origin": [-11, 20, -11], "size": [0, 12, 24], "uv": [0, 132]},
						{"origin": [11, 20, -11], "size": [0, 12, 24], "uv": [0, 132]},
						{"origin": [11, 20, 13], "size": [1, 12, 11], "uv": [92, 211]},
						{"origin": [-12, 20, 13], "size": [1, 12, 11], "uv": [68, 211]},
						{"origin": [-12, 10, -22], "size": [24, 10, 3], "uv": [0, 168]},
						{"origin": [-11, 11, -23], "size": [22, 9, 3], "uv": [179, 152]},
						{"origin": [-10, 11.5, -24], "size": [20, 8, 2], "uv": [181, 153]},
						{"origin": [-12, 9, -19], "size": [24, 8, 3], "pivot": [0, 15, -20.5], "rotation": [50, 0, 0], "uv": [158, 168]},
						{"origin": [-12, 10, 21], "size": [24, 10, 12], "uv": [136, 99]},
						{"origin": [-5, 10, 33], "size": [10, 10, 11], "uv": [212, 168]},
						{"origin": [-5.65585, 10, 24.95833], "size": [2, 10, 11], "uv": [212, 168]},
						{"origin": [3.65585, 10, 24.95833], "size": [2, 10, 11], "uv": [212, 168]},
						{"origin": [0.01775, 10, 41.54793], "size": [2, 10, 4], "pivot": [0.01775, 15, 38.04793], "rotation": [0, 25, 0], "uv": [12, 256]},
						{"origin": [-2.01775, 10, 41.54793], "size": [2, 10, 4], "pivot": [-0.01775, 15, 38.04793], "rotation": [0, -25, 0], "uv": [0, 256]},
						{"origin": [-3.5, 13, 44], "size": [7, 7, 10], "uv": [188, 189]},
						{"origin": [-2, 13, 54], "size": [4, 7, 2], "uv": [24, 270]},
						{"origin": [-2, 13, 56], "size": [2, 7, 14], "uv": [118, 189]},
						{"origin": [-2, 13, 59], "size": [2, 7, 14], "uv": [118, 189]},
						{"origin": [-2, 13, 71.31371], "size": [4, 7, 2], "uv": [12, 270]},
						{"origin": [-2, 7.34315, 59.65685], "size": [4, 2, 2], "uv": [68, 274]},
						{"origin": [-2, 7.34315, 61.65685], "size": [4, 2, 2], "uv": [68, 270]},
						{"origin": [-2, 7.34315, 63.65685], "size": [4, 2, 2], "uv": [56, 278]},
						{"origin": [-2, 7.34315, 65.65685], "size": [4, 2, 2], "uv": [56, 274]},
						{"origin": [-2, 20, 71.31371], "size": [4, 14.15, 2], "uv": [100, 234]},
						{"origin": [-2, 22.14214, 69.14214], "size": [4, 12, 2], "uv": [100, 234]},
						{"origin": [-2, 26.14214, 67.14214], "size": [4, 6, 2], "uv": [100, 234]},
						{"origin": [-2, 26.14214, 65.14214], "size": [4, 4, 2], "uv": [100, 234]},
						{"origin": [-2, 26.14214, 64.14214], "size": [4, 4, 2], "uv": [100, 234]},
						{"origin": [-2, 26.14214, 63.14214], "size": [4, 3, 2], "uv": [100, 234]},
						{"origin": [-2, 22.14214, 70.14214], "size": [4, 12, 2], "uv": [100, 234]},
						{"origin": [-2, 24.70711, 61.46447], "size": [4, 2, 10], "uv": [123, 274]},
						{"origin": [-2, 23.70711, 60.46447], "size": [4, 2, 10], "uv": [123, 274]},
						{"origin": [-2, 32.14214, 68.14214], "size": [4, 2, 3], "uv": [139, 267]},
						{"origin": [-2, 18.61091, 51.35355], "size": [4, 20, 2], "pivot": [0, 16.11091, 54.35355], "rotation": [-45, 0, 0], "uv": [88, 234]},
						{"origin": [-2, 6.38909, 51.35355], "size": [4, 8, 2], "pivot": [0, 16.88909, 54.35355], "rotation": [45, 0, 0], "uv": [124, 256]},
						{"origin": [-2, 8.71142, 74.74695], "size": [4, 7, 2], "pivot": [0, 10.21142, 59.74695], "rotation": [45, 0, 0], "uv": [136, 256]},
						{"origin": [-2, 6.87868, 68.77817], "size": [4, 8, 2], "pivot": [0, 10.87868, 69.77817], "rotation": [-45, 0, 0], "uv": [112, 256]},
						{"origin": [-3.5, 10, 44], "size": [7, 3, 1], "uv": [24, 279]},
						{"origin": [3.40121, 10, 25.78834], "size": [7, 10, 12], "pivot": [0.40121, 15, 31.78834], "rotation": [0, 25, 0], "uv": [38, 189]},
						{"origin": [-10.40121, 10, 25.78834], "size": [7, 10, 12], "pivot": [-0.40121, 15, 31.78834], "rotation": [0, -25, 0], "uv": [0, 189]},
						{"origin": [-4, 31.1048, -6.68083], "size": [8, 6, 3], "pivot": [0, 34.61991, -5.23408], "rotation": [-45, 0, 0], "uv": [112, 234]}
					]
				},
				{
					"name": "body3",
					"parent": "body",
					"pivot": [0, 21, 0.5],
					"rotation": [-75, 0, 0],
					"cubes": [
						{"origin": [-12, 31.12364, 16.74176], "size": [24, 18, 2], "uv": [106, 168]}
					]
				},
				{
					"name": "body4",
					"parent": "body",
					"pivot": [0, 21, 0.5],
					"rotation": [35, 0, 0],
					"cubes": [
						{"origin": [-12, 6, 17], "size": [24, 17, 2], "uv": [110, 132]}
					]
				},
				{
					"name": "body0",
					"parent": "body",
					"pivot": [0, 8.71424, -18.02281],
					"rotation": [-35, 0, 0],
					"cubes": [
						{"origin": [-12, 7.6511, -21.809], "size": [24, 2, 7], "uv": [48, 155]}
					]
				},
				{
					"name": "body2",
					"parent": "body",
					"pivot": [0, 21, 0.5],
					"rotation": [-35, 0, 0],
					"cubes": [
						{"origin": [-12, 6.82011, -17.24328], "size": [2, 17, 2], "uv": [142, 234]},
						{"origin": [10, 6.82011, -17.24328], "size": [2, 17, 2], "uv": [134, 234]}
					]
				},
				{
					"name": "propeller",
					"parent": "body",
					"pivot": [0, 44, 0.5],
					"cubes": [
						{"origin": [-46, 43.4, -1.5], "size": [88, 1, 4], "uv": [184, 0]},
						{"origin": [-46, 43.4, 0.5], "size": [88, 1, 4], "pivot": [-2, 43.4, 0.5], "rotation": [0, 90, 0], "uv": [0, 0]}
					]
				},
				{
					"name": "propeller2",
					"parent": "body",
					"pivot": [1, 16, 64],
					"cubes": [
						{"origin": [0, 10, 63], "size": [2, 12, 2], "uv": [104, 256]},
						{"origin": [0, 10, 63], "size": [2, 12, 2], "pivot": [0, 16, 64], "rotation": [90, 0, 0], "uv": [96, 256]}
					]
				}
			]
		}
	]
}