{
	"format_version": "1.12.0",
	"minecraft:geometry": [
		{
			"description": {
				"identifier": "geometry.hoverboard",
				"texture_width": 128,
				"texture_height": 128,
				"visible_bounds_width": 3,
				"visible_bounds_height": 1,
				"visible_bounds_offset": [0, 0.5, 0]
			},
			"bones": [
				{
					"name": "body",
					"pivot": [0, 2, 0],
					"cubes": [
						{"origin": [-9, 9, -2], "size": [1, 5, 4], "uv": [42, 41]},
						{"origin": [8, 9, -2], "size": [1, 5, 4], "uv": [32, 41]},
						{"origin": [-10, 3, -5], "size": [2, 6, 10], "uv": [0, 16]},
						{"origin": [8, 3, -5], "size": [2, 6, 10], "uv": [68, 0]},
						{"origin": [1, 4, -5], "size": [7, 2, 10], "uv": [34, 0]},
						{"origin": [-8, 4, -5], "size": [7, 2, 10], "uv": [0, 0]},
						{"origin": [-1, 4, -1], "size": [2, 2, 2], "uv": [28, 75]},
						{"origin": [-13, 13, -2], "size": [4, 1, 4], "uv": [16, 41]},
						{"origin": [9, 13, -2], "size": [4, 1, 4], "uv": [0, 41]},
						{"origin": [-13, 11.68743, 1.05955], "size": [4, 1, 3], "pivot": [-11, 11.42206, 4.21179], "rotation": [-27.5, 0, 0], "uv": [42, 54]},
						{"origin": [-9, 8.68743, 1.05955], "size": [1, 4, 3], "pivot": [-11, 11.42206, 4.21179], "rotation": [-27.5, 0, 0], "uv": [16, 66]},
						{"origin": [8, 8.68743, 1.05955], "size": [1, 4, 3], "pivot": [-11, 11.42206, 4.21179], "rotation": [-27.5, 0, 0], "uv": [40, 59]},
						{"origin": [9, 11.68743, 1.05955], "size": [4, 1, 3], "pivot": [-11, 11.42206, 4.21179], "rotation": [-27.5, 0, 0], "uv": [0, 54]},
						{"origin": [9, 13.21327, -4.43292], "size": [4, 1, 3], "pivot": [-11, 12.9479, -1.28068], "rotation": [27.5, 0, 0], "uv": [42, 50]},
						{"origin": [-13, 13.21327, -4.43292], "size": [4, 1, 3], "pivot": [-11, 12.9479, -1.28068], "rotation": [27.5, 0, 0], "uv": [52, 41]},
						{"origin": [-9, 10.21327, -4.43292], "size": [1, 4, 3], "pivot": [-11, 12.9479, -1.28068], "rotation": [27.5, 0, 0], "uv": [24, 66]},
						{"origin": [8, 10.21327, -4.43292], "size": [1, 4, 3], "pivot": [-11, 12.9479, -1.28068], "rotation": [27.5, 0, 0], "uv": [48, 59]},
						{"origin": [-13, 9.49372, 1.56393], "size": [4, 1, 3], "pivot": [-11, 8.5795, 5.14972], "rotation": [-55, 0, 0], "uv": [28, 54]},
						{"origin": [-9, 6.49372, 1.56393], "size": [1, 4, 3], "pivot": [-11, 8.5795, 5.14972], "rotation": [-55, 0, 0], "uv": [8, 66]},
						{"origin": [8, 6.49372, 1.56393], "size": [1, 4, 3], "pivot": [-11, 8.5795, 5.14972], "rotation": [-55, 0, 0], "uv": [32, 59]},
						{"origin": [9, 9.49372, 1.56393], "size": [4, 1, 3], "pivot": [-11, 8.5795, 5.14972], "rotation": [-55, 0, 0], "uv": [70, 50]},
						{"origin": [9, 12.91087, -6.34279], "size": [4, 1, 3], "pivot": [-11, 11.99665, -2.757], "rotation": [55, 0, 0], "uv": [28, 50]},
						{"origin": [-13, 12.91087, -6.34279], "size": [4, 1, 3], "pivot": [-11, 11.99665, -2.757], "rotation": [55, 0, 0], "uv": [52, 45]},
						{"origin": [-9, 9.91087, -6.34279], "size": [1, 4, 3], "pivot": [-11, 11.99665, -2.757], "rotation": [55, 0, 0], "uv": [32, 66]},
						{"origin": [8, 9.91087, -6.34279], "size": [1, 4, 3], "pivot": [-11, 11.99665, -2.757], "rotation": [55, 0, 0], "uv": [56, 59]},
						{"origin": [-13, 6.69431, 1.5986], "size": [4, 1, 3], "pivot": [-11, 5.34655, 5.83324], "rotation": [-67.5, 0, 0], "uv": [14, 54]},
						{"origin": [-9, 3.69431, 1.5986], "size": [1, 4, 3], "pivot": [-11, 5.34655, 5.83324], "rotation": [-67.5, 0, 0], "uv": [0, 66]},
						{"origin": [8, 3.69431, 1.5986], "size": [1, 4, 3], "pivot": [-11, 5.34655, 5.83324], "rotation": [-67.5, 0, 0], "uv": [24, 59]},
						{"origin": [9, 6.69431, 1.5986], "size": [4, 1, 3], "pivot": [-11, 5.34655, 5.83324], "rotation": [-67.5, 0, 0], "uv": [56, 50]},
						{"origin": [9, 11.74727, -7.97488], "size": [4, 1, 3], "pivot": [-11, 10.39951, -3.74024], "rotation": [67.5, 0, 0], "uv": [14, 50]},
						{"origin": [-13, 11.74727, -7.97488], "size": [4, 1, 3], "pivot": [-11, 10.39951, -3.74024], "rotation": [67.5, 0, 0], "uv": [0, 50]},
						{"origin": [-9, 9.74727, -7.97488], "size": [1, 3, 3], "pivot": [-11, 10.39951, -3.74024], "rotation": [67.5, 0, 0], "uv": [20, 75]},
						{"origin": [8, 9.74727, -7.97488], "size": [1, 3, 3], "pivot": [-11, 10.39951, -3.74024], "rotation": [67.5, 0, 0], "uv": [12, 75]}
					]
				},
				{
					"name": "leg0",
					"pivot": [0, 6, 0],
					"cubes": [
						{"origin": [10, 0, -2], "size": [2, 1, 4], "uv": [12, 59]},
						{"origin": [-12, 0, -2], "size": [2, 1, 4], "uv": [0, 59]},
						{"origin": [10, 1, -4], "size": [2, 1, 8], "uv": [60, 32]},
						{"origin": [-12, 1, -4], "size": [2, 1, 8], "uv": [40, 32]},
						{"origin": [10, 10, -4], "size": [2, 1, 8], "uv": [20, 32]},
						{"origin": [-12, 10, -4], "size": [2, 1, 8], "uv": [0, 32]},
						{"origin": [10, 11, -2], "size": [2, 1, 4], "uv": [68, 54]},
						{"origin": [-12, 11, -2], "size": [2, 1, 4], "uv": [56, 54]},
						{"origin": [10, 2, -5], "size": [2, 8, 1], "uv": [6, 75]},
						{"origin": [-12, 2, -5], "size": [2, 8, 1], "uv": [0, 75]},
						{"origin": [10, 2, -4], "size": [2, 8, 8], "uv": [44, 16]},
						{"origin": [-12, 2, -4], "size": [2, 8, 8], "uv": [24, 16]},
						{"origin": [10, 2, 4], "size": [2, 8, 1], "uv": [46, 66]},
						{"origin": [-12, 2, 4], "size": [2, 8, 1], "uv": [40, 66]},
						{"origin": [10, 4, 5], "size": [2, 4, 1], "uv": [0, 84]},
						{"origin": [-12, 4, 5], "size": [2, 4, 1], "uv": [42, 75]},
						{"origin": [10, 4, -6], "size": [2, 4, 1], "uv": [36, 75]},
						{"origin": [-12, 4, -6], "size": [2, 4, 1], "uv": [28, 79]}
					]
				}
			]
		}
	]
}