{
	"format_version": "1.12.0",
	"minecraft:geometry": [
		{
			"description": {
				"identifier": "geometry.limmo",
				"texture_width": 512,
				"texture_height": 512,
				"visible_bounds_width": 8,
				"visible_bounds_height": 2,
				"visible_bounds_offset": [0, 1, 0]
			},
			"bones": [
				{
					"name": "body",
					"pivot": [-1, 16.5, 0],
					"cubes": [
						{"origin": [-16, 4, -24], "size": [32, 1, 64], "uv": [0, 68]},
						{"origin": [-16, 4, -37], "size": [32, 10, 14], "uv": [174, 159]},
						{"origin": [-16, 5, -24], "size": [1, 9, 32], "uv": [162, 191]},
						{"origin": [15, 5, -24], "size": [1, 9, 32], "uv": [96, 191]},
						{"origin": [-15.9, 14, -25], "size": [0, 14, 61], "uv": [391, 151]},
						{"origin": [15.7, 14, -25], "size": [0, 14, 61], "uv": [391, 151]},
						{"origin": [-15, 5, 0], "size": [29, 9, 2], "uv": [451, 28]},
						{"origin": [3, 14, 0], "size": [12, 11, 2], "uv": [451, 41]},
						{"origin": [3, 17, 0], "size": [12, 11, 2], "uv": [451, 41]},
						{"origin": [-15, 14, 0], "size": [12, 11, 2], "uv": [451, 41]},
						{"origin": [-15, 17, 0], "size": [12, 11, 2], "uv": [451, 41]},
						{"origin": [-16, 3, 36], "size": [32, 11, 9], "uv": [228, 191]},
						{"origin": [16.5, 11, 25], "size": [-2, 2, 5], "uv": [507, 0]},
						{"origin": [16.5, 11, -6], "size": [-2, 2, 5], "uv": [507, 0]},
						{"origin": [-14.5, 11, 25], "size": [-2, 2, 5], "uv": [507, 0]},
						{"origin": [-14.5, 11, -6], "size": [-2, 2, 5], "uv": [507, 0]},
						{"origin": [-16, 3, 39], "size": [32, 2, 2], "uv": [0, 313]},
						{"origin": [-4, 11, 40], "size": [9, 2, 1], "uv": [16, 410]},
						{"origin": [-15, 6, -11], "size": [30, 3, 8], "uv": [152, 269]},
						{"origin": [-15, 6, 9], "size": [30, 3, 8], "uv": [152, 269]},
						{"origin": [-15, 6, 25], "size": [30, 3, 8], "uv": [152, 269]},
						{"origin": [-16, 29, -13], "size": [32, 1, 55], "uv": [0, 135]},
						{"origin": [-16, 14, -26.5], "size": [32, 1, 1], "pivot": [0, 14.5, -26.5], "rotation": [-50, 0, 0], "uv": [447, 193]},
						{"origin": [-16, 28.89412, -13.40934], "size": [32, 1, 1], "pivot": [0, 29.39412, -12.90934], "rotation": [-40, 0, 0], "uv": [447, 193]},
						{"origin": [-16, 28, -13], "size": [1, 1, 55], "uv": [0, 135]},
						{"origin": [-16, 28, -14], "size": [1, 1, 55], "uv": [0, 135]},
						{"origin": [15, 28, -13], "size": [1, 1, 55], "uv": [0, 135]},
						{"origin": [15, 28, -13], "size": [1, 1, 54], "uv": [0, 135]},
						{"origin": [-11, 2.5, -38], "size": [23, 2.5, 15], "uv": [76, 269]},
						{"origin": [-9, 2.5, -37], "size": [23, 2.5, 15], "uv": [0, 269]},
						{"origin": [-14, 2.5, -37], "size": [23, 2.5, 15], "uv": [180, 249]},
						{"origin": [-14, 2.5, -22], "size": [23, 2.5, 65], "uv": [192, 68]},
						{"origin": [-9, 2.5, -22], "size": [23, 2.5, 15], "uv": [180, 232]},
						{"origin": [-16, 2, -24], "size": [32, 1, 67], "uv": [198, 0]},
						{"origin": [-16, 5, 8], "size": [1, 9, 28], "uv": [122, 232]},
						{"origin": [15, 5, 8], "size": [1, 9, 28], "uv": [64, 232], "mirror": true},
						{"origin": [-16, 0, 24], "size": [16, 16, 16], "uv": [0, 232]},
						{"origin": [15.5, 5, -21], "size": [1, 1, 61], "uv": [389, 87]},
						{"origin": [-16.5, 5, -21], "size": [1, 1, 61], "uv": [389, 87]},
						{"origin": [-16, 4, 45], "size": [32, 10, 14], "uv": [174, 135]},
						{"origin": [-16, 3, 59], "size": [32, 11, 3], "uv": [228, 286]},
						{"origin": [-16, 14, 36], "size": [4, 11, 6], "uv": [140, 334]},
						{"origin": [-16, 17, 36], "size": [4, 11, 6], "uv": [140, 334]},
						{"origin": [12, 14, 36], "size": [4, 11, 6], "uv": [258, 317]},
						{"origin": [12, 18, 36], "size": [4, 11, 6], "uv": [258, 317]},
						{"origin": [11, 14, 42], "size": [5, 16, 15], "uv": [298, 306]},
						{"origin": [-16, 14, 42], "size": [5, 16, 15], "uv": [298, 306]},
						{"origin": [-5, 7, 26], "size": [9, 4, 8], "uv": [224, 317]},
						{"origin": [-5, 7, 7], "size": [9, 4, 8], "uv": [224, 317]},
						{"origin": [-5, 7.6, 24], "size": [9, 4, 4], "pivot": [-0.5, 9, 28], "rotation": [35, 0, 0], "uv": [487, 17]},
						{"origin": [-5, -0.8, 16], "size": [9, 4, 4], "pivot": [-0.5, 9, 28], "rotation": [-35, 0, 0], "uv": [487, 17]},
						{"origin": [-5, 5, 23.3], "size": [9, 4, 4], "uv": [487, 17]},
						{"origin": [-5, 5, 14], "size": [9, 4, 4], "uv": [487, 17]},
						{"origin": [15, 14, 17], "size": [1, 11, 6], "uv": [142, 351]},
						{"origin": [15, 17, 17], "size": [1, 11, 6], "uv": [142, 351]},
						{"origin": [15, 14, 0], "size": [1, 11, 6], "uv": [128, 351]},
						{"origin": [15, 17, 0], "size": [1, 11, 6], "uv": [128, 351]},
						{"origin": [-16, 14, 0], "size": [1, 11, 6], "uv": [114, 351]},
						{"origin": [-16, 17, 0], "size": [1, 11, 6], "uv": [114, 351]},
						{"origin": [-16, 14, 17], "size": [1, 11, 6], "uv": [100, 351]},
						{"origin": [-16, 17, 17], "size": [1, 11, 6], "uv": [100, 351]},
						{"origin": [-16, 3, -24], "size": [32, 1, 67], "uv": [0, 0]}
					]
				},
				{
					"name": "body77",
					"parent": "body",
					"pivot": [0, 19, 46.5],
					"rotation": [40, 0, 0]
				},
				{
					"name": "bodyT5",
					"parent": "body",
					"pivot": [12, 17, 47.5],
					"rotation": [40, 0, 0]
				},
				{
					"name": "bodyT6",
					"parent": "body",
					"pivot": [-13, 18, 46.5],
					"rotation": [42.5, 0, 0],
					"cubes": [
						{"origin": [-16, 7.88748, 50.28933], "size": [5, 22, 1], "inflate": -0.01, "uv": [0, 425]},
						{"origin": [-11, 27.88748, 50.28933], "size": [22, 2, 1], "inflate": -0.01, "uv": [0, 449]},
						{"origin": [-11, 7.88748, 50.28933], "size": [22, 2, 1], "inflate": -0.01, "uv": [0, 449]},
						{"origin": [11, 7.88748, 50.28933], "size": [5, 22, 1], "inflate": -0.01, "uv": [0, 425]}
					]
				},
				{
					"name": "body0",
					"parent": "body",
					"pivot": [-12.5, 6.5, -39],
					"cubes": [
						{"origin": [-16, 3, -41.5], "size": [7, 11, 3], "uv": [80, 351]},
						{"origin": [-16, 3, -39.5], "size": [7, 11, 3], "uv": [40, 351]},
						{"origin": [-16, 2, -42.5], "size": [7, 3, 3], "uv": [62, 397]}
					]
				},
				{
					"name": "body1",
					"parent": "body",
					"pivot": [12.75, 6.5, -39],
					"cubes": [
						{"origin": [9, 3, -41.5], "size": [7, 11, 3], "uv": [60, 351]},
						{"origin": [9, 3, -38.5], "size": [7, 11, 3], "uv": [20, 351]},
						{"origin": [9, 2, -42.5], "size": [8, 3, 3], "uv": [40, 395]}
					]
				},
				{
					"name": "bodyT1",
					"parent": "body",
					"pivot": [15.5, 22, -21.5],
					"rotation": [-40, 0, 0],
					"cubes": [
						{"origin": [13, 17.59205, -20.13092], "size": [3, 16, 1], "uv": [90, 386]},
						{"origin": [-16, 17.59205, -20.13092], "size": [3, 16, 1], "uv": [90, 386]},
						{"origin": [-13, 13.4, -19.29813], "size": [26, 20, 0], "uv": [461, 234]},
						{"origin": [13, 12.59205, -20.13092], "size": [3, 16, 1], "uv": [90, 386]},
						{"origin": [-16, 12.59205, -20.13092], "size": [3, 16, 1], "uv": [90, 386]}
					]
				},
				{
					"name": "bodyT2",
					"parent": "body",
					"pivot": [-15.5, 22, -21.5],
					"rotation": [-40, 0, 0]
				},
				{
					"name": "bodyT01",
					"parent": "body",
					"pivot": [0, 16.27927, -17.95746],
					"rotation": [-39, 0, 0]
				},
				{
					"name": "bodyM1",
					"parent": "body",
					"pivot": [15.5, 16, -20],
					"rotation": [0, -20, 0],
					"cubes": [
						{"origin": [15, 14, -29], "size": [7, 4, 2], "uv": [98, 392]}
					]
				},
				{
					"name": "bodyM2",
					"parent": "body",
					"pivot": [-15.5, 16, -20],
					"rotation": [0, 20, 0],
					"cubes": [
						{"origin": [-22, 14, -25], "size": [7, 4, 2], "uv": [98, 386]}
					]
				},
				{
					"name": "bodyB122",
					"parent": "body",
					"pivot": [-1, 16.5, 0],
					"cubes": [
						{"origin": [-10, 3, -41.5], "size": [20, 12, 4], "uv": [96, 317]},
						{"origin": [-10, 3, -37.5], "size": [20, 12, 4], "uv": [48, 317]},
						{"origin": [-10, 3, -33.5], "size": [20, 12, 4], "uv": [0, 317]},
						{"origin": [-10, 3, -29.5], "size": [20, 12, 4], "uv": [224, 300]},
						{"origin": [-9, 2, -42.5], "size": [19, 3, 5], "uv": [144, 317]}
					]
				},
				{
					"name": "body2",
					"parent": "bodyB122",
					"pivot": [0, 12, -24],
					"cubes": [
						{"origin": [-4, 12, -43.6], "size": [8, 8, 8], "inflate": -3, "uv": [192, 317]}
					]
				},
				{
					"name": "bodyL",
					"parent": "body2",
					"pivot": [-12.5, 14.5, -38.5],
					"rotation": [0, 30, 0]
				},
				{
					"name": "bodyL2",
					"parent": "body2",
					"pivot": [9.5, 14.5, -35.5],
					"rotation": [0, -30, 0]
				},
				{
					"name": "bodyc23",
					"parent": "body",
					"pivot": [0, 10, -19.5],
					"rotation": [45, 0, 0],
					"cubes": [
						{"origin": [-15, 6, -22], "size": [30, 8, 5], "uv": [298, 286]}
					]
				},
				{
					"name": "body11",
					"parent": "body",
					"pivot": [7, 12, -15],
					"rotation": [15, 0, 0],
					"cubes": [
						{"origin": [3, 11, -16], "size": [1, 6, 2], "uv": [142, 403]},
						{"origin": [6, 13, -21], "size": [2, 2, 8], "uv": [40, 368]},
						{"origin": [10, 11, -16], "size": [1, 6, 2], "uv": [136, 403]},
						{"origin": [4, 13.5, -16], "size": [6, 1, 2], "uv": [36, 409]},
						{"origin": [4, 16.5, -16], "size": [6, 1, 2], "uv": [36, 406]},
						{"origin": [4, 10.5, -16], "size": [6, 1, 2], "uv": [36, 403]}
					]
				},
				{
					"name": "bodyS11",
					"parent": "body",
					"pivot": [0, 15, -9],
					"rotation": [70, 0, 0],
					"cubes": [
						{"origin": [-15, 7, -12], "size": [30, 2, 8], "uv": [152, 286]},
						{"origin": [-15, 7, -14], "size": [30, 2, 8], "uv": [152, 286]}
					]
				},
				{
					"name": "bodyS2",
					"parent": "body",
					"pivot": [0, 12, 9],
					"rotation": [70, 0, 0],
					"cubes": [
						{"origin": [-15, -12.49232, 13.5505], "size": [30, 2, 8], "uv": [76, 286]}
					]
				},
				{
					"name": "body3",
					"parent": "body",
					"pivot": [0, 15, 7.5],
					"rotation": [25, 0, 0],
					"cubes": [
						{"origin": [-15, 8, 5], "size": [30, 10, 3], "uv": [0, 300]},
						{"origin": [6, 10, 3], "size": [8, 10, 3], "pivot": [0, 12.76477, 7.43893], "rotation": [-25, 0, 0], "uv": [0, 300]},
						{"origin": [3, 10, 33], "size": [8, 10, 3], "pivot": [0, 12.76477, 7.43893], "rotation": [-25, 0, 0], "uv": [0, 300]},
						{"origin": [-14, 10, 3], "size": [8, 10, 3], "pivot": [0, 12.76477, 7.43893], "rotation": [-25, 0, 0], "uv": [0, 300]},
						{"origin": [-11, 10, 33], "size": [8, 10, 3], "pivot": [0, 12.76477, 7.43893], "rotation": [-25, 0, 0], "uv": [0, 300]}
					]
				},
				{
					"name": "leg0",
					"pivot": [0, 6, -30],
					"cubes": [
						{"origin": [14, 1, -34], "size": [2, 1, 8], "uv": [124, 377]},
						{"origin": [14, 2, -26], "size": [2, 8, 1], "uv": [118, 403]},
						{"origin": [14, 2, -35], "size": [2, 8, 1], "uv": [112, 403]},
						{"origin": [14, 10, -34], "size": [2, 1, 8], "uv": [124, 368]},
						{"origin": [14, 0, -33], "size": [2, 1, 6], "uv": [148, 393]},
						{"origin": [14, 11, -33], "size": [2, 1, 6], "uv": [148, 386]},
						{"origin": [14, 3, -25], "size": [2, 6, 1], "uv": [6, 413]},
						{"origin": [14, 3, -36], "size": [2, 6, 1], "uv": [0, 413]}
					]
				},
				{
					"name": "leg4",
					"parent": "leg0",
					"pivot": [-17, 6, -31],
					"cubes": [
						{"origin": [-16, 2, -34], "size": [2, 8, 8], "uv": [0, 351]},
						{"origin": [14, 2, -34], "size": [2, 8, 8], "uv": [0, 351], "mirror": true},
						{"origin": [-16, 1, -34], "size": [2, 1, 8], "uv": [144, 377]},
						{"origin": [-16, 2, -26], "size": [2, 8, 1], "uv": [130, 403]},
						{"origin": [-16, 2, -35], "size": [2, 8, 1], "uv": [124, 403]},
						{"origin": [-16, 10, -34], "size": [2, 1, 8], "uv": [144, 368]},
						{"origin": [-16, 0, -33], "size": [2, 1, 6], "uv": [0, 403]},
						{"origin": [-16, 11, -33], "size": [2, 1, 6], "uv": [16, 403]},
						{"origin": [-16, 3, -25], "size": [2, 6, 1], "uv": [18, 413]},
						{"origin": [-16, 3, -36], "size": [2, 6, 1], "uv": [12, 413]}
					]
				},
				{
					"name": "leg1",
					"pivot": [0, 6, 52],
					"cubes": [
						{"origin": [14, 2, 48], "size": [2, 8, 8], "uv": [180, 334]},
						{"origin": [14, 1, 48], "size": [2, 1, 8], "uv": [104, 377]},
						{"origin": [14, 2, 56], "size": [2, 8, 1], "uv": [106, 403]},
						{"origin": [14, 2, 47], "size": [2, 8, 1], "uv": [100, 403]},
						{"origin": [14, 10, 48], "size": [2, 1, 8], "uv": [104, 368]},
						{"origin": [14, 0, 49], "size": [2, 1, 6], "uv": [132, 393]},
						{"origin": [14, 11, 49], "size": [2, 1, 6], "uv": [132, 386]},
						{"origin": [14, 3, 57], "size": [2, 6, 1], "uv": [170, 403]},
						{"origin": [14, 3, 46], "size": [2, 6, 1], "uv": [164, 403]}
					]
				},
				{
					"name": "leg3",
					"parent": "leg1",
					"pivot": [-17, 6, -31],
					"cubes": [
						{"origin": [-16, 2, 48], "size": [2, 8, 8], "uv": [160, 334]},
						{"origin": [-16, 1, 48], "size": [2, 1, 8], "uv": [84, 377]},
						{"origin": [-16, 2, 56], "size": [2, 8, 1], "uv": [94, 403]},
						{"origin": [-16, 2, 47], "size": [2, 8, 1], "uv": [88, 403]},
						{"origin": [-16, 10, 48], "size": [2, 1, 8], "uv": [84, 368]},
						{"origin": [-16, 0, 49], "size": [2, 1, 6], "uv": [116, 393]},
						{"origin": [-16, 11, 49], "size": [2, 1, 6], "uv": [116, 386]},
						{"origin": [-16, 3, 57], "size": [2, 6, 1], "uv": [158, 403]},
						{"origin": [-16, 3, 46], "size": [2, 6, 1], "uv": [152, 403]}
					]
				}
			]
		}
	]
}