{
	"format_version": "1.12.0",
	"minecraft:geometry": [
		{
			"description": {
				"identifier": "geometry.car_lowrider",
				"texture_width": 1024,
				"texture_height": 512,
				"visible_bounds_width": 11,
				"visible_bounds_height": 4,
				"visible_bounds_offset": [0, 0, 0]
			},
			"bones": [
				{
					"name": "car",
					"pivot": [0, 0, 0]
				},
				{
					"name": "body",
					"parent": "car",
					"pivot": [0, 9.6, -4.65],
					"cubes": [
						{"origin": [-16, 3.5, -17.5], "size": [32, 1, 37], "uv": [488, 72]},
						{"origin": [-18, 3.5, -53.5], "size": [36, 11, 19], "uv": [915, 195]},
						{"origin": [-12, 14.5, -41.5], "size": [30, 1, 7], "uv": [349, 185]},
						{"origin": [-12, 15.5, -29.5], "size": [30, 1, 12], "uv": [232, 168]},
						{"origin": [-18, 3.5, -34.5], "size": [36, 12, 17], "uv": [482, 454]},
						{"origin": [-18, 3.5, -54.5], "size": [36, 3, 1], "uv": [681, 487]},
						{"origin": [-18, 3.5, 38.5], "size": [36, 3, 1], "uv": [681, 487]},
						{"origin": [-18, 3.5, 39.5], "size": [36, 1, 1], "uv": [681, 487]},
						{"origin": [-18, 3.5, -55.5], "size": [36, 1, 1], "uv": [681, 487]},
						{"origin": [-18, 4.5, 39.5], "size": [36, 1, 1], "uv": [681, 487]},
						{"origin": [-18, 4.5, -55.5], "size": [36, 1, 1], "uv": [681, 487]},
						{"origin": [-18, 3.5, -17.5], "size": [2, 13, 37], "uv": [0, 74]},
						{"origin": [-23, 16.5, -19.5], "size": [5, 4, 2], "uv": [374, 0]},
						{"origin": [18, 16.5, -19.5], "size": [5, 4, 2], "uv": [374, 0]},
						{"origin": [-18, 3.5, -52.5], "size": [3, 10, 14], "uv": [828, 468]},
						{"origin": [-18, 3.5, 23.5], "size": [3, 10, 14], "uv": [829, 438]},
						{"origin": [15, 3.5, -52.5], "size": [3, 10, 14], "uv": [830, 410]},
						{"origin": [15, 3.5, 23.5], "size": [3, 10, 14], "uv": [831, 380]},
						{"origin": [2, 4.5, -9.5], "size": [12, 6, 10], "uv": [824, 493]},
						{"origin": [-14, 4.5, -9.5], "size": [12, 6, 10], "uv": [824, 493]},
						{"origin": [-16, 4.5, 7.5], "size": [16, 6, 10], "uv": [768, 411]},
						{"origin": [0, 4.5, 7.5], "size": [16, 6, 10], "uv": [768, 411]},
						{"origin": [16, 3.5, -17.5], "size": [2, 13, 37], "uv": [0, 0]},
						{"origin": [17, 13.5, -6.5], "size": [2, 2, 4], "uv": [900, 430]},
						{"origin": [-19, 13.5, -6.5], "size": [2, 2, 4], "uv": [900, 430]},
						{"origin": [17, 13.5, 14.5], "size": [2, 2, 4], "uv": [900, 430]},
						{"origin": [-19, 13.5, 14.5], "size": [2, 2, 4], "uv": [900, 430]},
						{"origin": [-18, 3.5, 19.5], "size": [36, 13, 19], "uv": [914, 163]},
						{"origin": [-4, 7.5, 38], "size": [8, 2, 1], "uv": [735, 494]},
						{"origin": [-4, 7, -37], "size": [8, 2, 1], "uv": [735, 494]},
						{"origin": [-11, 16.48784, -53.1955], "size": [22, 1, 35], "pivot": [-2, 12.50687, -19.13128], "rotation": [5, 0, 0], "uv": [491, 316]},
						{"origin": [-18, 14.48784, -42.5], "size": [6, 3, 24], "uv": [495, 319]},
						{"origin": [12, 14.48784, -42.5], "size": [6, 3, 24], "uv": [524, 319]},
						{"origin": [-18, 8.96292, -52.77103], "size": [6, 3, 11.5], "pivot": [-15, 10.46292, -62.77103], "rotation": [15, 0, 0], "uv": [487, 318]},
						{"origin": [12, 8.96292, -52.77103], "size": [6, 3, 11.5], "pivot": [15, 10.46292, -62.77103], "rotation": [15, 0, 0], "uv": [487, 318]},
						{"origin": [11, 8.5, -53.9], "size": [1, 9, 35], "pivot": [-2, 11.50687, -19.13128], "rotation": [5, 0, 0], "uv": [574, 461]},
						{"origin": [-12, 8.5, -53.9], "size": [1, 9, 35], "pivot": [-2, 12.50687, -19.13128], "rotation": [5, 0, 0], "uv": [574, 461]},
						{"origin": [-14, 10, 21], "size": [1, 6, 18], "uv": [591, 479]},
						{"origin": [-15, 10, 21], "size": [1, 1, 18], "uv": [591, 479]},
						{"origin": [15, 10, 21], "size": [1, 1, 18], "uv": [591, 479]},
						{"origin": [-15, 15, 21], "size": [1, 1, 18], "uv": [591, 479]},
						{"origin": [15, 15, 21], "size": [1, 1, 18], "uv": [591, 479]},
						{"origin": [16, 10, 38], "size": [1, 6, 1], "uv": [1009, 462]},
						{"origin": [-17, 10, 38], "size": [1, 6, 1], "uv": [1009, 462]},
						{"origin": [-16, 10, 21], "size": [1, 1, 18], "uv": [591, 479]},
						{"origin": [14, 10, 21], "size": [1, 1, 18], "uv": [591, 479]},
						{"origin": [-16, 15, 21], "size": [1, 1, 18], "uv": [591, 479]},
						{"origin": [14, 15, 21], "size": [1, 1, 18], "uv": [591, 479]},
						{"origin": [13, 10, 21], "size": [1, 6, 18], "uv": [591, 479]}
					]
				},
				{
					"name": "body0",
					"parent": "car",
					"pivot": [0, 17, -17],
					"rotation": [-25, 0, 0],
					"cubes": [
						{"origin": [-18, 14.67738, -19.40631], "size": [2, 20, 1], "uv": [0, 75]},
						{"origin": [16, 14.67738, -19.40631], "size": [2, 20, 1], "uv": [0, 75]},
						{"origin": [-16, 32.67738, -19.40631], "size": [32, 2, 1], "uv": [213, 145]},
						{"origin": [-16, 15.67738, -19.40631], "size": [32, 17, 0], "uv": [787, 238]},
						{"origin": [-16, 14.67738, -19.40631], "size": [32, 2, 1], "uv": [136, 85]}
					]
				},
				{
					"name": "body1",
					"parent": "car",
					"pivot": [0, 16, 21],
					"rotation": [25, 0, 0],
					"cubes": [
						{"origin": [-18, 15.19047, 20.87477], "size": [36, 2, 1], "uv": [0, 147]}
					]
				},
				{
					"name": "body2",
					"parent": "car",
					"pivot": [0, 12.5, 2.5],
					"rotation": [-15, 0, 0],
					"cubes": [
						{"origin": [-16, 13.24118, 14.53407], "size": [32, 10, 1], "uv": [763, 393]},
						{"origin": [-15, 23.24118, 14.53407], "size": [30, 1, 1], "uv": [767, 387]},
						{"origin": [-14, 24.24118, 14.53407], "size": [28, 1, 1], "uv": [769, 382]},
						{"origin": [2, 9.24118, -0.46593], "size": [12, 10, 1], "uv": [796, 496]},
						{"origin": [-14, 9.24118, -0.46593], "size": [12, 10, 1], "uv": [796, 496]},
						{"origin": [3, 19.24118, -0.46593], "size": [10, 1, 1], "uv": [798, 492]},
						{"origin": [-13, 19.24118, -0.46593], "size": [10, 1, 1], "uv": [798, 492]},
						{"origin": [4, 20.24118, -0.46593], "size": [8, 1, 1], "uv": [801, 488]},
						{"origin": [-12, 20.24118, -0.46593], "size": [8, 1, 1], "uv": [801, 488]}
					]
				},
				{
					"name": "dashboard0",
					"parent": "car",
					"pivot": [0, 9, -16],
					"rotation": [-25, 0, 0],
					"cubes": [
						{"origin": [-16, 11.07738, -20.40631], "size": [32, 3, 8], "uv": [765, 361]},
						{"origin": [11, 15.07738, -19.40631], "size": [1, 1, 6], "uv": [987, 450]},
						{"origin": [4, 15.07738, -19.40631], "size": [1, 1, 6], "uv": [987, 450]},
						{"origin": [5, 15.07738, -13.40631], "size": [6, 1, 1], "uv": [987, 450]},
						{"origin": [5, 15.07738, -20.40631], "size": [6, 1, 1], "uv": [987, 450]},
						{"origin": [7, 14.07738, -17.40631], "size": [2, 2, 2], "uv": [987, 450]},
						{"origin": [7, 12.07738, -17.40631], "size": [2, 2, 2], "uv": [0, 75]},
						{"origin": [9, 15.07738, -17.40631], "size": [2, 1, 2], "uv": [987, 450]},
						{"origin": [5, 15.07738, -17.40631], "size": [2, 1, 2], "uv": [987, 450]}
					]
				},
				{
					"name": "leg0",
					"parent": "car",
					"pivot": [0, 5.5, -44.5],
					"cubes": [
						{"origin": [-18, 1, -49], "size": [2, 1, 7], "uv": [969, 438]},
						{"origin": [-18, 0, -48], "size": [2, 1, 5], "uv": [969, 438]},
						{"origin": [16, 0, -48], "size": [2, 1, 5], "uv": [977, 440]},
						{"origin": [-18, 10, -48], "size": [2, 1, 5], "uv": [969, 438]},
						{"origin": [16, 10, -48], "size": [2, 1, 5], "uv": [977, 440]},
						{"origin": [-18, 9, -49], "size": [2, 1, 7], "uv": [969, 438]},
						{"origin": [-18, 2, -49], "size": [2, 7, 7], "uv": [957, 480], "mirror": true},
						{"origin": [-18, 2, -50], "size": [2, 7, 1], "uv": [969, 438]},
						{"origin": [-18, 3, -51], "size": [2, 5, 1], "uv": [969, 438]},
						{"origin": [16, 3, -51], "size": [2, 5, 1], "uv": [977, 440]},
						{"origin": [-18, 3, -41], "size": [2, 5, 1], "uv": [969, 438]},
						{"origin": [16, 3, -41], "size": [2, 5, 1], "uv": [977, 440]},
						{"origin": [-18, 2, -42], "size": [2, 7, 1], "uv": [969, 438]},
						{"origin": [16, 1, -49], "size": [2, 1, 7], "uv": [977, 440]},
						{"origin": [16, 9, -49], "size": [2, 1, 7], "uv": [977, 440]},
						{"origin": [16, 2, -49], "size": [2, 7, 7], "uv": [957, 480]},
						{"origin": [16, 2, -50], "size": [2, 7, 1], "uv": [977, 440]},
						{"origin": [16, 2, -42], "size": [2, 7, 1], "uv": [977, 440]}
					]
				},
				{
					"name": "leg1",
					"parent": "car",
					"pivot": [0, 5.5, 31.5],
					"cubes": [
						{"origin": [-18, 1, 27], "size": [2, 1, 7], "uv": [1008, 506]},
						{"origin": [-18, 0, 28], "size": [2, 1, 5], "uv": [1008, 506]},
						{"origin": [16, 0, 28], "size": [2, 1, 5], "uv": [1008, 506]},
						{"origin": [-18, 10, 28], "size": [2, 1, 5], "uv": [1008, 506]},
						{"origin": [16, 10, 28], "size": [2, 1, 5], "uv": [1008, 506]},
						{"origin": [-18, 9, 27], "size": [2, 1, 7], "uv": [1008, 506]},
						{"origin": [-18, 2, 27], "size": [2, 7, 7], "uv": [966, 480]},
						{"origin": [-18, 2, 26], "size": [2, 7, 1], "uv": [1008, 506]},
						{"origin": [-18, 3, 25], "size": [2, 5, 1], "uv": [1008, 506]},
						{"origin": [16, 3, 25], "size": [2, 5, 1], "uv": [1008, 506]},
						{"origin": [-18, 3, 35], "size": [2, 5, 1], "uv": [1008, 506]},
						{"origin": [16, 3, 35], "size": [2, 5, 1], "uv": [1008, 506]},
						{"origin": [-18, 2, 34], "size": [2, 7, 1], "uv": [1008, 506]},
						{"origin": [16, 1, 27], "size": [2, 1, 7], "uv": [1008, 506]},
						{"origin": [16, 9, 27], "size": [2, 1, 7], "uv": [1008, 506]},
						{"origin": [16, 2, 27], "size": [2, 7, 7], "uv": [957, 480]},
						{"origin": [16, 2, 26], "size": [2, 7, 1], "uv": [1008, 506]},
						{"origin": [16, 2, 34], "size": [2, 7, 1], "uv": [1008, 506]}
					]
				}
			]
		}
	]
}