{
	"format_version": "1.10.0",
	"geometry.mini_bus": {
		"texturewidth": 1024,
		"textureheight": 1024,
		"visible_bounds_width": 8,
		"visible_bounds_height": 3,
		"visible_bounds_offset": [0, 1.5, 0],
		"bones": [
			{
				"name": "mini_bus",
				"pivot": [0, 0, 3]
			},
			{
				"name": "body",
				"parent": "mini_bus",
				"pivot": [0, 0, 3],
				"cubes": [
					{"origin": [-20, 4, -21], "size": [40, 2, 48], "uv": [0, 271]},
					{"origin": [-20, 46, -45], "size": [40, 2, 108], "uv": [312, 0]},
					{"origin": [-16, 47, -33], "size": [32, 2, 79], "uv": [0, 584]},
					{"origin": [16, 42, -44], "size": [4, 4, 107], "uv": [222, 160]},
					{"origin": [-20, 42, -44], "size": [4, 4, 107], "uv": [0, 160]},
					{"origin": [-14, 4, 27], "size": [28, 2, 20], "uv": [96, 359]},
					{"origin": [-14, 4, -41], "size": [28, 2, 20], "uv": [96, 359]},
					{"origin": [-20, 6, -21], "size": [40, 8, 32], "uv": [176, 271]},
					{"origin": [-14, 6, 27], "size": [28, 8, 20], "uv": [328, 331]},
					{"origin": [-20, 4, 47], "size": [40, 10, 16], "uv": [0, 331]},
					{"origin": [-20, 4, -53], "size": [40, 10, 12], "uv": [224, 331]},
					{"origin": [-20, 14, -53], "size": [40, 1, 12], "uv": [281, 409]},
					{"origin": [-20, 14.4, -53], "size": [40, 12, 4], "uv": [338, 359]},
					{"origin": [-2, 22.4, -49], "size": [4, 4, 1], "uv": [0, 665]},
					{"origin": [-19, 24, -62], "size": [2, 2, 9], "uv": [92, 550]},
					{"origin": [17, 24, -62], "size": [2, 2, 9], "uv": [70, 550]},
					{"origin": [-20, 26, -63], "size": [4, 8, 2], "uv": [92, 570]},
					{"origin": [16, 26, -63], "size": [4, 8, 2], "uv": [80, 570]},
					{"origin": [-20, 14, -49], "size": [3, 12, 8], "uv": [86, 523]},
					{"origin": [17, 14, -49], "size": [3, 12, 8], "uv": [64, 523]},
					{"origin": [-20, 6, 11], "size": [40, 8, 16], "uv": [112, 331]},
					{"origin": [-20, 14, 11], "size": [3, 12, 16], "uv": [260, 471]},
					{"origin": [17, 14, -21], "size": [3, 12, 48], "uv": [320, 271]},
					{"origin": [17, 14, 47], "size": [3, 12, 16], "uv": [222, 471]},
					{"origin": [-20, 14, 47], "size": [3, 12, 16], "uv": [184, 471]},
					{"origin": [-20, 26, 59], "size": [3, 16, 4], "uv": [56, 550]},
					{"origin": [17, 26, 59], "size": [3, 16, 4], "uv": [14, 550]},
					{"origin": [-20, 26, 28], "size": [3, 16, 4], "uv": [42, 550]},
					{"origin": [-20, 26, 44], "size": [3, 16, 4], "uv": [178, 523]},
					{"origin": [-20, 26, 11], "size": [3, 16, 4], "uv": [192, 523]},
					{"origin": [-20, 26, -9], "size": [3, 16, 4], "uv": [150, 523]},
					{"origin": [-20, 26, -27], "size": [3, 16, 4], "uv": [122, 523]},
					{"origin": [17, 26, 28], "size": [3, 16, 4], "uv": [28, 550]},
					{"origin": [17, 26, 44], "size": [3, 16, 4], "uv": [164, 523]},
					{"origin": [17, 26, 11], "size": [3, 16, 4], "uv": [0, 550]},
					{"origin": [17, 26, -9], "size": [3, 16, 4], "uv": [136, 523]},
					{"origin": [17, 26, -27], "size": [3, 16, 4], "uv": [108, 523]},
					{"origin": [-20, 18, 27], "size": [3, 8, 20], "uv": [138, 471]},
					{"origin": [-20, 18, -41], "size": [3, 8, 20], "uv": [0, 471]},
					{"origin": [17, 18, 27], "size": [3, 8, 20], "uv": [92, 471]},
					{"origin": [17, 18, -41], "size": [3, 8, 20], "uv": [46, 471]},
					{"origin": [-17, 14, 59], "size": [34, 32, 4], "uv": [262, 359]},
					{"origin": [-20, 4, -53], "size": [40, 44, 116], "uv": [0, 0], "inflate": 0.01},
					{"origin": [-20, 14, -21], "size": [3, 12, 32], "uv": [192, 359]},
					{"origin": [-14, 14, -40], "size": [28, 4, 10], "uv": [76, 417], "inflate": -0.1},
					{"origin": [-14, 14, -13], "size": [28, 4, 10], "uv": [76, 403]},
					{"origin": [-14, 14, 13], "size": [28, 4, 10], "uv": [0, 417]},
					{"origin": [-14, 14, 42], "size": [28, 4, 10], "uv": [0, 403]},
					{"origin": [-14, 14, -30], "size": [28, 15, 4], "uv": [296, 437], "inflate": -0.1},
					{"origin": [-14, 14, -3], "size": [28, 15, 4], "uv": [232, 437]},
					{"origin": [-14, 14, 23], "size": [28, 15, 4], "uv": [168, 437]},
					{"origin": [-14, 14, 52], "size": [28, 15, 4], "uv": [104, 437]},
					{"origin": [14.1, 4, -41], "size": [6, 14, 20], "uv": [152, 403], "inflate": 0.01},
					{"origin": [-20, 4, -41], "size": [6, 14, 20], "uv": [52, 437], "inflate": 0.01},
					{"origin": [-20.1, 4, 27], "size": [6, 14, 20], "uv": [0, 437], "inflate": 0.01},
					{"origin": [14.1, 4, 27], "size": [6, 14, 20], "uv": [0, 437], "inflate": 0.01, "mirror": true}
				]
			},
			{
				"name": "body2",
				"parent": "body",
				"pivot": [0, 0, 3],
				"cubes": [
					{"origin": [-2, 22.4, -49], "size": [4, 4, 1], "uv": [0, 665]},
					{"origin": [-2, 26.4, -48], "size": [4, 4, 1], "uv": [1017, 0]},
					{"origin": [0, 25.4, -48], "size": [4, 4, 1], "uv": [1017, 0]},
					{"origin": [-4, 25.4, -48], "size": [4, 4, 1], "uv": [1017, 0]},
					{"origin": [-5, 24.4, -48], "size": [4, 4, 1], "uv": [1017, 0]},
					{"origin": [1, 24.4, -48], "size": [4, 4, 1], "uv": [1017, 0]},
					{"origin": [2, 22.4, -48], "size": [4, 4, 1], "uv": [1017, 0]},
					{"origin": [-6, 22.4, -48], "size": [4, 4, 1], "uv": [1017, 0]},
					{"origin": [-5, 20.4, -48], "size": [4, 4, 1], "uv": [1017, 0]},
					{"origin": [1, 20.4, -48], "size": [4, 4, 1], "uv": [1017, 0]},
					{"origin": [0, 19.4, -48], "size": [4, 4, 1], "uv": [1017, 0]},
					{"origin": [-4, 19.4, -48], "size": [4, 4, 1], "uv": [1017, 0]},
					{"origin": [-2, 18.4, -48], "size": [4, 4, 1], "uv": [1017, 0]},
					{"origin": [-2, 22.4, -48], "size": [4, 4, 2], "uv": [1004, 0]}
				]
			},
			{
				"name": "body1",
				"parent": "body2",
				"pivot": [0, 37.84202, -49.06031],
				"rotation": [-20, 0, 0],
				"cubes": [
					{"origin": [-16, 25.7, -48.6], "size": [32, 23, 4], "uv": [0, 666]}
				]
			},
			{
				"name": "body0",
				"parent": "body",
				"pivot": [0, 32, -51],
				"rotation": [-20, 0, 0],
				"cubes": [
					{"origin": [-20, 26, -51], "size": [4, 23, 4], "uv": [48, 523]},
					{"origin": [16, 26, -51], "size": [4, 23, 4], "uv": [32, 523]}
				]
			},
			{
				"name": "leg1",
				"parent": "mini_bus",
				"pivot": [-18, 8, 37],
				"cubes": [
					{"origin": [-20, 2, 31], "size": [4, 12, 12], "uv": [32, 499]},
					{"origin": [16, 2, 31], "size": [4, 12, 12], "uv": [0, 499]},
					{"origin": [-20, 14, 31], "size": [4, 1, 12], "uv": [224, 499]},
					{"origin": [16, 14, 31], "size": [4, 1, 12], "uv": [192, 499]},
					{"origin": [-20, 15, 33], "size": [4, 1, 8], "uv": [140, 550]},
					{"origin": [16, 15, 33], "size": [4, 1, 8], "uv": [116, 559]},
					{"origin": [-20, 2, 30], "size": [4, 12, 1], "uv": [30, 570]},
					{"origin": [16, 2, 30], "size": [4, 12, 1], "uv": [20, 570]},
					{"origin": [-20, 2, 43], "size": [4, 12, 1], "uv": [10, 570]},
					{"origin": [16, 2, 43], "size": [4, 12, 1], "uv": [0, 570]},
					{"origin": [-20, 4, 29], "size": [4, 8, 1], "uv": [134, 570]},
					{"origin": [16, 4, 29], "size": [4, 8, 1], "uv": [124, 570]},
					{"origin": [-20, 4, 44], "size": [4, 8, 1], "uv": [114, 570]},
					{"origin": [16, 4, 44], "size": [4, 8, 1], "uv": [104, 570]},
					{"origin": [-20, 1, 31], "size": [4, 1, 12], "uv": [160, 499]},
					{"origin": [16, 1, 31], "size": [4, 1, 12], "uv": [128, 499]},
					{"origin": [-20, 0, 33], "size": [4, 1, 8], "uv": [116, 550]},
					{"origin": [16, 0, 33], "size": [4, 1, 8], "uv": [92, 561]}
				]
			},
			{
				"name": "leg0",
				"parent": "mini_bus",
				"pivot": [-18, 8, 37],
				"cubes": [
					{"origin": [-20, 2, -37], "size": [4, 12, 12], "uv": [96, 499]},
					{"origin": [16, 2, -37], "size": [4, 12, 12], "uv": [64, 499]},
					{"origin": [-20, 14, -37], "size": [4, 1, 12], "uv": [0, 536]},
					{"origin": [16, 14, -37], "size": [4, 1, 12], "uv": [0, 523]},
					{"origin": [-20, 15, -35], "size": [4, 1, 8], "uv": [188, 550]},
					{"origin": [16, 15, -35], "size": [4, 1, 8], "uv": [164, 559]},
					{"origin": [-20, 2, -38], "size": [4, 12, 1], "uv": [70, 570]},
					{"origin": [16, 2, -38], "size": [4, 12, 1], "uv": [60, 570]},
					{"origin": [-20, 2, -25], "size": [4, 12, 1], "uv": [50, 570]},
					{"origin": [16, 2, -25], "size": [4, 12, 1], "uv": [40, 570]},
					{"origin": [-20, 4, -39], "size": [4, 8, 1], "uv": [174, 570]},
					{"origin": [16, 4, -39], "size": [4, 8, 1], "uv": [164, 570]},
					{"origin": [-20, 4, -24], "size": [4, 8, 1], "uv": [154, 570]},
					{"origin": [16, 4, -24], "size": [4, 8, 1], "uv": [144, 570]},
					{"origin": [-20, 1, -37], "size": [4, 1, 12], "uv": [288, 499]},
					{"origin": [16, 1, -37], "size": [4, 1, 12], "uv": [256, 499]},
					{"origin": [-20, 0, -35], "size": [4, 1, 8], "uv": [164, 550]},
					{"origin": [16, 0, -35], "size": [4, 1, 8], "uv": [140, 559]}
				]
			}
		]
	}
}