{
	"format_version": "1.12.0",
	"minecraft:geometry": [
		{
			"description": {
				"identifier": "geometry.modern_jeep_ph",
				"texture_width": 1024,
				"texture_height": 1024,
				"visible_bounds_width": 8,
				"visible_bounds_height": 7,
				"visible_bounds_offset": [0, 0, 0]
			},
			"bones": [
				{
					"name": "jeep",
					"pivot": [0, 0, 0]
				},
				{
					"name": "body",
					"parent": "jeep",
					"pivot": [0, 0, 0],
					"cubes": [
						{"origin": [-13, 4, -43], "size": [26, 17, 20], "uv": [0, 363]},
						{"origin": [-13, 9.58975, -44.63878], "size": [26, 7, 14], "pivot": [0, 8.08975, -40.63878], "rotation": [60, 0, 0], "uv": [286, 363]},
						{"origin": [-19, 4, -51], "size": [38, 6, 9], "uv": [188, 382]},
						{"origin": [-19, 9, -46], "size": [6, 5, 4], "uv": [172, 533]},
						{"origin": [13, 9, -46], "size": [6, 5, 4], "uv": [172, 524]},
						{"origin": [-19, 19, -27], "size": [38, 3, 4], "uv": [112, 400]},
						{"origin": [-17, 14.2953, -26.17869], "size": [34, 7, 4], "pivot": [0, 19.7953, -24.17869], "rotation": [25, 0, 0], "uv": [196, 400]},
						{"origin": [4, 13.2953, -20.17869], "size": [8, 8, 0], "pivot": [0, 19.7953, -24.17869], "rotation": [25, 0, 0], "uv": [40, 561]},
						{"origin": [7, 16.2953, -22.17869], "size": [2, 2, 2], "pivot": [0, 19.7953, -24.17869], "rotation": [25, 0, 0], "uv": [12, 573]},
						{"origin": [17, 21, -27], "size": [2, 18, 4], "pivot": [0, 21.5, -25], "rotation": [-15, 0, 0], "uv": [48, 524]},
						{"origin": [17, 22, -7], "size": [2, 15, 4], "uv": [128, 524]},
						{"origin": [17, 22, 10], "size": [2, 15, 3], "uv": [30, 551]},
						{"origin": [17, 22, 26], "size": [2, 15, 4], "uv": [116, 524]},
						{"origin": [7, 22, 49], "size": [2, 15, 3], "uv": [10, 551]},
						{"origin": [-9, 22, 49], "size": [2, 15, 3], "uv": [0, 551]},
						{"origin": [17, 22, 43], "size": [2, 15, 9], "uv": [56, 500]},
						{"origin": [-19, 21, -27], "size": [2, 18, 4], "pivot": [0, 21.5, -25], "rotation": [-15, 0, 0], "uv": [36, 524]},
						{"origin": [-19, 22, -7], "size": [2, 15, 4], "uv": [104, 524]},
						{"origin": [-19, 22, 10], "size": [2, 15, 3], "uv": [20, 551]},
						{"origin": [-19, 22, 26], "size": [2, 15, 4], "uv": [92, 524]},
						{"origin": [-19, 22, 43], "size": [2, 15, 9], "uv": [34, 500]},
						{"origin": [13, 15, -42], "size": [6, 6, 19], "uv": [170, 440]},
						{"origin": [-19, 15, 17], "size": [4, 7, 20], "uv": [122, 440]},
						{"origin": [14, 8, 17], "size": [1, 6, 20], "uv": [0, 467]},
						{"origin": [14, 9, 17], "size": [1, 6, 20], "uv": [264, 440]},
						{"origin": [-16, 8, -3], "size": [1, 7, 53], "uv": [0, 300]},
						{"origin": [-16, 15, -3], "size": [2, 11, 52], "uv": [226, 237]},
						{"origin": [14, 15, -3], "size": [2, 11, 52], "uv": [118, 237]},
						{"origin": [15, 4, 35], "size": [1, 11, 2], "uv": [178, 551]},
						{"origin": [-19, 4, 35], "size": [1, 11, 2], "uv": [172, 551]},
						{"origin": [15, 8, 17], "size": [1, 7, 2], "uv": [6, 569]},
						{"origin": [-19, 8, 17], "size": [1, 7, 2], "uv": [0, 569]},
						{"origin": [-19, 8, -8], "size": [3, 14, 25], "uv": [56, 400]},
						{"origin": [16, 4, 35], "size": [3, 11, 2], "uv": [114, 551]},
						{"origin": [-18, 4, 35], "size": [3, 11, 2], "uv": [104, 551]},
						{"origin": [15, 8, 17], "size": [4, 7, 2], "uv": [136, 551]},
						{"origin": [-18, 8, 17], "size": [3, 7, 2], "uv": [160, 558]},
						{"origin": [-19, 15, -42], "size": [6, 6, 19], "uv": [72, 440]},
						{"origin": [-19, 8, -23], "size": [2, 24, 3], "uv": [26, 524]},
						{"origin": [17, 8, -24], "size": [2, 24, 3], "uv": [26, 524]},
						{"origin": [-23, 22, -24], "size": [4, 1, 1], "uv": [12, 571]},
						{"origin": [20, 22, -24], "size": [4, 1, 1], "uv": [12, 569]},
						{"origin": [-23, 23, -24], "size": [1, 1, 1], "uv": [22, 571]},
						{"origin": [23, 23, -24], "size": [1, 1, 1], "uv": [22, 569]},
						{"origin": [-25, 24, -24], "size": [5, 8, 1], "uv": [124, 560]},
						{"origin": [21, 24, -24], "size": [5, 8, 1], "uv": [124, 551]},
						{"origin": [-19, 8, -26], "size": [5, 7, 3], "inflate": -0.0001, "uv": [40, 551]},
						{"origin": [-18, 8, -26], "size": [5, 7, 3], "inflate": -0.001, "uv": [40, 551]},
						{"origin": [-19, 4, -26], "size": [5, 7, 3], "uv": [40, 551]},
						{"origin": [-18, 4, -26], "size": [5, 7, 3], "inflate": -0.0001, "uv": [40, 551]},
						{"origin": [-19, 14.39711, -45.65192], "size": [6, 5, 8], "inflate": -0.001, "pivot": [-16, 16.39711, -41.15192], "rotation": [60, 0, 0], "uv": [194, 500]},
						{"origin": [13, 14.39711, -45.65192], "size": [6, 5, 8], "inflate": -0.001, "pivot": [16, 16.39711, -41.15192], "rotation": [60, 0, 0], "uv": [166, 500]},
						{"origin": [13, 11.91025, -30.70096], "size": [6, 5, 14], "inflate": -0.001, "pivot": [16, 13.41025, -26.70096], "rotation": [-60, 0, 0], "uv": [192, 467]},
						{"origin": [17, 4, -23], "size": [2, 4, 42], "uv": [292, 300]},
						{"origin": [-19, 4, -23], "size": [2, 4, 42], "uv": [204, 300]},
						{"origin": [17, 8, -23], "size": [2, 14, 14], "uv": [160, 467]},
						{"origin": [17, 8, -9], "size": [2, 14, 26], "uv": [0, 400]},
						{"origin": [-19, 8, -7], "size": [2, 14, 24], "uv": [0, 99]},
						{"origin": [17, 15, 17], "size": [2, 7, 20], "uv": [220, 440]},
						{"origin": [17, 4, 37], "size": [2, 18, 15], "uv": [76, 467]},
						{"origin": [-19, 4, 37], "size": [2, 18, 15], "uv": [42, 467]},
						{"origin": [7, 11, 49], "size": [10, 11, 3], "uv": [248, 500]},
						{"origin": [-7, 11, 49], "size": [14, 11, 3], "uv": [292, 467]},
						{"origin": [-17, 11, 49], "size": [10, 11, 3], "uv": [222, 500]},
						{"origin": [-16, 8, -7], "size": [31, 3, 57], "uv": [324, 78]},
						{"origin": [-17, 8, 50], "size": [34, 3, 2], "uv": [0, 458]},
						{"origin": [-2, 8, -23], "size": [19, 3, 16], "uv": [112, 407]},
						{"origin": [-17, 4, -23], "size": [34, 4, 42], "uv": [132, 156]},
						{"origin": [-15, 4, 19], "size": [30, 4, 18], "uv": [92, 363]},
						{"origin": [-17, 4, 37], "size": [34, 4, 15], "uv": [188, 363]},
						{"origin": [-19, 4, 52], "size": [38, 6, 2], "uv": [112, 426]},
						{"origin": [2, 11, -13], "size": [15, 3, 10], "uv": [110, 467]},
						{"origin": [-2, 11, -13], "size": [4, 4, 9], "uv": [0, 524]},
						{"origin": [-14, 8, -3], "size": [6, 7, 53], "uv": [0, 237]},
						{"origin": [8, 8, -4], "size": [6, 7, 53], "uv": [284, 156]},
						{"origin": [2, 14, -5], "size": [15, 12, 2], "uv": [0, 500]},
						{"origin": [-20, 37, -24], "size": [40, 2, 76], "uv": [0, 0]},
						{"origin": [-19.98895, 38.74692, -24], "size": [5, 2, 76], "pivot": [0.01105, 39.74692, 14], "rotation": [0, 0, -5], "uv": [162, 78]},
						{"origin": [14.85576, 35.69647, -24], "size": [5, 2, 76], "pivot": [34.85576, 36.69647, 14], "rotation": [0, 0, 5], "uv": [0, 78]},
						{"origin": [-15.01903, 38.43578, -24], "size": [30, 1, 76], "uv": [232, 0]}
					]
				},
				{
					"name": "leg0",
					"parent": "jeep",
					"pivot": [0, 7, -34],
					"cubes": [
						{"origin": [-18, 0, -37], "size": [5, 1, 6], "uv": [150, 538]},
						{"origin": [13, 0, -37], "size": [5, 1, 6], "uv": [150, 531]},
						{"origin": [-18, 13, -37], "size": [5, 1, 6], "uv": [150, 524]},
						{"origin": [13, 13, -37], "size": [5, 1, 6], "uv": [128, 543]},
						{"origin": [-18, 1, -39], "size": [5, 1, 10], "uv": [136, 511]},
						{"origin": [13, 1, -39], "size": [5, 1, 10], "uv": [136, 500]},
						{"origin": [-18, 12, -39], "size": [5, 1, 10], "uv": [106, 511]},
						{"origin": [13, 12, -39], "size": [5, 1, 10], "uv": [106, 500]},
						{"origin": [-18, 2, -39], "size": [5, 10, 10], "uv": [262, 467]},
						{"origin": [13, 2, -39], "size": [5, 10, 10], "uv": [232, 467]},
						{"origin": [-18, 2, -29], "size": [5, 10, 1], "uv": [92, 551]},
						{"origin": [13, 2, -29], "size": [5, 10, 1], "uv": [80, 551]},
						{"origin": [-18, 2, -40], "size": [5, 10, 1], "uv": [68, 551]},
						{"origin": [13, 2, -40], "size": [5, 10, 1], "uv": [56, 551]},
						{"origin": [-18, 4, -28], "size": [5, 6, 1], "uv": [160, 551]},
						{"origin": [13, 4, -28], "size": [5, 6, 1], "uv": [148, 558]},
						{"origin": [-18, 4, -41], "size": [5, 6, 1], "uv": [148, 551]},
						{"origin": [13, 4, -41], "size": [5, 6, 1], "uv": [136, 560]}
					]
				},
				{
					"name": "leg1",
					"parent": "jeep",
					"pivot": [0, 7, 27],
					"cubes": [
						{"origin": [-18, 0, 24], "size": [5, 1, 6], "uv": [150, 538]},
						{"origin": [13, 0, 24], "size": [5, 1, 6], "uv": [150, 531]},
						{"origin": [-18, 13, 24], "size": [5, 1, 6], "uv": [150, 524]},
						{"origin": [13, 13, 24], "size": [5, 1, 6], "uv": [128, 543]},
						{"origin": [-18, 1, 22], "size": [5, 1, 10], "uv": [136, 511]},
						{"origin": [13, 1, 22], "size": [5, 1, 10], "uv": [136, 500]},
						{"origin": [-18, 12, 22], "size": [5, 1, 10], "uv": [106, 511]},
						{"origin": [13, 12, 22], "size": [5, 1, 10], "uv": [106, 500]},
						{"origin": [-18, 2, 22], "size": [5, 10, 10], "uv": [262, 467]},
						{"origin": [13, 2, 22], "size": [5, 10, 10], "uv": [232, 467]},
						{"origin": [-18, 2, 32], "size": [5, 10, 1], "uv": [92, 551]},
						{"origin": [13, 2, 32], "size": [5, 10, 1], "uv": [80, 551]},
						{"origin": [-18, 2, 21], "size": [5, 10, 1], "uv": [68, 551]},
						{"origin": [13, 2, 21], "size": [5, 10, 1], "uv": [56, 551]},
						{"origin": [-18, 4, 33], "size": [5, 6, 1], "uv": [160, 551]},
						{"origin": [13, 4, 33], "size": [5, 6, 1], "uv": [148, 558]},
						{"origin": [-18, 4, 20], "size": [5, 6, 1], "uv": [148, 551]},
						{"origin": [13, 4, 20], "size": [5, 6, 1], "uv": [136, 560]}
					]
				}
			]
		}
	]
}