{
	"format_version": "1.12.0",
	"minecraft:geometry": [
		{
			"description": {
				"identifier": "geometry.motor",
				"texture_width": 64,
				"texture_height": 64,
				"visible_bounds_width": 3,
				"visible_bounds_height": 2,
				"visible_bounds_offset": [0, 1, 0]
			},
			"bones": [
				{
					"name": "body",
					"pivot": [0, 6.25, -2],
					"cubes": [
						{"origin": [-2, 9, -4], "size": [4, 6, 11], "uv": [0, 1]},
						{"origin": [-2, 13, -10], "size": [4, 4, 1], "inflate": 1, "uv": [0, 32]},
						{"origin": [-2, 13, -12], "size": [4, 4, 1], "uv": [19, 7]},
						{"origin": [-2, 13, -4], "size": [4, 2, 5], "inflate": 0.2, "uv": [46, 57]},
						{"origin": [-2, 13, 1], "size": [4, 2, 5], "inflate": 0.2, "uv": [46, 57]},
						{"origin": [-2, 13, 2], "size": [4, 2, 5], "inflate": 0.2, "uv": [46, 57]},
						{"origin": [-1.5, 4, 9], "size": [-1, 2, 5], "inflate": 0.5, "uv": [0, 56]},
						{"origin": [-2, 7, -5], "size": [4, 6, 11], "uv": [0, 1]},
						{"origin": [-2, 6, -4], "size": [4, 6, 11], "inflate": 0.01, "uv": [0, 1]},
						{"origin": [-4, 9.81915, -3.42642], "size": [7, 2, 2], "inflate": 0.01, "pivot": [-0.5, 7, 1], "rotation": [20, 0, 0], "uv": [28, 60]},
						{"origin": [-4, 7.81915, 1.57358], "size": [7, 2, 2], "inflate": 0.01, "pivot": [-0.5, 7, 1], "rotation": [20, 0, 0], "uv": [28, 60]},
						{"origin": [-3.5, 13.8, 11.29431], "size": [1, 1, 5], "uv": [29, 0]},
						{"origin": [-4, 13.27661, 10.29431], "size": [2, 2, 5], "uv": [46, 0]},
						{"origin": [-2, 9, -8], "size": [4, 1, 1], "uv": [10, 14]},
						{"origin": [-2, 8.5, -7.5], "size": [4, 1, 1], "uv": [10, 14]},
						{"origin": [-2, 8, -7], "size": [4, 1, 1], "uv": [10, 14]},
						{"origin": [-2, 7, -7], "size": [4, 1, 1], "uv": [10, 14]},
						{"origin": [-2, 14.14264, 6.79431], "size": [4, 3, 11], "pivot": [-1, 12.45327, 11.30068], "rotation": [30, 0, 0], "uv": [0, 18]},
						{"origin": [-4, 13.52408, 1.20513], "size": [2, 2, 11], "pivot": [-1, 11.83471, 11.7115], "rotation": [30, 0, 0], "uv": [19, 7]},
						{"origin": [-2, 9.14264, 15.79431], "size": [4, 5, 1], "pivot": [-1, 12.45327, 11.30068], "rotation": [30, 0, 0], "uv": [19, 20]},
						{"origin": [-2, 6, -7], "size": [4, 1, 1], "uv": [10, 14]},
						{"origin": [-2, 5, -7], "size": [4, 1, 1], "uv": [10, 14]}
					]
				},
				{
					"name": "body1",
					"parent": "body",
					"pivot": [0, 11, -4.5],
					"rotation": [-25, 0, 0],
					"cubes": [
						{"origin": [-2, 10.90631, -10.42262], "size": [4, 4, 7], "uv": [22, 35]},
						{"origin": [-1, 9.90631, -9.42262], "size": [2, 9, 2], "uv": [0, 1]},
						{"origin": [1, 16.90631, -9.42262], "size": [4, 2, 2], "uv": [48, 40]},
						{"origin": [-5, 16.90631, -9.42262], "size": [4, 2, 2], "uv": [51, 29]},
						{"origin": [1, 1.90631, -9.42262], "size": [2, 12, 2], "uv": [16, 45]},
						{"origin": [-3, 1.90631, -9.42262], "size": [2, 12, 2], "uv": [24, 46]},
						{"origin": [-3, 2.55846, -8.20535], "size": [2, 3, 2], "pivot": [-2, 5.23146, -12.75655], "rotation": [-30, 0, 0], "uv": [24, 46]},
						{"origin": [1, 2.9, -8.5], "size": [2, 3, 2], "pivot": [-2, 5.573, -13.0512], "rotation": [-30, 0, 0], "uv": [24, 46]},
						{"origin": [1, 10.90631, 4.57738], "size": [1, 3, 10], "uv": [0, 32]},
						{"origin": [-2, 10.90631, 4.57738], "size": [1, 3, 10], "uv": [34, 0]}
					]
				},
				{
					"name": "window",
					"parent": "body1",
					"pivot": [0, 18.8125, -10.5],
					"cubes": [
						{"origin": [-4, 14.90631, -11.42262], "size": [8, 2, 1], "uv": [25, 42]},
						{"origin": [3, 16.90631, -11.42262], "size": [1, 2, 1], "uv": [25, 42]},
						{"origin": [3, 18.90631, -11.42262], "size": [1, 2, 1], "uv": [25, 42]},
						{"origin": [-3, 21.90631, -11.42262], "size": [6, 1, 1], "uv": [25, 42]},
						{"origin": [-3, 20.90631, -11.42262], "size": [6, 1, 1], "uv": [0, 62]},
						{"origin": [-3, 18.67108, -11.48369], "size": [6, 1, 1], "uv": [0, 62]},
						{"origin": [-3, 19.90631, -11.42262], "size": [6, 1, 1], "uv": [0, 59]},
						{"origin": [-3, 17.67108, -11.48369], "size": [6, 1, 1], "uv": [0, 59]},
						{"origin": [-3, 16.67108, -11.48369], "size": [6, 1, 1], "uv": [0, 59]},
						{"origin": [3, 20.90631, -11.42262], "size": [1, 2, 1], "uv": [25, 42]},
						{"origin": [-4, 20.90631, -11.42262], "size": [1, 2, 1], "uv": [25, 42]},
						{"origin": [-4, 18.90631, -11.42262], "size": [1, 2, 1], "uv": [25, 42]},
						{"origin": [-4, 16.90631, -11.42262], "size": [1, 2, 1], "uv": [25, 42]}
					]
				},
				{
					"name": "body3",
					"parent": "body1",
					"pivot": [0, 8.5, -8],
					"rotation": [10, 0, 0],
					"cubes": [
						{"origin": [-2, 7.86593, -14.65882], "size": [4, 1, 8], "uv": [37, 13]}
					]
				},
				{
					"name": "body2",
					"parent": "body",
					"pivot": [0, 6.5, 1.5],
					"rotation": [-20, 0, 0],
					"cubes": [
						{"origin": [-2, 7.93969, -5.34202], "size": [4, 3, 9], "uv": [21, 23]}
					]
				},
				{
					"name": "leg0",
					"pivot": [0, 5, -13],
					"cubes": [
						{"origin": [-1, 2, -16], "size": [2, 6, 6], "uv": [38, 40]},
						{"origin": [-3, 4, -14], "size": [6, 2, 2], "uv": [48, 22]},
						{"origin": [-1, 1, -16], "size": [2, 1, 6], "uv": [38, 22]},
						{"origin": [-1, 0, -15], "size": [2, 1, 4], "uv": [47, 58]},
						{"origin": [-1, 9, -15], "size": [2, 1, 4], "uv": [47, 58]},
						{"origin": [-1, 8, -16], "size": [2, 1, 6], "uv": [12, 35]},
						{"origin": [-1, 2, -17], "size": [2, 6, 1], "uv": [37, 52]},
						{"origin": [-1, 2, -17.2], "size": [2, 6, 1], "uv": [37, 52]},
						{"origin": [-1, 3, -18.2], "size": [2, 4, 1], "uv": [37, 52]},
						{"origin": [-1, 3, -8.79], "size": [2, 4, 1], "uv": [37, 52]},
						{"origin": [-1, 2, -9.79], "size": [2, 6, 1], "uv": [37, 52]},
						{"origin": [-1, 2, -10], "size": [2, 6, 1], "uv": [43, 52]},
						{"origin": [-4, 4, -14], "size": [6, 2, 2], "inflate": -0.5, "uv": [48, 22]},
						{"origin": [-2, 4, -14], "size": [6, 2, 2], "inflate": -0.5, "uv": [48, 22]}
					]
				},
				{
					"name": "leg1",
					"pivot": [0, 5, 13],
					"cubes": [
						{"origin": [-1, 2, 10], "size": [2, 6, 6], "uv": [38, 40]},
						{"origin": [-3, 4, 12], "size": [6, 2, 2], "uv": [48, 22]},
						{"origin": [-1, 1, 10], "size": [2, 1, 6], "uv": [38, 22]},
						{"origin": [-1, 0, 11], "size": [2, 1, 4], "uv": [47, 58]},
						{"origin": [-1, 9, 11], "size": [2, 1, 4], "uv": [47, 58]},
						{"origin": [-1, 8, 10], "size": [2, 1, 6], "uv": [12, 35]},
						{"origin": [-1, 2, 9], "size": [2, 6, 1], "uv": [37, 52]},
						{"origin": [-1, 2, 8.8], "size": [2, 6, 1], "uv": [37, 52]},
						{"origin": [-1, 3, 7.8], "size": [2, 4, 1], "uv": [37, 52]},
						{"origin": [-1, 3, 17.21], "size": [2, 4, 1], "uv": [37, 52]},
						{"origin": [-1, 2, 16.21], "size": [2, 6, 1], "uv": [37, 52]},
						{"origin": [-1, 2, 16], "size": [2, 6, 1], "uv": [43, 52]},
						{"origin": [-4, 4, 12], "size": [6, 2, 2], "inflate": -0.5, "uv": [48, 22]},
						{"origin": [-2, 4, 12], "size": [6, 2, 2], "inflate": -0.5, "uv": [48, 22]}
					]
				}
			]
		}
	]
}