{
	"format_version": "1.12.0",
	"minecraft:geometry": [
		{
			"description": {
				"identifier": "geometry.mustang",
				"texture_width": 256,
				"texture_height": 256,
				"visible_bounds_width": 7,
				"visible_bounds_height": 3,
				"visible_bounds_offset": [0, 0, 0]
			},
			"bones": [
				{
					"name": "main",
					"pivot": [0, 0, 0]
				},
				{
					"name": "body",
					"parent": "main",
					"pivot": [0, 11.47, 11.43917],
					"cubes": [
						{"origin": [-17, 4, -37], "size": [34, 1, 77], "uv": [34, 161]},
						{"origin": [-11, 8, -41], "size": [22, 6, 10], "uv": [192, 106]},
						{"origin": [15, 5, -12], "size": [2, 10, 24], "uv": [66, 0]},
						{"origin": [-17, 5, -12], "size": [2, 10, 24], "uv": [204, 161]},
						{"origin": [-17, 5, 12], "size": [34, 10, 28], "uv": [36, 96]},
						{"origin": [-12, 4, -42.5], "size": [25, 1, 5], "uv": [196, 122]},
						{"origin": [-17, 11.9282, 39], "size": [34, 3, 5], "uv": [105, 240]},
						{"origin": [-17, 9, 37], "size": [34, 3, 5], "uv": [105, 240]},
						{"origin": [-15, 13, -24], "size": [0, 15, 57], "uv": [142, 0]},
						{"origin": [15, 13, -24], "size": [0, 15, 57], "uv": [142, 0]},
						{"origin": [16, 3, -22], "size": [2, 7, 1], "uv": [138, 0]},
						{"origin": [16, 3, -36], "size": [2, 7, 1], "uv": [138, 0]},
						{"origin": [16, 3, 37], "size": [2, 7, 1], "uv": [138, 0]},
						{"origin": [16, 3, 23], "size": [2, 7, 1], "uv": [138, 0]},
						{"origin": [16, 11.6, -30], "size": [2, 1, 3], "uv": [138, 0]},
						{"origin": [16, 12, 29], "size": [2, 1, 3], "uv": [138, 0]},
						{"origin": [-18, 12, 29], "size": [2, 1, 3], "uv": [138, 0]},
						{"origin": [-15, 5, 0], "size": [30, 5, 12], "uv": [47, 79]},
						{"origin": [-18, 3, 23], "size": [2, 7, 1], "uv": [138, 0]},
						{"origin": [-18, 3, 37], "size": [2, 7, 1], "uv": [138, 0]},
						{"origin": [-18, 11.6, -30], "size": [2, 1, 3], "uv": [138, 0]},
						{"origin": [-18, 3, -36], "size": [2, 7, 1], "uv": [138, 0]},
						{"origin": [-18, 3, -22], "size": [2, 7, 1], "uv": [138, 0]},
						{"origin": [15, 15, 11], "size": [2, 3, 16], "uv": [102, 32]},
						{"origin": [15, 18, 11], "size": [2, 3, 12], "uv": [74, 35]},
						{"origin": [15, 21, 11], "size": [2, 3, 10], "uv": [50, 36]},
						{"origin": [15, 24, 11], "size": [2, 3, 7], "uv": [33, 37]},
						{"origin": [-17, 24, 11], "size": [2, 3, 7], "uv": [33, 37]},
						{"origin": [-17, 15, 11], "size": [2, 3, 16], "uv": [102, 32]},
						{"origin": [-17, 21, 11], "size": [2, 3, 10], "uv": [50, 36]},
						{"origin": [-17, 18, 11], "size": [2, 3, 12], "uv": [74, 35]}
					]
				},
				{
					"name": "body0",
					"parent": "body",
					"pivot": [0, 18, -13.5],
					"rotation": [45, 0, 0],
					"cubes": [
						{"origin": [-17, 19.2, -26.4], "size": [3, 4, 26], "uv": [53, 207]},
						{"origin": [14, 19.2, -26.4], "size": [3, 4, 26], "uv": [53, 207]},
						{"origin": [-17, 19.2, -19.4], "size": [34, 0, 18], "uv": [149, 54]}
					]
				},
				{
					"name": "body2",
					"parent": "body",
					"pivot": [0, 29, -4],
					"rotation": [-4, 0, 0],
					"cubes": [
						{"origin": [-14, 26.37811, 16.39447], "size": [28, 2, 2], "pivot": [0, -2.32189, 2.39447], "rotation": [45, 0, 0], "uv": [77, 136]},
						{"origin": [-17, 28.7, -8], "size": [34, 2, 24], "uv": [52, 134]},
						{"origin": [-17, 27.7, -8], "size": [34, 2, 24], "uv": [45, 50]}
					]
				},
				{
					"name": "body3",
					"parent": "body",
					"pivot": [0, 21, 19],
					"rotation": [-47, 0, 0],
					"cubes": [
						{"origin": [10, 22.6, 11], "size": [7, 2, 24], "uv": [50, 160]},
						{"origin": [-17, 22.6, 11], "size": [7, 2, 24], "uv": [50, 160]},
						{"origin": [-11, 22.6, 13], "size": [21, 0, 22], "uv": [154, 13]}
					]
				},
				{
					"name": "body5",
					"parent": "body",
					"pivot": [0, 9.5, -38.5],
					"rotation": [0, 17, 0],
					"cubes": [
						{"origin": [-16, 10, -44], "size": [6, 4, 13], "uv": [154, 106]},
						{"origin": [-16, 5, -44], "size": [5, 1, 13], "uv": [173, 123]},
						{"origin": [-10, 7, -44], "size": [1, 1, 13], "uv": [228, 127]},
						{"origin": [-11, 6, -44], "size": [1, 1, 13], "uv": [228, 127]},
						{"origin": [-16, 5, -44], "size": [1, 5, 13], "uv": [134, 80]},
						{"origin": [-15, 4, -46], "size": [5, 1, 15], "uv": [147, 124]},
						{"origin": [-16, 4, -46], "size": [5, 1, 15], "uv": [147, 124]}
					]
				},
				{
					"name": "body4",
					"parent": "body",
					"pivot": [13, 9.5, -34.5],
					"rotation": [0, -17, 0],
					"cubes": [
						{"origin": [9, 10, -40], "size": [6, 4, 13], "uv": [154, 106]},
						{"origin": [11, 5, -40], "size": [4, 1, 13], "uv": [173, 123]},
						{"origin": [10, 6, -40], "size": [1, 1, 13], "uv": [228, 127]},
						{"origin": [9, 7, -40], "size": [1, 1, 13], "uv": [228, 127]},
						{"origin": [14, 5, -40], "size": [1, 5, 13], "uv": [134, 80]},
						{"origin": [10, 4, -42], "size": [5, 1, 15], "uv": [147, 124]}
					]
				},
				{
					"name": "body8",
					"parent": "body",
					"pivot": [0, 10, -25.5],
					"rotation": [5, 0, 0],
					"cubes": [
						{"origin": [-17, 4, -22], "size": [34, 9, 10], "uv": [168, 141]},
						{"origin": [11, 7, -6], "size": [1, 6, 1], "pivot": [0, 8.5, -17], "rotation": [15, 0, 0], "uv": [151, 199]},
						{"origin": [3, 7, -6], "size": [1, 6, 1], "pivot": [0, 8.5, -17], "rotation": [15, 0, 0], "uv": [151, 199]},
						{"origin": [5, 7, -6], "size": [5, 6, 1], "pivot": [0, 8.5, -17], "rotation": [15, 0, 0], "uv": [151, 199]},
						{"origin": [5, 7, -7], "size": [5, 6, 1], "pivot": [0, 8.5, -17], "rotation": [15, 0, 0], "uv": [151, 199]},
						{"origin": [6, 8, -12], "size": [3, 4, 5], "pivot": [0, 8.5, -17], "rotation": [15, 0, 0], "uv": [151, 199]},
						{"origin": [-15, 7, -12], "size": [30, 6, 3], "pivot": [0, 8.5, -17], "rotation": [15, 0, 0], "uv": [37, 246]},
						{"origin": [4, 13, -6], "size": [1, 1, 1], "pivot": [0, 8.5, -17], "rotation": [15, 0, 0], "uv": [151, 199]},
						{"origin": [4, 6, -6], "size": [1, 1, 1], "pivot": [0, 8.5, -17], "rotation": [15, 0, 0], "uv": [151, 199]},
						{"origin": [5, 5, -6], "size": [5, 1, 1], "pivot": [0, 8.5, -17], "rotation": [15, 0, 0], "uv": [151, 199]},
						{"origin": [10, 13, -6], "size": [1, 1, 1], "pivot": [0, 8.5, -17], "rotation": [15, 0, 0], "uv": [151, 199]},
						{"origin": [10, 6, -6], "size": [1, 1, 1], "pivot": [0, 8.5, -17], "rotation": [15, 0, 0], "uv": [151, 199]},
						{"origin": [5, 14, -6], "size": [5, 1, 1], "pivot": [0, 8.5, -17], "rotation": [15, 0, 0], "uv": [151, 199]},
						{"origin": [-17, 6, -38.5], "size": [34, 9, 26.5], "uv": [136, 72]}
					]
				},
				{
					"name": "body9",
					"parent": "body",
					"pivot": [0, 3, 43],
					"rotation": [-30, 0, 0],
					"cubes": [
						{"origin": [-17, 3.23205, 36.40192], "size": [34, 8, 3], "uv": [182, 240]}
					]
				},
				{
					"name": "body6",
					"parent": "body",
					"pivot": [18, 9.5, -22.5],
					"rotation": [65, 0, 0],
					"cubes": [
						{"origin": [16, 8, -22.5], "size": [2, 7, 1], "uv": [138, 0]},
						{"origin": [16, -45, 2.5], "size": [2, 7, 1], "uv": [138, 0]},
						{"origin": [-18, -45, 2.5], "size": [2, 7, 1], "uv": [138, 0]},
						{"origin": [-18, 8, -22.5], "size": [2, 7, 1], "uv": [138, 0]}
					]
				},
				{
					"name": "body7",
					"parent": "body",
					"pivot": [18, 12.5, -34.5],
					"rotation": [-68, 0, 0],
					"cubes": [
						{"origin": [16, 10, -32.8], "size": [2, 7, 1], "uv": [138, 0]},
						{"origin": [16, 65, -10.8], "size": [2, 7, 1], "uv": [138, 0]},
						{"origin": [-18, 65, -10.8], "size": [2, 7, 1], "uv": [138, 0]},
						{"origin": [-18, 10, -32.8], "size": [2, 7, 1], "uv": [138, 0]}
					]
				},
				{
					"name": "mirror",
					"parent": "body",
					"pivot": [16, 16.5, -15.5],
					"rotation": [0, 60, 0],
					"cubes": [
						{"origin": [15, 14, -17], "size": [2, 5, 7], "uv": [211, 172], "mirror": true}
					]
				},
				{
					"name": "mirror2",
					"parent": "body",
					"pivot": [-16, 16.5, -16.5],
					"rotation": [0, -60, 0],
					"cubes": [
						{"origin": [-17, 14, -17], "size": [2, 5, 7], "uv": [211, 172]}
					]
				},
				{
					"name": "body10",
					"parent": "body",
					"pivot": [0, 11.47, 11.43917],
					"rotation": [-100, 0, 0],
					"cubes": [
						{"origin": [-15, 9, 0], "size": [30, 5, 14], "uv": [45, 77]}
					]
				},
				{
					"name": "leg0",
					"parent": "main",
					"pivot": [-0.03571, 5.5, -28.5],
					"cubes": [
						{"origin": [-18, 0, -32], "size": [2, 2, 7], "uv": [155, 14]},
						{"origin": [-18, 9, -32], "size": [2, 2, 7], "uv": [155, 14]},
						{"origin": [-18, 2, -32], "size": [2, 7, 7], "uv": [160, 0]},
						{"origin": [-18, 2, -34], "size": [2, 7, 2], "uv": [153, 0]},
						{"origin": [-18, 2, -25], "size": [2, 7, 2], "uv": [153, 0]},
						{"origin": [16, 0, -32], "size": [2, 2, 7], "uv": [155, 14]},
						{"origin": [15, 9, -32], "size": [3, 2, 7], "uv": [155, 14]},
						{"origin": [16, 2, -32], "size": [2, 7, 7], "uv": [160, 0]},
						{"origin": [16, 2, -34], "size": [2, 7, 2], "uv": [153, 0]},
						{"origin": [16, 2, -25], "size": [2, 7, 2], "uv": [153, 0]},
						{"origin": [16, 1, -33], "size": [2, 9, 1], "uv": [153, 0]},
						{"origin": [16, 1, -25], "size": [2, 9, 1], "uv": [153, 0]},
						{"origin": [-18, 1, -25], "size": [2, 9, 1], "uv": [153, 0]},
						{"origin": [-18, 1, -33], "size": [2, 9, 1], "uv": [153, 0]}
					]
				},
				{
					"name": "leg1",
					"parent": "main",
					"pivot": [-0.03571, 5.5, 30.5],
					"cubes": [
						{"origin": [-18, 0, 27], "size": [2, 2, 7], "uv": [155, 14]},
						{"origin": [-18, 9, 27], "size": [2, 2, 7], "uv": [155, 14]},
						{"origin": [-18, 2, 27], "size": [2, 7, 7], "uv": [160, 0]},
						{"origin": [-18, 2, 25], "size": [2, 7, 2], "uv": [153, 0]},
						{"origin": [-18, 2, 34], "size": [2, 7, 2], "uv": [153, 0]},
						{"origin": [16, 0, 27], "size": [2, 2, 7], "uv": [155, 14]},
						{"origin": [15, 9, 27], "size": [3, 2, 7], "uv": [155, 14]},
						{"origin": [16, 2, 27], "size": [2, 7, 7], "uv": [160, 0]},
						{"origin": [16, 2, 25], "size": [2, 7, 2], "uv": [153, 0]},
						{"origin": [16, 2, 34], "size": [2, 7, 2], "uv": [153, 0]},
						{"origin": [16, 1, 26], "size": [2, 9, 1], "uv": [153, 0]},
						{"origin": [16, 1, 34], "size": [2, 9, 1], "uv": [153, 0]},
						{"origin": [-18, 1, 34], "size": [2, 9, 1], "uv": [153, 0]},
						{"origin": [-18, 1, 26], "size": [2, 9, 1], "uv": [153, 0]}
					]
				}
			]
		}
	]
}