{
	"format_version": "1.12.0",
	"minecraft:geometry": [
		{
			"description": {
				"identifier": "geometry.pick_up_truck",
				"texture_width": 512,
				"texture_height": 512,
				"visible_bounds_width": 8,
				"visible_bounds_height": 4,
				"visible_bounds_offset": [0, 0, 0]
			},
			"bones": [
				{
					"name": "body",
					"pivot": [0, 0, 0],
					"cubes": [
						{"origin": [-18, 4, -16], "size": [36, 2, 24], "uv": [140, 131]},
						{"origin": [-19, 37, -9], "size": [38, 1, 17], "uv": [0, 164]},
						{"origin": [19, 19, -18], "size": [2, 2, 2], "uv": [128, 334]},
						{"origin": [-21, 19, -18], "size": [2, 2, 2], "uv": [128, 330]},
						{"origin": [-28.17552, 19, -15.32415], "size": [8, 6, 2], "pivot": [-28.17552, 20, -14.32415], "rotation": [0, 20, 0], "uv": [72, 302]},
						{"origin": [20.65798, 19, -18.06031], "size": [8, 6, 2], "pivot": [20.65798, 20, -17.06031], "rotation": [0, -20, 0], "uv": [72, 294]},
						{"origin": [18, 21, 6], "size": [1, 16, 2], "uv": [116, 294]},
						{"origin": [-19, 21, 6], "size": [1, 16, 2], "uv": [110, 294]},
						{"origin": [-18.5, 21, -15], "size": [0, 14, 21], "uv": [0, 366]},
						{"origin": [18.5, 21, -15], "size": [0, 14, 21], "uv": [0, 366]},
						{"origin": [-19, 35, -9], "size": [2, 2, 15], "uv": [74, 246]},
						{"origin": [17, 35, -9], "size": [2, 2, 15], "uv": [40, 246]},
						{"origin": [-17, 6, 6], "size": [34, 15, 2], "uv": [160, 183]},
						{"origin": [-17, 6, 8], "size": [34, 15, 2], "uv": [160, 183]},
						{"origin": [-17, 6, -6], "size": [34, 7, 12], "uv": [110, 164]},
						{"origin": [-3, 7, -13], "size": [6, 7, 19], "uv": [78, 218]},
						{"origin": [-3, 14, 3], "size": [6, 3, 3], "uv": [92, 294]},
						{"origin": [1, 13, -4], "size": [1, 5, 1], "uv": [136, 330]},
						{"origin": [0, 14, -2], "size": [1, 1, 6], "pivot": [0.5, 14.5, 4], "rotation": [-20, 0, 0], "uv": [44, 312]},
						{"origin": [-16, 13, 4], "size": [12, 13, 2], "uv": [72, 274]},
						{"origin": [4, 13, 4], "size": [12, 13, 2], "uv": [28, 277]},
						{"origin": [-18, 21, 6], "size": [8, 16, 2], "uv": [120, 274]},
						{"origin": [-10, 21, 7], "size": [20, 15, 0], "uv": [0, 417]},
						{"origin": [10, 21, 6], "size": [8, 16, 2], "uv": [100, 274]},
						{"origin": [-10, 36, 6], "size": [20, 1, 2], "uv": [28, 274]},
						{"origin": [-19, 4, -47], "size": [38, 14, 31], "uv": [148, 82]},
						{"origin": [-19, 4, -48], "size": [38, 3, 2], "inflate": 0.1, "uv": [150, 205]},
						{"origin": [-19, 4, 48], "size": [38, 3, 2], "inflate": 0.1, "uv": [150, 200]},
						{"origin": [-19, 19.63192, -12.85041], "size": [2, 17, 1], "pivot": [-2, 29.63192, -12.35041], "rotation": [-25, 0, 0], "uv": [6, 312]},
						{"origin": [-17, 19.63192, -12.5], "size": [34, 17, 0], "pivot": [-2, 29.63192, -12.35041], "rotation": [-25, 0, 0], "uv": [0, 349]},
						{"origin": [-19, 19.63192, -11.85041], "size": [2, 17, 1], "pivot": [-2, 29.63192, -12.35041], "rotation": [-25, 0, 0], "uv": [86, 312]},
						{"origin": [-18.5, 21.2, -10.85041], "size": [0, 15, 1], "pivot": [-2, 29.63192, -12.35041], "rotation": [-25, 0, 0], "uv": [0, 401]},
						{"origin": [18.5, 21.2, -10.85041], "size": [0, 15, 1], "pivot": [35, 29.63192, -12.35041], "rotation": [-25, 0, 0], "uv": [0, 401]},
						{"origin": [-19, 36.63192, -12.85041], "size": [38, 2, 1], "pivot": [-2, 29.63192, -12.35041], "rotation": [-25, 0, 0], "uv": [0, 218]},
						{"origin": [-2, 34.63192, -8], "size": [2, 3, 1], "uv": [0, 341]},
						{"origin": [-4, 33.63192, -7], "size": [6, 3, 1], "uv": [0, 345]},
						{"origin": [17, 19.63192, -12.85041], "size": [2, 17, 1], "pivot": [2, 29.63192, -12.35041], "rotation": [-25, 0, 0], "uv": [0, 312]},
						{"origin": [17, 19.63192, -11.85041], "size": [2, 17, 1], "pivot": [2, 29.63192, -12.35041], "rotation": [-25, 0, 0], "uv": [80, 312]},
						{"origin": [-19, 18, -20], "size": [38, 2, 5], "uv": [0, 191]},
						{"origin": [-17, 6, -15], "size": [34, 15, 2], "uv": [88, 183]},
						{"origin": [-17, 17.66117, -19.76777], "size": [34, 2, 6], "pivot": [0, 12.16117, -14.76777], "rotation": [-45, 0, 0], "uv": [0, 200]},
						{"origin": [9, 18.66117, -17.76777], "size": [2, 4, 2], "pivot": [0, 12.16117, -14.76777], "rotation": [-45, 0, 0], "uv": [120, 330]},
						{"origin": [11, 21.66117, -17.76777], "size": [3, 1, 1], "pivot": [0, 12.16117, -14.76777], "rotation": [-45, 0, 0], "uv": [144, 330]},
						{"origin": [6, 21.66117, -17.76777], "size": [3, 1, 1], "pivot": [0, 12.16117, -14.76777], "rotation": [-45, 0, 0], "uv": [136, 336]},
						{"origin": [7, 21.66117, -19.76777], "size": [2, 1, 1], "pivot": [0, 12.16117, -14.76777], "rotation": [-45, 0, 0], "uv": [6, 339]},
						{"origin": [7, 21.66117, -14.76777], "size": [2, 1, 1], "pivot": [0, 12.16117, -14.76777], "rotation": [-45, 0, 0], "uv": [152, 334]},
						{"origin": [9, 21.66117, -20.76777], "size": [2, 1, 1], "pivot": [0, 12.16117, -14.76777], "rotation": [-45, 0, 0], "uv": [152, 336]},
						{"origin": [9, 21.66117, -13.76777], "size": [2, 1, 1], "pivot": [0, 12.16117, -14.76777], "rotation": [-45, 0, 0], "uv": [152, 330]},
						{"origin": [11, 21.66117, -19.76777], "size": [2, 1, 1], "pivot": [0, 12.16117, -14.76777], "rotation": [-45, 0, 0], "uv": [0, 339]},
						{"origin": [11, 21.66117, -14.76777], "size": [2, 1, 1], "pivot": [0, 12.16117, -14.76777], "rotation": [-45, 0, 0], "uv": [152, 332]},
						{"origin": [6, 21.66117, -18.76777], "size": [1, 1, 1], "pivot": [0, 12.16117, -14.76777], "rotation": [-45, 0, 0], "uv": [16, 339]},
						{"origin": [13, 21.66117, -18.76777], "size": [1, 1, 1], "pivot": [0, 12.16117, -14.76777], "rotation": [-45, 0, 0], "uv": [12, 339]},
						{"origin": [6, 21.66117, -16.76777], "size": [1, 1, 2], "pivot": [0, 12.16117, -14.76777], "rotation": [-45, 0, 0], "uv": [144, 335]},
						{"origin": [13, 21.66117, -16.76777], "size": [1, 1, 2], "pivot": [0, 12.16117, -14.76777], "rotation": [-45, 0, 0], "uv": [144, 332]},
						{"origin": [-19, 18, -26], "size": [38, 2, 6], "uv": [0, 183]},
						{"origin": [-19, 18, -37], "size": [38, 1, 11], "uv": [202, 164]},
						{"origin": [-19, 18.23442, -45.43844], "size": [38, 1, 32], "pivot": [0, 2.23442, -34.43844], "rotation": [5, 0, 0], "uv": [0, 131]},
						{"origin": [-19, 4, -16], "size": [2, 17, 65], "uv": [134, 0]},
						{"origin": [17, 4, -16], "size": [2, 17, 65], "uv": [0, 0]},
						{"origin": [-19, 4, 20], "size": [4, 12, 16], "inflate": 0.01, "uv": [0, 246]},
						{"origin": [-19, 4, -38], "size": [4, 12, 16], "inflate": 0.01, "uv": [128, 218]},
						{"origin": [15, 4, 20], "size": [4, 12, 16], "inflate": 0.01, "uv": [208, 218]},
						{"origin": [15, 4, -38], "size": [4, 12, 16], "inflate": 0.01, "uv": [168, 218]},
						{"origin": [-17, 4, 48], "size": [34, 17, 1], "uv": [80, 200]},
						{"origin": [-17, 4, 8], "size": [34, 9, 40], "uv": [0, 82]}
					]
				},
				{
					"name": "leg0",
					"pivot": [0, 7, -30],
					"cubes": [
						{"origin": [-19, 0, -32], "size": [4, 1, 4], "uv": [44, 324]},
						{"origin": [-19, 13, -32], "size": [4, 1, 4], "uv": [44, 319]},
						{"origin": [-19, 1, -34], "size": [4, 1, 8], "uv": [48, 303]},
						{"origin": [-19, 12, -34], "size": [4, 1, 8], "uv": [48, 294]},
						{"origin": [-19, 2, -35], "size": [4, 10, 10], "uv": [0, 274]},
						{"origin": [-19, 3, -25], "size": [4, 8, 1], "uv": [30, 330]},
						{"origin": [-19, 3, -36], "size": [4, 8, 1], "uv": [20, 330]},
						{"origin": [-19, 5, -24], "size": [4, 4, 1], "uv": [110, 330]},
						{"origin": [-19, 5, -37], "size": [4, 4, 1], "uv": [100, 330]},
						{"origin": [15, 5, -37], "size": [4, 4, 1], "uv": [80, 330]},
						{"origin": [15, 5, -24], "size": [4, 4, 1], "uv": [90, 330]},
						{"origin": [15, 3, -36], "size": [4, 8, 1], "uv": [0, 330]},
						{"origin": [15, 3, -25], "size": [4, 8, 1], "uv": [10, 330]},
						{"origin": [15, 2, -35], "size": [4, 10, 10], "uv": [164, 246]},
						{"origin": [15, 12, -34], "size": [4, 1, 8], "uv": [24, 294]},
						{"origin": [15, 1, -34], "size": [4, 1, 8], "uv": [24, 303]},
						{"origin": [15, 13, -32], "size": [4, 1, 4], "uv": [28, 317]},
						{"origin": [15, 0, -32], "size": [4, 1, 4], "uv": [28, 322]}
					]
				},
				{
					"name": "leg2",
					"pivot": [0, 7, 28],
					"cubes": [
						{"origin": [-19, 0, 26], "size": [4, 1, 4], "uv": [28, 312]},
						{"origin": [-19, 13, 26], "size": [4, 1, 4], "uv": [12, 322]},
						{"origin": [-19, 1, 24], "size": [4, 1, 8], "uv": [0, 303]},
						{"origin": [-19, 12, 24], "size": [4, 1, 8], "uv": [0, 294]},
						{"origin": [-19, 2, 23], "size": [4, 10, 10], "uv": [136, 246]},
						{"origin": [-19, 3, 33], "size": [4, 8, 1], "uv": [70, 321]},
						{"origin": [-19, 3, 22], "size": [4, 8, 1], "uv": [70, 312]},
						{"origin": [-19, 5, 34], "size": [4, 4, 1], "uv": [70, 330]},
						{"origin": [-19, 5, 21], "size": [4, 4, 1], "uv": [60, 330]},
						{"origin": [15, 5, 21], "size": [4, 4, 1], "uv": [50, 330]},
						{"origin": [15, 5, 34], "size": [4, 4, 1], "uv": [40, 330]},
						{"origin": [15, 3, 22], "size": [4, 8, 1], "uv": [60, 321]},
						{"origin": [15, 3, 33], "size": [4, 8, 1], "uv": [60, 312]},
						{"origin": [15, 2, 23], "size": [4, 10, 10], "uv": [108, 246]},
						{"origin": [15, 12, 24], "size": [4, 1, 8], "uv": [140, 283]},
						{"origin": [15, 1, 24], "size": [4, 1, 8], "uv": [140, 274]},
						{"origin": [15, 13, 26], "size": [4, 1, 4], "uv": [12, 317]},
						{"origin": [15, 0, 26], "size": [4, 1, 4], "uv": [12, 312]}
					]
				}
			]
		}
	]
}