{
	"format_version": "1.12.0",
	"minecraft:geometry": [
		{
			"description": {
				"identifier": "geometry.plane",
				"texture_width": 512,
				"texture_height": 512,
				"visible_bounds_width": 14,
				"visible_bounds_height": 4,
				"visible_bounds_offset": [0, 0, 0]
			},
			"bones": [
				{
					"name": "head",
					"pivot": [0, 16, -16],
					"cubes": [
						{"origin": [-10, 9, -34], "size": [20, 2, 71], "uv": [0, 0]},
						{"origin": [-8, 14, -9], "size": [16, 14, 1], "uv": [34, 442]},
						{"origin": [-8, 14, 6], "size": [16, 14, 1], "uv": [34, 442]},
						{"origin": [-8, 14, 19], "size": [16, 14, 1], "uv": [34, 442]},
						{"origin": [-8, 14, 33], "size": [16, 14, 1], "uv": [34, 442]},
						{"origin": [-8, 11, -18], "size": [16, 3, 10], "uv": [144, 391]},
						{"origin": [-8, 11, -3], "size": [16, 3, 10], "uv": [144, 391]},
						{"origin": [-8, 11, 10], "size": [16, 3, 10], "uv": [144, 391]},
						{"origin": [-8, 11, 24], "size": [16, 3, 10], "uv": [144, 391]},
						{"origin": [-12, 37, -23], "size": [24, 2, 60], "uv": [182, 0]},
						{"origin": [-12, 36, -23], "size": [24, 1, 60], "inflate": -0.01, "uv": [344, 2]},
						{"origin": [-8, 32.66353, 36.10175], "size": [16, 4, 40], "pivot": [-4, 35.66353, 54.10175], "rotation": [-7, 0, 0], "uv": [128, 183]},
						{"origin": [-7.94842, 13.49167, 35.43503], "size": [16, 4, 29], "pivot": [-3.94842, 16.49167, 54.43503], "rotation": [14, 0, 0], "uv": [0, 283]},
						{"origin": [8.05158, 13.49167, 35.43503], "size": [2, 4, 14], "pivot": [-3.94842, 16.49167, 54.43503], "rotation": [14, 0, 0], "uv": [266, 423]},
						{"origin": [-9.94842, 13.49167, 35.43503], "size": [2, 4, 14], "pivot": [-3.94842, 16.49167, 54.43503], "rotation": [14, 0, 0], "uv": [234, 423]},
						{"origin": [-9.5419, 13.49167, 34.97983], "size": [2, 4, 29], "pivot": [-5.5419, 16.49167, 53.97983], "rotation": [14, 8, 0], "uv": [124, 317]},
						{"origin": [7.48351, 13.49167, 35.81487], "size": [2, 4, 29], "inflate": -0.001, "pivot": [11.48351, 16.49167, 54.81487], "rotation": [14, -8, 0], "uv": [62, 317]},
						{"origin": [7.37704, 32.52856, 36.80322], "size": [2, 4, 29], "pivot": [11.37704, 35.52856, 55.80322], "rotation": [-7.5, -8, 0], "uv": [0, 317]},
						{"origin": [-9.43543, 32.52856, 35.96818], "size": [2, 4, 29], "pivot": [-5.43543, 35.52856, 54.96818], "rotation": [-7.5, 8, 0], "uv": [190, 278]},
						{"origin": [8, 32.66353, 36.10175], "size": [2, 4, 15], "pivot": [-4, 35.66353, 54.10175], "rotation": [-7, 0, 0], "uv": [200, 423]},
						{"origin": [-10, 32.66353, 36.10175], "size": [2, 4, 15], "pivot": [-4, 35.66353, 54.10175], "rotation": [-7, 0, 0], "uv": [166, 423]},
						{"origin": [10, 9, -34], "size": [2, 14, 67], "uv": [0, 73], "mirror": true},
						{"origin": [11.75522, 9, -56.97319], "size": [2, 13, 23], "pivot": [12.75522, 15, -25.97319], "rotation": [0, 12.5, 0], "uv": [236, 317]},
						{"origin": [11.75522, 22, -51.97319], "size": [2, 1, 18], "pivot": [12.75522, 15, -25.97319], "rotation": [0, 12.5, 0], "uv": [80, 423]},
						{"origin": [-13.75522, 9, -56.97319], "size": [2, 13, 23], "pivot": [-12.75522, 15, -25.97319], "rotation": [0, -12.5, 0], "uv": [186, 317]},
						{"origin": [-13.75522, 22, -51.97319], "size": [2, 1, 18], "pivot": [-12.75522, 15, -25.97319], "rotation": [0, -12.5, 0], "uv": [40, 423]},
						{"origin": [-6.97811, 9, -56.45481], "size": [14, 13, 6], "uv": [0, 423]},
						{"origin": [-8, 9, -52], "size": [16, 14, 7], "uv": [46, 391]},
						{"origin": [-9, 9, -45], "size": [18, 14, 7], "uv": [104, 353]},
						{"origin": [-10, 9, -38], "size": [20, 14, 9], "uv": [0, 353]},
						{"origin": [-10, 10.68782, -27.36122], "size": [20, 9, 3], "pivot": [0, 12.68782, -32.86122], "rotation": [30, 0, 0], "uv": [120, 423]},
						{"origin": [-5, 18, -24], "size": [10, 2, 2], "uv": [64, 474]},
						{"origin": [-1, 18, -31], "size": [2, 2, 7], "uv": [64, 482]},
						{"origin": [3, 20, -24], "size": [2, 6, 2], "uv": [210, 495]},
						{"origin": [-5, 20, -24], "size": [2, 6, 2], "uv": [202, 495]},
						{"origin": [-12, 21.1077, -28.13397], "size": [2, 19, 2], "inflate": -0.01, "pivot": [2, 29.97372, -27.63397], "rotation": [-30, 0, 0], "uv": [56, 474]},
						{"origin": [-11.99, 21.1077, -26.13397], "size": [0, 17, 1], "inflate": -0.01, "pivot": [2, 29.97372, -27.63397], "rotation": [-30, 0, 0], "uv": [349, 340]},
						{"origin": [11.93, 25.67943, -27.40149], "size": [0, 17, 1], "inflate": -0.01, "pivot": [2.03, 29.67943, -35.32969], "rotation": [-30, 0, 0], "uv": [349, 340]},
						{"origin": [-10, 38.1077, -28.13397], "size": [20, 2, 2], "pivot": [2, 29.97372, -27.63397], "rotation": [-30, 0, 0], "uv": [152, 464]},
						{"origin": [-10, 20.1077, -28.13397], "size": [20, 2, 2], "pivot": [2, 29.97372, -27.63397], "rotation": [-30, 0, 0], "uv": [152, 464]},
						{"origin": [10, 20.97372, -28.63397], "size": [2, 19, 2], "inflate": -0.01, "pivot": [0, 28.97372, -27.63397], "rotation": [-30, 0, 0], "uv": [48, 474]},
						{"origin": [-10, 21.97372, -28.63397], "size": [20, 16, 0], "inflate": -0.01, "pivot": [0, 28.97372, -27.63397], "rotation": [-30, 0, 0], "uv": [311, 370]},
						{"origin": [-12, 9, -34], "size": [2, 14, 67], "uv": [0, 73]},
						{"origin": [-76, 37, -11], "size": [64, 1, 28], "uv": [184, 154]},
						{"origin": [-61, 31, -12], "size": [18, 6, 29], "uv": [0, 243]},
						{"origin": [42, 31, -12], "size": [18, 6, 29], "uv": [240, 183]},
						{"origin": [-60, 32, -13], "size": [16, 4, 1], "uv": [92, 454]},
						{"origin": [43, 32, -13], "size": [16, 4, 1], "uv": [92, 449]},
						{"origin": [12, 37, -11], "size": [64, 1, 28], "uv": [0, 154]},
						{"origin": [-63.46281, 24.93301, 11], "size": [56, 1, 4], "pivot": [-39.46281, 25.43301, -20], "rotation": [0, 0, 30], "uv": [0, 278]},
						{"origin": [-18.09745, 4.21865, 9], "size": [10, 2, 2], "pivot": [-16.09745, 6.71865, 9], "rotation": [0, 0, -50], "uv": [64, 478]},
						{"origin": [9.47468, 9.17213, 8], "size": [11, 2, 2], "pivot": [11.47468, 10.67213, 9], "rotation": [0, 0, 50], "uv": [126, 464]},
						{"origin": [8.53461, 20.93301, 11], "size": [56, 1, 4], "pivot": [32.53461, 21.43301, -45], "rotation": [0, 0, -30], "uv": [94, 253]},
						{"origin": [-63.46281, 24.93301, -9], "size": [56, 1, 4], "pivot": [-39.46281, 25.43301, -20], "rotation": [0, 0, 30], "uv": [94, 248]},
						{"origin": [8.53461, 20.93301, -9], "size": [56, 1, 4], "pivot": [32.53461, 21.43301, -45], "rotation": [0, 0, -30], "uv": [94, 243]},
						{"origin": [-12, 23, -10], "size": [2, 14, 4], "uv": [36, 474]},
						{"origin": [-12, 23, 11], "size": [2, 14, 4], "uv": [24, 474]},
						{"origin": [-12, 23, -30], "size": [0, 13, 63], "inflate": -0.04, "uv": [252, 235]},
						{"origin": [11.9, 23, -30], "size": [0, 13, 63], "inflate": -0.04, "uv": [252, 235]},
						{"origin": [-12, 9, 33], "size": [2, 28, 4], "uv": [80, 442]},
						{"origin": [-10.28808, 13, 36.88029], "size": [2, 24, 14], "pivot": [-9.28808, 23, 48.88029], "rotation": [0, 8, 0], "uv": [186, 353]},
						{"origin": [-10.28808, 16, 50.88029], "size": [2, 18, 14], "pivot": [-9.28808, 23, 48.88029], "rotation": [0, 8, 0], "uv": [196, 391]},
						{"origin": [8.28808, 13, 36.88029], "size": [2, 24, 14], "pivot": [9.28808, 23, 48.88029], "rotation": [0, -8, 0], "uv": [154, 353]},
						{"origin": [8.28808, 16, 50.88029], "size": [2, 17, 14], "pivot": [9.28808, 23, 48.88029], "rotation": [0, -8, 0], "uv": [228, 391]},
						{"origin": [-10, 13, 36], "size": [20, 24, 15], "uv": [120, 278]},
						{"origin": [-10, 10, 34], "size": [20, 27, 3], "uv": [58, 353]},
						{"origin": [-8, 22, 51], "size": [16, 12, 48], "uv": [0, 183]},
						{"origin": [-8, 21, 51], "size": [16, 12, 48], "inflate": -0.01, "uv": [0, 183]},
						{"origin": [-8, 16, 64], "size": [16, 6, 1], "uv": [92, 442]},
						{"origin": [-2, 33, 88], "size": [4, 18, 9], "uv": [286, 326]},
						{"origin": [-2, 33, 86], "size": [4, 15, 2], "inflate": -0.01, "uv": [324, 326]},
						{"origin": [-2, 33, 84], "size": [4, 13, 2], "inflate": -0.01, "uv": [324, 344]},
						{"origin": [-2, 33, 82], "size": [4, 11, 2], "inflate": -0.01, "uv": [336, 344]},
						{"origin": [-2, 33, 80], "size": [4, 9, 2], "inflate": -0.01, "uv": [300, 358]},
						{"origin": [-2, 33, 78], "size": [4, 7, 2], "inflate": -0.01, "uv": [336, 358]},
						{"origin": [-2, 33, 76], "size": [4, 5, 2], "inflate": -0.01, "uv": [312, 362]},
						{"origin": [-2, 31, 74], "size": [4, 5, 2], "inflate": -0.01, "uv": [324, 362]},
						{"origin": [-2, 30.66117, 79.57538], "size": [4, 23, 2], "pivot": [0, 42.16117, 80.57538], "rotation": [-45, 0, 0], "uv": [312, 326]},
						{"origin": [10, 23, -10], "size": [2, 14, 4], "uv": [12, 474]},
						{"origin": [10, 23, 11], "size": [2, 14, 4], "uv": [0, 474]},
						{"origin": [-19, 2.86516, 9], "size": [8, 2, 2], "uv": [102, 474]},
						{"origin": [12, 2.86516, 8], "size": [8, 2, 2], "uv": [64, 491]},
						{"origin": [10, 9, 33], "size": [2, 28, 4], "uv": [68, 442]}
					]
				},
				{
					"name": "leg1",
					"parent": "head",
					"pivot": [-15, 4, 10],
					"cubes": [
						{"origin": [-20, 0, 8], "size": [1, 1, 4], "uv": [10, 505]},
						{"origin": [-11, 0, 8], "size": [1, 1, 4], "uv": [0, 505]},
						{"origin": [-20, 7, 8], "size": [1, 1, 4], "uv": [238, 500]},
						{"origin": [-11, 7, 8], "size": [1, 1, 4], "uv": [238, 495]},
						{"origin": [-20, 1, 7], "size": [1, 1, 6], "uv": [132, 495]},
						{"origin": [-11, 1, 7], "size": [1, 1, 6], "uv": [118, 495]},
						{"origin": [-20, 6, 7], "size": [1, 1, 6], "uv": [104, 495]},
						{"origin": [-11, 6, 7], "size": [1, 1, 6], "uv": [90, 495]},
						{"origin": [-20, 2, 7], "size": [1, 4, 6], "uv": [122, 474]},
						{"origin": [-11, 2, 7], "size": [1, 4, 6], "uv": [102, 478]},
						{"origin": [-20, 2, 13], "size": [1, 4, 1], "uv": [88, 505]},
						{"origin": [-11, 2, 13], "size": [1, 4, 1], "uv": [84, 505]},
						{"origin": [-20, 2, 6], "size": [1, 4, 1], "uv": [80, 505]},
						{"origin": [-11, 2, 6], "size": [1, 4, 1], "uv": [76, 505]}
					]
				},
				{
					"name": "pit0",
					"parent": "head",
					"pivot": [0, 10.5, -31.5],
					"cubes": [
						{"origin": [-1, 19, -49], "size": [2, 2, 21], "pivot": [8, 9.5, -3.5], "rotation": [20, 0, 0], "uv": [0, 391]}
					]
				},
				{
					"name": "wheele0",
					"parent": "pit0",
					"pivot": [0, 3.86516, -50],
					"cubes": [
						{"origin": [-4, 2.86516, -51], "size": [8, 2, 2], "uv": [14, 495]}
					]
				},
				{
					"name": "leg0",
					"parent": "wheele0",
					"pivot": [0, 4, -50],
					"cubes": [
						{"origin": [-5, 0, -52], "size": [1, 1, 4], "uv": [50, 505]},
						{"origin": [4, 0, -52], "size": [1, 1, 4], "uv": [30, 505]},
						{"origin": [-5, 7, -52], "size": [1, 1, 4], "uv": [40, 505]},
						{"origin": [4, 7, -52], "size": [1, 1, 4], "uv": [20, 505]},
						{"origin": [-5, 1, -53], "size": [1, 1, 6], "uv": [188, 495]},
						{"origin": [4, 1, -53], "size": [1, 1, 6], "uv": [160, 495]},
						{"origin": [-5, 6, -53], "size": [1, 1, 6], "uv": [174, 495]},
						{"origin": [4, 6, -53], "size": [1, 1, 6], "uv": [146, 495]},
						{"origin": [-5, 2, -53], "size": [1, 4, 6], "uv": [0, 495]},
						{"origin": [4, 2, -53], "size": [1, 4, 6], "uv": [122, 484]},
						{"origin": [-5, 2, -47], "size": [1, 4, 1], "uv": [104, 505]},
						{"origin": [4, 2, -47], "size": [1, 4, 1], "uv": [96, 505]},
						{"origin": [-5, 2, -54], "size": [1, 4, 1], "uv": [100, 505]},
						{"origin": [4, 2, -54], "size": [1, 4, 1], "uv": [92, 505]}
					]
				},
				{
					"name": "leg2",
					"parent": "head",
					"pivot": [16, 4, 9],
					"cubes": [
						{"origin": [11, 0, 7], "size": [1, 1, 4], "uv": [228, 500]},
						{"origin": [20, 0, 7], "size": [1, 1, 4], "uv": [228, 495]},
						{"origin": [11, 7, 7], "size": [1, 1, 4], "uv": [218, 500]},
						{"origin": [20, 7, 7], "size": [1, 1, 4], "uv": [218, 495]},
						{"origin": [11, 1, 6], "size": [1, 1, 6], "uv": [76, 495]},
						{"origin": [20, 1, 6], "size": [1, 1, 6], "uv": [62, 495]},
						{"origin": [11, 6, 6], "size": [1, 1, 6], "uv": [48, 495]},
						{"origin": [20, 6, 6], "size": [1, 1, 6], "uv": [34, 495]},
						{"origin": [11, 2, 6], "size": [1, 4, 6], "uv": [88, 484]},
						{"origin": [20, 2, 6], "size": [1, 4, 6], "uv": [88, 474]},
						{"origin": [11, 2, 12], "size": [1, 4, 1], "uv": [72, 505]},
						{"origin": [20, 2, 12], "size": [1, 4, 1], "uv": [68, 505]},
						{"origin": [11, 2, 5], "size": [1, 4, 1], "uv": [64, 505]},
						{"origin": [20, 2, 5], "size": [1, 4, 1], "uv": [60, 505]}
					]
				}
			]
		}
	]
}