{
	"format_version": "1.12.0",
	"minecraft:geometry": [
		{
			"description": {
				"identifier": "geometry.police_car",
				"texture_width": 1024,
				"texture_height": 512,
				"visible_bounds_width": 6,
				"visible_bounds_height": 3,
				"visible_bounds_offset": [0, 1.5, 0]
			},
			"bones": [
				{
					"name": "police_car",
					"pivot": [0, 0, 0]
				},
				{
					"name": "body",
					"parent": "police_car",
					"pivot": [0, 12.20833, 1.04167],
					"cubes": [
						{"origin": [-18, 2.5, -37.5], "size": [36, 13, 19], "uv": [915, 195]},
						{"origin": [-24, 14.5, -20.5], "size": [6, 4, 2], "uv": [512, 265]},
						{"origin": [18, 14.5, -20.5], "size": [6, 4, 2], "uv": [512, 265]},
						{"origin": [-18, 2.5, -38.5], "size": [36, 3, 1], "uv": [681, 487]},
						{"origin": [-18, 2.5, 37.5], "size": [36, 3, 1], "uv": [681, 487]},
						{"origin": [-18, 2.5, 38.5], "size": [36, 1, 1], "uv": [681, 487]},
						{"origin": [-18, 2.5, -39.5], "size": [36, 1, 1], "uv": [681, 487]},
						{"origin": [-18, 3.5, 38.5], "size": [36, 1, 1], "uv": [681, 487]},
						{"origin": [-18, 3.5, -39.5], "size": [36, 1, 1], "uv": [681, 487]},
						{"origin": [-18, 2.5, -18.5], "size": [36, 1, 37], "uv": [0, 75]},
						{"origin": [-18, 32, -12.5], "size": [36, 1, 28], "uv": [0, 416]},
						{"origin": [8, 33, -6.5], "size": [8, 2, 12], "uv": [0, 460]},
						{"origin": [-15, 33, -6.5], "size": [8, 2, 12], "uv": [0, 477]},
						{"origin": [-7, 33, -6.5], "size": [15, 2, 12], "uv": [0, 499]},
						{"origin": [16, 15.5, -1.5], "size": [2, 17, 2], "uv": [0, 75]},
						{"origin": [-17, 15.5, -23.5], "size": [0, 17, 49], "uv": [765, 233]},
						{"origin": [17, 15.5, -23.5], "size": [0, 17, 49], "uv": [765, 233]},
						{"origin": [-18, 15.5, -1.5], "size": [2, 17, 2], "uv": [0, 75]},
						{"origin": [-16, 2.5, 1.5], "size": [32, 17, 1], "uv": [348, 0]},
						{"origin": [8, 19.5, 1.5], "size": [8, 13, 1], "uv": [348, 0]},
						{"origin": [-16, 19.5, 1.5], "size": [8, 13, 1], "uv": [348, 0]},
						{"origin": [-8, 19.5, 1.5], "size": [16, 13, 1], "uv": [990, 32]},
						{"origin": [-18, 3.5, -18.5], "size": [2, 12, 37], "uv": [0, 163]},
						{"origin": [-18, 2.5, -36.5], "size": [3, 10, 14], "uv": [828, 468]},
						{"origin": [-18, 2.5, 22.5], "size": [3, 10, 14], "uv": [829, 438]},
						{"origin": [15, 2.5, -36.5], "size": [3, 10, 14], "uv": [830, 410]},
						{"origin": [15, 2.5, 22.5], "size": [3, 10, 14], "uv": [831, 380]},
						{"origin": [2, 3.5, -10.5], "size": [12, 6, 10], "uv": [824, 493]},
						{"origin": [-14, 3.5, -10.5], "size": [12, 6, 10], "uv": [824, 493]},
						{"origin": [-16, 3.5, 6.5], "size": [16, 6, 10], "uv": [768, 411]},
						{"origin": [0, 3.5, 6.5], "size": [16, 6, 10], "uv": [768, 411]},
						{"origin": [16, 3.5, -18.5], "size": [2, 12, 37], "uv": [89, 0], "mirror": true},
						{"origin": [17, 12.5, -7.5], "size": [2, 2, 4], "uv": [900, 430]},
						{"origin": [-19, 12.5, -7.5], "size": [2, 2, 4], "uv": [900, 430]},
						{"origin": [17, 12.5, 13.5], "size": [2, 2, 4], "uv": [900, 430]},
						{"origin": [-19, 12.5, 13.5], "size": [2, 2, 4], "uv": [900, 430]},
						{"origin": [-18, 2.5, 18.5], "size": [36, 13, 19], "uv": [914, 163]},
						{"origin": [-4, 6.5, 37], "size": [8, 2, 1], "uv": [735, 494]},
						{"origin": [-4, 6, -38], "size": [8, 2, 1], "uv": [735, 494]}
					]
				},
				{
					"name": "body3",
					"parent": "body",
					"pivot": [-20, 16.5, -19.5],
					"rotation": [0, 30, 0]
				},
				{
					"name": "body0",
					"parent": "police_car",
					"pivot": [0, 16, -19],
					"rotation": [-25, 0, 0],
					"cubes": [
						{"origin": [-18, 14.1, -20.5], "size": [2, 20, 1], "uv": [0, 75]},
						{"origin": [16, 14.1, -20.5], "size": [2, 20, 1], "uv": [0, 75]},
						{"origin": [-16, 32.1, -20.5], "size": [32, 2, 1], "uv": [0, 315.875]},
						{"origin": [-16, 16.1, -20.5], "size": [32, 16, 0], "uv": [787, 238]},
						{"origin": [-16, 14.1, -20.5], "size": [32, 2, 1], "uv": [0, 75]}
					]
				},
				{
					"name": "body1",
					"parent": "police_car",
					"pivot": [0, 15, 19],
					"rotation": [25, 0, 0],
					"cubes": [
						{"origin": [16, 12.5, 22.5], "size": [2, 20, 1], "uv": [0, 100], "mirror": true},
						{"origin": [-18, 12.5, 22.5], "size": [2, 20, 1], "uv": [0, 100]},
						{"origin": [-18, 14, 20.5], "size": [2, 19, 2], "uv": [0, 100]},
						{"origin": [16, 14, 20.5], "size": [2, 19, 2], "uv": [0, 100]},
						{"origin": [-16, 30.5, 22.5], "size": [32, 2, 1], "uv": [438, 80]},
						{"origin": [-16, 14.5, 23.5], "size": [32, 16, 0], "uv": [768, 317]},
						{"origin": [-16, 12.5, 22.5], "size": [32, 2, 1], "uv": [0, 100]}
					]
				},
				{
					"name": "body2",
					"parent": "police_car",
					"pivot": [0, 11.5, 0.5],
					"rotation": [-15, 0, 0],
					"cubes": [
						{"origin": [-16, 12.5, 13.5], "size": [32, 10, 1], "uv": [763, 393]},
						{"origin": [-15, 22.5, 13.5], "size": [30, 1, 1], "uv": [767, 387]},
						{"origin": [-14, 23.5, 13.5], "size": [28, 1, 1], "uv": [769, 382]},
						{"origin": [2, 8.5, -1.5], "size": [12, 10, 1], "uv": [796, 496]},
						{"origin": [-14, 8.5, -1.5], "size": [12, 10, 1], "uv": [796, 496]},
						{"origin": [3, 18.5, -1.5], "size": [10, 1, 1], "uv": [798, 492]},
						{"origin": [-13, 18.5, -1.5], "size": [10, 1, 1], "uv": [798, 492]},
						{"origin": [4, 19.5, -1.5], "size": [8, 1, 1], "uv": [801, 488]},
						{"origin": [-12, 19.5, -1.5], "size": [8, 1, 1], "uv": [801, 488]}
					]
				},
				{
					"name": "dashboard0",
					"parent": "police_car",
					"pivot": [0, 9, -18],
					"rotation": [-25, 0, 0],
					"cubes": [
						{"origin": [-16, 11.5, -21.5], "size": [32, 3, 8], "uv": [765, 361]},
						{"origin": [11, 15.5, -20.5], "size": [1, 1, 6], "uv": [987, 450]},
						{"origin": [4, 15.5, -20.5], "size": [1, 1, 6], "uv": [987, 450]},
						{"origin": [5, 15.5, -14.5], "size": [6, 1, 1], "uv": [987, 450]},
						{"origin": [5, 15.5, -21.5], "size": [6, 1, 1], "uv": [987, 450]},
						{"origin": [7, 14.5, -18.5], "size": [2, 2, 2], "uv": [987, 450]},
						{"origin": [7, 12.5, -18.5], "size": [2, 2, 2], "uv": [0, 75]},
						{"origin": [9, 15.5, -18.5], "size": [2, 1, 2], "uv": [987, 450]},
						{"origin": [5, 15.5, -18.5], "size": [2, 1, 2], "uv": [987, 450]}
					]
				},
				{
					"name": "leg0",
					"parent": "police_car",
					"pivot": [0, 5.5, -29.5],
					"cubes": [
						{"origin": [-18, 1, -33], "size": [2, 1, 7], "uv": [969, 438]},
						{"origin": [-18, 0, -32], "size": [2, 1, 5], "uv": [969, 438]},
						{"origin": [16, 0, -32], "size": [2, 1, 5], "uv": [977, 440]},
						{"origin": [-18, 10, -32], "size": [2, 1, 5], "uv": [969, 438]},
						{"origin": [16, 10, -32], "size": [2, 1, 5], "uv": [977, 440]},
						{"origin": [-18, 9, -33], "size": [2, 1, 7], "uv": [969, 438]},
						{"origin": [-18, 2, -33], "size": [2, 7, 7], "uv": [957, 480], "mirror": true},
						{"origin": [-18, 2, -34], "size": [2, 7, 1], "uv": [969, 438]},
						{"origin": [-18, 3, -35], "size": [2, 5, 1], "uv": [969, 438]},
						{"origin": [16, 3, -35], "size": [2, 5, 1], "uv": [977, 440]},
						{"origin": [-18, 3, -25], "size": [2, 5, 1], "uv": [969, 438]},
						{"origin": [16, 3, -25], "size": [2, 5, 1], "uv": [977, 440]},
						{"origin": [-18, 2, -26], "size": [2, 7, 1], "uv": [969, 438]},
						{"origin": [16, 1, -33], "size": [2, 1, 7], "uv": [977, 440]},
						{"origin": [16, 9, -33], "size": [2, 1, 7], "uv": [977, 440]},
						{"origin": [16, 2, -33], "size": [2, 7, 7], "uv": [957, 480]},
						{"origin": [16, 2, -34], "size": [2, 7, 1], "uv": [977, 440]},
						{"origin": [16, 2, -26], "size": [2, 7, 1], "uv": [977, 440]}
					]
				},
				{
					"name": "leg1",
					"parent": "police_car",
					"pivot": [0, 5.5, 29.5],
					"cubes": [
						{"origin": [-18, 1, 26], "size": [2, 1, 7], "uv": [1008, 506]},
						{"origin": [-18, 0, 27], "size": [2, 1, 5], "uv": [1008, 506]},
						{"origin": [16, 0, 27], "size": [2, 1, 5], "uv": [1008, 506]},
						{"origin": [-18, 10, 27], "size": [2, 1, 5], "uv": [1008, 506]},
						{"origin": [16, 10, 27], "size": [2, 1, 5], "uv": [1008, 506]},
						{"origin": [-18, 9, 26], "size": [2, 1, 7], "uv": [1008, 506]},
						{"origin": [-18, 2, 26], "size": [2, 7, 7], "uv": [966, 480]},
						{"origin": [-18, 2, 25], "size": [2, 7, 1], "uv": [1008, 506]},
						{"origin": [-18, 3, 24], "size": [2, 5, 1], "uv": [1008, 506]},
						{"origin": [16, 3, 24], "size": [2, 5, 1], "uv": [1008, 506]},
						{"origin": [-18, 3, 34], "size": [2, 5, 1], "uv": [1008, 506]},
						{"origin": [16, 3, 34], "size": [2, 5, 1], "uv": [1008, 506]},
						{"origin": [-18, 2, 33], "size": [2, 7, 1], "uv": [1008, 506]},
						{"origin": [16, 1, 26], "size": [2, 1, 7], "uv": [1008, 506]},
						{"origin": [16, 9, 26], "size": [2, 1, 7], "uv": [1008, 506]},
						{"origin": [16, 2, 26], "size": [2, 7, 7], "uv": [957, 480]},
						{"origin": [16, 2, 25], "size": [2, 7, 1], "uv": [1008, 506]},
						{"origin": [16, 2, 33], "size": [2, 7, 1], "uv": [1008, 506]}
					]
				}
			]
		}
	]
}