{
	"geometry.taxi_1.10": {
		"texturewidth": 512,
		"textureheight": 512,
		"visible_bounds_width": 6,
		"visible_bounds_height": 2,
		"visible_bounds_offset": [0, 1, 0],
		"bones": [
			{
				"name": "body",
				"pivot": [0, 11.47, 11.43917],
				"cubes": [
					{"origin": [-17, 4, -24], "size": [34, 1, 64], "uv": [0, 0]},
					{"origin": [-17, 5, -24], "size": [34, 8, 16], "uv": [100, 93]},
					{"origin": [15, 5, -8], "size": [2, 8, 48], "uv": [196, 0]},
					{"origin": [-15, 5, 26], "size": [30, 8, 18], "uv": [0, 121]},
					{"origin": [-17, 25, -2], "size": [34, 1, 27], "uv": [100, 65]},
					{"origin": [15, 13, 24], "size": [2, 13, 1], "uv": [130, 248]},
					{"origin": [15, 13, 8], "size": [2, 13, 1], "uv": [124, 248]},
					{"origin": [-17, 13, 24], "size": [2, 13, 1], "uv": [136, 248]},
					{"origin": [-15, 4.5, 0], "size": [30, 5, 8], "uv": [112, 160]},
					{"origin": [-15, 5, 16], "size": [30, 5, 8], "uv": [112, 147]},
					{"origin": [-17, 5, -8], "size": [2, 8, 48], "uv": [0, 65]},
					{"origin": [-17, 4, -26], "size": [34, 2, 2], "uv": [222, 219], "inflate": 0.5},
					{"origin": [-17, 4, 42], "size": [34, 1, 2], "uv": [294, 219], "inflate": 0.5},
					{"origin": [15, 4, 41], "size": [2, 9, 3], "uv": [70, 248]},
					{"origin": [-17, 4, 40], "size": [34, 1, 3], "uv": [148, 219]},
					{"origin": [-17, 4, 41], "size": [2, 9, 3], "uv": [92, 248]},
					{"origin": [15, 4, 40], "size": [2, 9, 3], "uv": [102, 248]},
					{"origin": [-14, 5, -26.3], "size": [28, 8, 2.3], "uv": [132, 224]},
					{"origin": [-17, 4, 40], "size": [2, 9, 3], "uv": [60, 248]},
					{"origin": [15, 13, 25], "size": [2, 11, 1], "uv": [28, 265]},
					{"origin": [15, 13, 26], "size": [2, 9, 1], "uv": [58, 265]},
					{"origin": [15, 13, 27], "size": [2, 8, 1], "uv": [76, 265]},
					{"origin": [15, 13, 28], "size": [2, 6, 1], "uv": [48, 277]},
					{"origin": [15, 12, 29], "size": [2, 6, 1], "uv": [42, 277]},
					{"origin": [15, 10, 30], "size": [2, 6, 1], "uv": [36, 277]},
					{"origin": [-17, 13, 27], "size": [2, 8, 1], "uv": [82, 265]},
					{"origin": [-17, 13, 28], "size": [2, 6, 1], "uv": [24, 277]},
					{"origin": [-17, 12, 29], "size": [2, 6, 1], "uv": [18, 277]},
					{"origin": [-17, 10, 30], "size": [2, 6, 1], "uv": [12, 277]},
					{"origin": [-17, 13, 26], "size": [2, 9, 1], "uv": [64, 265]},
					{"origin": [-17, 13, 25], "size": [2, 11, 1], "uv": [34, 265]},
					{"origin": [-17, 13, -2], "size": [2, 12, 26], "uv": [0, 147]},
					{"origin": [-17, 9, -8.5], "size": [2, 5.7, 1.5], "uv": [96, 277]},
					{"origin": [-17, 11, -7], "size": [2, 6, 1], "uv": [60, 277]},
					{"origin": [-17, 13, -6], "size": [2, 6, 1], "uv": [54, 277]},
					{"origin": [-17, 13, -5], "size": [2, 7.5, 1], "uv": [88, 265]},
					{"origin": [-17, 13, -3], "size": [2, 11, 1], "uv": [40, 265]},
					{"origin": [-17, 13, -4], "size": [2, 9.5, 1], "uv": [70, 265]},
					{"origin": [15, 13, -3], "size": [2, 11, 1], "uv": [46, 265]},
					{"origin": [15, 13, -4], "size": [2, 9.5, 1], "uv": [52, 265]},
					{"origin": [15, 13, -5], "size": [2, 7.5, 1], "uv": [94, 265]},
					{"origin": [15, 13, -6], "size": [2, 6, 1], "uv": [84, 277]},
					{"origin": [15, 11, -7], "size": [2, 6, 1], "uv": [90, 277]},
					{"origin": [15, 9, -8.5], "size": [2, 5.7, 1.5], "uv": [102, 277]},
					{"origin": [15, 13, -2], "size": [2, 12, 26], "uv": [56, 147]},
					{"origin": [-17.5, 11, 18], "size": [3, 1, 4], "uv": [14, 270]},
					{"origin": [14.5, 11, 18], "size": [3, 1, 4], "uv": [14, 265]},
					{"origin": [14.5, 11, 3], "size": [3, 1, 4], "uv": [0, 270]},
					{"origin": [-17.5, 11, 3], "size": [3, 1, 4], "uv": [0, 265]},
					{"origin": [-15, 5, -24], "size": [30, 8, 16], "uv": [188, 121]},
					{"origin": [-15, 5, 26], "size": [30, 8, 16], "uv": [96, 121]},
					{"origin": [-18, 3, -11], "size": [36, 5, 1], "uv": [148, 208]},
					{"origin": [-18, 9.8, -19], "size": [36, 1, 5], "uv": [0, 185]},
					{"origin": [-18, 3, -23], "size": [36, 5, 1], "uv": [136, 201]},
					{"origin": [-18, 3, 37], "size": [36, 5, 1], "uv": [222, 208]},
					{"origin": [-18, 3, 25], "size": [36, 5, 1], "uv": [74, 208]},
					{"origin": [-18, 9.8, 29], "size": [36, 1, 5], "uv": [82, 185]},
					{"origin": [-16.5, 28.5, 8], "size": [33, 1, 4], "uv": [74, 214]},
					{"origin": [-16.5, 27.5, 8], "size": [33, 1, 4], "uv": [0, 214]},
					{"origin": [-16.5, 26.5, 8], "size": [33, 1, 4], "uv": [148, 214]},
					{"origin": [-16.5, 26.5, 8.5], "size": [33, 1, 4], "uv": [222, 214]},
					{"origin": [-16.5, 26.5, 7.5], "size": [33, 1, 4], "uv": [296, 214]},
					{"origin": [-16.5, 25.5, 7.5], "size": [33, 1, 4], "uv": [0, 219]},
					{"origin": [-16.5, 25.5, 8.5], "size": [33, 1, 4], "uv": [296, 208]},
					{"origin": [-16.5, 25.5, 6.5], "size": [33, 1, 4], "uv": [74, 219]}
				]
			},
			{
				"name": "body0",
				"parent": "body",
				"pivot": [0.16667, 20, -9.5],
				"rotation": [-30, 0, 0],
				"cubes": [
					{"origin": [-17, 13, -6], "size": [2, 16, 1], "uv": [54, 248]},
					{"origin": [15, 13, -6], "size": [2, 16, 1], "uv": [36, 248]},
					{"origin": [-16.5, 13, -6], "size": [33, 16, 1], "uv": [0, 191]},
					{"origin": [-16.5, 33, 1], "size": [33, 4, 1], "uv": [64, 224]}
				]
			},
			{
				"name": "body2",
				"parent": "body",
				"pivot": [0, 14, 22.33333],
				"rotation": [-15, 0, 0],
				"cubes": [
					{"origin": [-15, 6, 8.5], "size": [12, 8, 2], "uv": [224, 224]},
					{"origin": [-15, 10, 23.5], "size": [30, 8, 2], "uv": [0, 224]},
					{"origin": [2, 6, 8.5], "size": [12, 8, 2], "uv": [0, 234]}
				]
			},
			{
				"name": "body3",
				"parent": "body",
				"pivot": [0, 13, -7],
				"rotation": [-35, 0, 0],
				"cubes": [
					{"origin": [-15, 9, -8], "size": [30, 4, 6], "uv": [136, 191]}
				]
			},
			{
				"name": "body5",
				"parent": "body",
				"pivot": [8, 11, -6],
				"rotation": [-60, 0, 0],
				"cubes": [
					{"origin": [5, 9, -9], "size": [6, 4, 6], "uv": [52, 234]},
					{"origin": [5, 11, -9], "size": [6, 4, 6], "uv": [28, 234]},
					{"origin": [4, 15, -10], "size": [8, 0, 8], "uv": [192, 224]}
				]
			},
			{
				"name": "body6",
				"parent": "body",
				"pivot": [-15, 9, -25],
				"rotation": [0, 35, 0],
				"cubes": [
					{"origin": [-17, 5, -25.3], "size": [4, 8, 2], "uv": [112, 248]}
				]
			},
			{
				"name": "body7",
				"parent": "body",
				"pivot": [-15, 9, -25],
				"rotation": [0, -35, 0],
				"cubes": [
					{"origin": [8, 5, -42.5], "size": [4, 8, 2], "uv": [80, 248]}
				]
			},
			{
				"name": "body4",
				"parent": "body",
				"pivot": [0, 27, 27],
				"rotation": [30, 0, 0],
				"cubes": [
					{"origin": [-17, 11, 24], "size": [2, 16, 1], "uv": [42, 248]},
					{"origin": [15, 11, 24], "size": [2, 16, 1], "uv": [48, 248]},
					{"origin": [-16.5, 11, 24], "size": [33, 16, 1], "uv": [68, 191]},
					{"origin": [-16.5, 33, 14], "size": [33, 4, 1], "uv": [64, 229]}
				]
			},
			{
				"name": "body8",
				"parent": "body",
				"pivot": [-18, 14, -4.5],
				"rotation": [0, 20, 0],
				"cubes": [
					{"origin": [-19, 11, -5], "size": [2, 6, 1], "uv": [72, 277]},
					{"origin": [-21, 11, -5], "size": [2, 6, 1], "uv": [78, 277], "mirror": true}
				]
			},
			{
				"name": "body9",
				"parent": "body",
				"pivot": [17, 14, -4.5],
				"rotation": [0, -20, 0],
				"cubes": [
					{"origin": [19, 11, -5], "size": [2, 6, 1], "uv": [30, 277]},
					{"origin": [17, 11, -5], "size": [2, 6, 1], "uv": [66, 277]}
				]
			},
			{
				"name": "body102",
				"parent": "body",
				"pivot": [0, 12.8, -18.5],
				"rotation": [30, 0, 0],
				"cubes": [
					{"origin": [-18, 10.3, -25], "size": [36, 1, 5], "uv": [246, 185]},
					{"origin": [-18, -13.7, 16.56922], "size": [36, 1, 5], "uv": [164, 185]}
				]
			},
			{
				"name": "body10",
				"parent": "body",
				"pivot": [0, 4.5, -9.5],
				"rotation": [55, 0, 0],
				"cubes": [
					{"origin": [-18, 7, -8], "size": [36, 5, 1], "uv": [0, 208]},
					{"origin": [-18, -32.3193, 19.53167], "size": [36, 5, 1], "uv": [210, 191]}
				]
			},
			{
				"name": "leg0",
				"pivot": [0, 4.5, -16.5],
				"cubes": [
					{"origin": [-17, 0, -20], "size": [2, 1, 7], "uv": [0, 256]},
					{"origin": [-17, 8, -20], "size": [2, 1, 7], "uv": [18, 248]},
					{"origin": [-17, 1, -20], "size": [2, 7, 7], "uv": [94, 234]},
					{"origin": [-17, 1, -21], "size": [2, 7, 1], "uv": [130, 265]},
					{"origin": [-17, 1, -13], "size": [2, 7, 1], "uv": [118, 265]},
					{"origin": [15, 0, -20], "size": [2, 1, 7], "uv": [220, 234]},
					{"origin": [15, 8, -20], "size": [2, 1, 7], "uv": [0, 248]},
					{"origin": [15, 1, -20], "size": [2, 7, 7], "uv": [112, 234]},
					{"origin": [15, 1, -21], "size": [2, 7, 1], "uv": [106, 265]},
					{"origin": [15, 1, -13], "size": [2, 7, 1], "uv": [100, 265]}
				]
			},
			{
				"name": "leg1",
				"pivot": [0, 4.5, 31.5],
				"cubes": [
					{"origin": [-17, 0, 28], "size": [2, 1, 7], "uv": [166, 234]},
					{"origin": [-17, 8, 28], "size": [2, 1, 7], "uv": [184, 234]},
					{"origin": [-17, 1, 28], "size": [2, 7, 7], "uv": [130, 234]},
					{"origin": [-17, 1, 27], "size": [2, 7, 1], "uv": [112, 265]},
					{"origin": [-17, 1, 35], "size": [2, 7, 1], "uv": [0, 277]},
					{"origin": [15, 0, 28], "size": [2, 1, 7], "uv": [148, 234]},
					{"origin": [15, 8, 28], "size": [2, 1, 7], "uv": [202, 234]},
					{"origin": [15, 1, 28], "size": [2, 7, 7], "uv": [76, 234]},
					{"origin": [15, 1, 27], "size": [2, 7, 1], "uv": [124, 265]},
					{"origin": [15, 1, 35], "size": [2, 7, 1], "uv": [6, 277]}
				]
			}
		]
	},
	"geometry.estrada": {
		"texturewidth": 512,
		"textureheight": 512,
		"visible_bounds_width": 10,
		"visible_bounds_height": 3,
		"visible_bounds_offset": [0, 0, 0],
		"bones": [
			{
				"name": "body",
				"pivot": [-1, 16.5, 0],
				"cubes": [
					{"origin": [-22, 34, -18], "size": [42, 2, 44], "uv": [16, 9]},
					{"origin": [-22, 12, 60], "size": [42, 9, 3], "uv": [0, 205]},
					{"origin": [-20, 5, -40], "size": [38, 11, 17], "uv": [95, 260]},
					{"origin": [-22, 6, -40], "size": [42, 10, 2], "uv": [0, 436]},
					{"origin": [-22, 6, -23], "size": [42, 11, 2], "uv": [0, 419]},
					{"origin": [-22, 15, -33], "size": [42, 5, 11], "uv": [109, 305]},
					{"origin": [-22, 6, 46], "size": [42, 7, 17], "uv": [110, 324]},
					{"origin": [-22, 6, 62], "size": [42, 3, 2], "uv": [269, 5], "inflate": 1},
					{"origin": [-20, 12.5, 23], "size": [38, 3, 37], "uv": [99, 218]},
					{"origin": [-17, 6, -45.2], "size": [33, 11, 4], "uv": [0, 323]},
					{"origin": [-24, 2, -16], "size": [38, 1, 38], "uv": [145, 0]},
					{"origin": [-20, 4, -40], "size": [38, 2, 81], "uv": [0, 62]},
					{"origin": [18, 5, -22], "size": [2, 15, 44], "uv": [0, 146], "mirror": true},
					{"origin": [18, 13, 22], "size": [2, 8, 38], "uv": [109, 171]},
					{"origin": [-20, 6, 22], "size": [38, 7, 23], "uv": [106, 350]},
					{"origin": [-22, 13, 22], "size": [2, 8, 38], "uv": [109, 171]},
					{"origin": [-22, 5, -22], "size": [2, 15, 44], "uv": [0, 146]},
					{"origin": [-14, 3, -16], "size": [26, 1, 38], "uv": [156, 41]},
					{"origin": [-22, 19, 24], "size": [2, 15, 2], "uv": [0, 0]},
					{"origin": [18, 19, 24], "size": [2, 15, 2], "uv": [0, 0]},
					{"origin": [18, 19, 3], "size": [2, 15, 2], "uv": [0, 0]},
					{"origin": [-22, 19, 3], "size": [2, 15, 2], "uv": [0, 0]},
					{"origin": [-20, 5, -13], "size": [38, 9, 16], "uv": [0, 299]},
					{"origin": [-20, 5, 10], "size": [38, 9, 16], "uv": [0, 276]},
					{"origin": [-4, 5, -20], "size": [8, 10, 16], "uv": [0, 300]},
					{"origin": [-17, 2, -16], "size": [38, 1, 38], "uv": [145, 0]},
					{"origin": [-22, 15, 24], "size": [42, 10, 2], "uv": [261, 0]}
				]
			},
			{
				"name": "body4",
				"parent": "body",
				"pivot": [-1, 24, 51],
				"rotation": [-70, 0, 0]
			},
			{
				"name": "leg0",
				"pivot": [0, 6, -30],
				"cubes": [
					{"origin": [18, 1, -34], "size": [2, 1, 8], "uv": [493, 104]},
					{"origin": [18, 2, -26], "size": [2, 8, 1], "uv": [493, 104]},
					{"origin": [18, 2, -35], "size": [2, 8, 1], "uv": [493, 104]},
					{"origin": [18, 10, -34], "size": [2, 1, 8], "uv": [493, 104]},
					{"origin": [18, 0, -33], "size": [2, 1, 6], "uv": [493, 104]},
					{"origin": [18, 11, -33], "size": [2, 1, 6], "uv": [493, 104]},
					{"origin": [18, 3, -25], "size": [2, 6, 1], "uv": [493, 104]},
					{"origin": [18, 3, -36], "size": [2, 6, 1], "uv": [493, 104]},
					{"origin": [18, 2, -34], "size": [2, 8, 8], "uv": [0, 378], "mirror": true}
				]
			},
			{
				"name": "leg4",
				"parent": "leg0",
				"pivot": [-17, 6, -31],
				"cubes": [
					{"origin": [-22, 2, -34], "size": [2, 8, 8], "uv": [0, 378]},
					{"origin": [-22, 1, -34], "size": [2, 1, 8], "uv": [493, 104]},
					{"origin": [-22, 2, -26], "size": [2, 8, 1], "uv": [493, 104]},
					{"origin": [-22, 2, -35], "size": [2, 8, 1], "uv": [493, 104]},
					{"origin": [-22, 10, -34], "size": [2, 1, 8], "uv": [493, 104]},
					{"origin": [-22, 0, -33], "size": [2, 1, 6], "uv": [493, 104]},
					{"origin": [-22, 11, -33], "size": [2, 1, 6], "uv": [493, 104]},
					{"origin": [-22, 3, -25], "size": [2, 6, 1], "uv": [493, 104]},
					{"origin": [-22, 3, -36], "size": [2, 6, 1], "uv": [493, 104]}
				]
			},
			{
				"name": "leg1",
				"pivot": [0, 6, 31],
				"cubes": [
					{"origin": [18, 2, 30], "size": [2, 8, 8], "uv": [0, 378], "mirror": true},
					{"origin": [18, 1, 30], "size": [2, 1, 8], "uv": [493, 169]},
					{"origin": [18, 2, 38], "size": [2, 8, 1], "uv": [493, 169]},
					{"origin": [18, 2, 29], "size": [2, 8, 1], "uv": [493, 169]},
					{"origin": [18, 10, 30], "size": [2, 1, 8], "uv": [493, 169]},
					{"origin": [18, 0, 31], "size": [2, 1, 6], "uv": [493, 169]},
					{"origin": [18, 11, 31], "size": [2, 1, 6], "uv": [493, 169]},
					{"origin": [18, 3, 39], "size": [2, 6, 1], "uv": [493, 169]},
					{"origin": [18, 3, 28], "size": [2, 6, 1], "uv": [493, 169]}
				]
			},
			{
				"name": "leg2",
				"parent": "leg1",
				"pivot": [-21, 6, 31],
				"cubes": [
					{"origin": [-22, 2, 30], "size": [2, 8, 8], "uv": [0, 378]},
					{"origin": [-22, 1, 30], "size": [2, 1, 8], "uv": [493, 169]},
					{"origin": [-22, 2, 38], "size": [2, 8, 1], "uv": [493, 169]},
					{"origin": [-22, 2, 29], "size": [2, 8, 1], "uv": [493, 169]},
					{"origin": [-22, 10, 30], "size": [2, 1, 8], "uv": [493, 169]},
					{"origin": [-22, 0, 31], "size": [2, 1, 6], "uv": [493, 169]},
					{"origin": [-22, 11, 31], "size": [2, 1, 6], "uv": [493, 169]},
					{"origin": [-22, 3, 39], "size": [2, 6, 1], "uv": [493, 169]},
					{"origin": [-22, 3, 28], "size": [2, 6, 1], "uv": [493, 169]}
				]
			}
		]
	},
	"geometry.speedboat": {
		"texturewidth": 512,
		"textureheight": 512,
		"visible_bounds_width": 7,
		"visible_bounds_height": 2,
		"visible_bounds_offset": [0, 1, 0],
		"bones": [
			{
				"name": "body",
				"pivot": [0, 0, 0],
				"cubes": [
					{"origin": [-11, 0, -16], "size": [28, 1, 32], "uv": [121, 0]},
					{"origin": [-11, 1, 14], "size": [28, 13, 2], "uv": [0, 201]},
					{"origin": [-11, 0, -31], "size": [28, 14, 15], "uv": [0, 54]},
					{"origin": [-9, 1, -17], "size": [24, 5, 31], "uv": [0, 120]},
					{"origin": [-2, 4, -8], "size": [10, 5, 8], "uv": [58, 106]},
					{"origin": [-2, 4, 4], "size": [10, 5, 8], "uv": [58, 106]},
					{"origin": [-2, 9, 10], "size": [10, 5, 2], "uv": [89, 125]},
					{"origin": [-2, 9, -2], "size": [10, 5, 2], "uv": [89, 125]},
					{"origin": [0, 0, -55], "size": [6, 14, 17], "uv": [64, 212]},
					{"origin": [-1, 9, -63], "size": [8, 5, 20], "uv": [0, 92]},
					{"origin": [-3, 0, -38], "size": [13, 14, 7], "uv": [0, 243]},
					{"origin": [-4, 14, -46], "size": [13, 1, 15], "uv": [0, 282]},
					{"origin": [-10, 14, -31], "size": [26, 1, 5], "uv": [0, 298]},
					{"origin": [-11, 1, -16], "size": [2, 13, 30], "uv": [0, 155]},
					{"origin": [15, 1, -16], "size": [2, 13, 30], "uv": [54, 0]}
				]
			},
			{
				"name": "daashboard",
				"parent": "body",
				"pivot": [3, 7, -23.5],
				"rotation": [-35, 0, 0],
				"cubes": [
					{"origin": [-9, 15, -22], "size": [24, 2, 6], "uv": [96, 110]},
					{"origin": [0, 19, -22], "size": [6, 0, 6], "uv": [81, 119]},
					{"origin": [2, 13, -20], "size": [2, 7, 2], "uv": [81, 125]}
				]
			},
			{
				"name": "glass",
				"parent": "body",
				"pivot": [3, 13.5, -18.5],
				"rotation": [-35, 0, 0],
				"cubes": [
					{"origin": [-11, 8, -22], "size": [28, 14, 15], "uv": [86, 54], "inflate": -0.25},
					{"origin": [-11, 8, -22], "size": [1, 14, 1], "uv": [86, 83]},
					{"origin": [16, 8, -22], "size": [1, 14, 1], "uv": [86, 83]}
				]
			},
			{
				"name": "body4",
				"parent": "body",
				"pivot": [3, 7, -53.5],
				"rotation": [40, 0, 0],
				"cubes": [
					{"origin": [-1, 3, -59.4], "size": [8, 11.7, 7], "uv": [0, 35]}
				]
			},
			{
				"name": "body2",
				"parent": "body",
				"pivot": [17, 7, -30.5],
				"rotation": [0, 17, 0],
				"cubes": [
					{"origin": [9, 9, -64], "size": [8, 5, 33], "uv": [0, 304]},
					{"origin": [8, 14, -62], "size": [8, 1, 31], "uv": [0, 250]}
				]
			},
			{
				"name": "body3",
				"parent": "body",
				"pivot": [-11, 7, -30.5],
				"rotation": [0, -17, 0],
				"cubes": [
					{"origin": [-11, 9, -64], "size": [8, 5, 33], "uv": [0, 304]},
					{"origin": [-10, 14, -62], "size": [8, 1, 31], "uv": [0, 250]}
				]
			},
			{
				"name": "body3a2",
				"pivot": [16, 3, -26],
				"rotation": [0, 19, 0],
				"cubes": [
					{"origin": [16, 0, -57], "size": [1, 9, 26], "uv": [0, 0]},
					{"origin": [10, 0, -57], "size": [6, 1, 26], "uv": [0, 216]}
				]
			},
			{
				"name": "body3a",
				"pivot": [-9, 3, -26],
				"rotation": [0, -19, 0],
				"cubes": [
					{"origin": [-11, 0, -57], "size": [1, 9, 26], "uv": [0, 0]},
					{"origin": [-10, 0, -57], "size": [6, 1, 26], "uv": [0, 216]}
				]
			}
		]
	},
	"geometry.truck": {
		"texturewidth": 512,
		"textureheight": 512,
		"visible_bounds_width": 12,
		"visible_bounds_height": 4,
		"visible_bounds_offset": [0, 2, 0],
		"bones": [
			{
				"name": "body0",
				"pivot": [-0.4625, 20.11595, 6.4638],
				"cubes": [
					{"origin": [-23, 17, -12], "size": [45, 34, 3], "uv": [0, 184]},
					{"origin": [22, 30, -40], "size": [1, 21, 4], "uv": [69, 320]},
					{"origin": [-24, 30, -40], "size": [1, 21, 4], "uv": [69, 320]},
					{"origin": [-24, 30, -40], "size": [47, 21, 28], "uv": [207, 318]},
					{"origin": [-24, 51, -40], "size": [47, 2, 43], "uv": [65, 140]},
					{"origin": [-2, 49, -39], "size": [4, 2, 1], "uv": [152, 475]},
					{"origin": [-4, 46, -39], "size": [8, 3, 1], "uv": [152, 475]},
					{"origin": [-22, 17, -28], "size": [43, 5, 16], "uv": [0, 270]},
					{"origin": [-22, 22, -15], "size": [16, 14, 3], "uv": [0, 291]},
					{"origin": [5, 22, -15], "size": [16, 14, 3], "uv": [0, 291]},
					{"origin": [-20, 36, -15], "size": [12, 5, 3], "uv": [0, 308]},
					{"origin": [7, 36, -15], "size": [12, 5, 3], "uv": [0, 308]},
					{"origin": [-25, 5, -36], "size": [50, 12, 2], "uv": [282, 109]},
					{"origin": [-25, 5, -42], "size": [50, 7, 6], "uv": [282, 96]},
					{"origin": [-26, 5, 95], "size": [51, 7, 3], "uv": [316, 673]},
					{"origin": [-24, 10, -41], "size": [47, 20, 5], "uv": [282, 71]},
					{"origin": [-20, 11, -40], "size": [39, 6, 127], "uv": [0, 240]},
					{"origin": [-20, 5, -40], "size": [39, 6, 13], "uv": [386, 124]},
					{"origin": [-20, 5, -27], "size": [39, 7, 122], "uv": [0, 373]},
					{"origin": [-26, 5, -8], "size": [6, 6, 67], "uv": [217, 151]},
					{"origin": [19, 5, -8], "size": [6, 6, 67], "uv": [217, 151]},
					{"origin": [-25, 5, -27], "size": [50, 12, 1], "uv": [283, 131]},
					{"origin": [-25, 16, -34], "size": [50, 1, 7], "uv": [390, 115]},
					{"origin": [-25, 12, -34], "size": [50, 1, 7], "uv": [283, 123]},
					{"origin": [-25, 9, -34], "size": [50, 1, 7], "uv": [283, 123]},
					{"origin": [-25, 6, -34], "size": [50, 1, 7], "uv": [283, 123]},
					{"origin": [-26, 11, -8], "size": [6, 6, 67], "uv": [363, 151]},
					{"origin": [19, 11, -8], "size": [6, 6, 67], "uv": [363, 151]},
					{"origin": [19, 15, -26], "size": [6, 2, 18], "uv": [137, 185]},
					{"origin": [-25, 15, -26], "size": [5, 2, 18], "uv": [167, 187]},
					{"origin": [23, 47, -40], "size": [4, 2, 4], "uv": [135, 426]},
					{"origin": [23, 31, -40], "size": [4, 2, 4], "uv": [136, 435]},
					{"origin": [-28, 47, -40], "size": [4, 2, 4], "uv": [160, 446]},
					{"origin": [-28, 31, -40], "size": [4, 2, 4], "uv": [136, 448]},
					{"origin": [-23, 17, -9], "size": [45, 34, 12], "uv": [208, 378]},
					{"origin": [-24, 17, -36], "size": [1, 15, 39], "uv": [176, 185]},
					{"origin": [22, 17, -36], "size": [1, 15, 39], "uv": [176, 185], "mirror": true},
					{"origin": [22, 32, -12], "size": [1, 19, 15], "uv": [0, 140]},
					{"origin": [-24, 32, -12], "size": [1, 19, 15], "uv": [0, 140], "mirror": true},
					{"origin": [-26, 5, 75], "size": [6, 12, 20], "uv": [52, 222]},
					{"origin": [19, 5, 75], "size": [6, 12, 20], "uv": [0, 222]},
					{"origin": [-20, 12, 75], "size": [39, 5, 20], "uv": [254, 735]},
					{"origin": [-5, 12, -29], "size": [9, 12, 17], "uv": [0, 316]}
				]
			},
			{
				"name": "mirror0",
				"parent": "body0",
				"pivot": [-27.5, 40.5, -38],
				"rotation": [0, -70, 0],
				"cubes": [
					{"origin": [-28, 33, -40], "size": [1, 14, 4], "uv": [0, 413]}
				]
			},
			{
				"name": "mirror1",
				"parent": "body0",
				"pivot": [26.5, 40.5, -38],
				"rotation": [0, 70, 0],
				"cubes": [
					{"origin": [26, 33, -40], "size": [1, 14, 4], "uv": [0, 442]}
				]
			},
			{
				"name": "container",
				"parent": "body0",
				"pivot": [-0.5, 42.33333, 23.33333],
				"cubes": [
					{"origin": [-26, 17, 5], "size": [51, 50, 90], "uv": [0, 0]}
				]
			},
			{
				"name": "body2",
				"parent": "body0",
				"pivot": [-0.5, 29, -38.5],
				"rotation": [55, 0, 0],
				"cubes": [
					{"origin": [-23, 19, -41], "size": [45, 11, 5], "uv": [0, 254]},
					{"origin": [9, 28, -34], "size": [5, 1, 1], "uv": [334, 0]},
					{"origin": [8, 27, -34], "size": [1, 1, 1], "uv": [334, 0]},
					{"origin": [8, 21, -34], "size": [1, 1, 1], "uv": [334, 0]},
					{"origin": [7, 22, -34], "size": [1, 5, 1], "uv": [334, 0]},
					{"origin": [14, 27, -34], "size": [1, 1, 1], "uv": [334, 0]},
					{"origin": [14, 21, -34], "size": [1, 1, 1], "uv": [334, 0]},
					{"origin": [15, 22, -34], "size": [1, 5, 1], "uv": [334, 0]},
					{"origin": [8, 23, -34], "size": [7, 3, 1], "uv": [334, 0]},
					{"origin": [9, 20, -34], "size": [5, 1, 1], "uv": [334, 0]},
					{"origin": [10, 23.5, -38], "size": [3, 1, 7], "uv": [334, 0]},
					{"origin": [11, 24.5, -38], "size": [1, 1, 7], "uv": [334, 0]}
				]
			},
			{
				"name": "lever",
				"parent": "body0",
				"pivot": [1.5, 21.5, -24.5],
				"rotation": [20, 0, 0],
				"cubes": [
					{"origin": [-2, 13, -26], "size": [3, 17, 3], "uv": [52, 325]}
				]
			},
			{
				"name": "leg0",
				"pivot": [-0.5, 7, -17],
				"cubes": [
					{"origin": [19, 0, -20], "size": [5, 1, 6], "uv": [483, 0]},
					{"origin": [-25, 0, -20], "size": [5, 1, 6], "uv": [483, 0]},
					{"origin": [19, 13, -20], "size": [5, 1, 6], "uv": [483, 0]},
					{"origin": [-25, 13, -20], "size": [5, 1, 6], "uv": [483, 0]},
					{"origin": [19, 1, -22], "size": [5, 1, 10], "uv": [483, 0]},
					{"origin": [-25, 1, -22], "size": [5, 1, 10], "uv": [483, 0]},
					{"origin": [19, 12, -22], "size": [5, 1, 10], "uv": [483, 0]},
					{"origin": [-25, 12, -22], "size": [5, 1, 10], "uv": [483, 0]},
					{"origin": [19, 2, -23], "size": [5, 10, 1], "uv": [483, 0]},
					{"origin": [-25, 2, -23], "size": [5, 10, 1], "uv": [483, 0]},
					{"origin": [19, 2, -12], "size": [5, 10, 1], "uv": [483, 0]},
					{"origin": [-25, 2, -12], "size": [5, 10, 1], "uv": [483, 0]},
					{"origin": [19, 4, -11], "size": [5, 6, 1], "uv": [483, 0]},
					{"origin": [-25, 4, -11], "size": [5, 6, 1], "uv": [483, 0]},
					{"origin": [19, 4, -24], "size": [5, 6, 1], "uv": [483, 0]},
					{"origin": [-25, 4, -24], "size": [5, 6, 1], "uv": [483, 0]},
					{"origin": [19, 2, -22], "size": [5, 10, 10], "uv": [483, 0]},
					{"origin": [-25, 2, -22], "size": [5, 10, 10], "uv": [483, 0]}
				]
			},
			{
				"name": "leg1",
				"pivot": [-0.5, 7, -17],
				"cubes": [
					{"origin": [19, 0, 64], "size": [5, 1, 6], "uv": [491, 0]},
					{"origin": [-25, 0, 64], "size": [5, 1, 6], "uv": [491, 0]},
					{"origin": [19, 13, 64], "size": [5, 1, 6], "uv": [491, 0]},
					{"origin": [-25, 13, 64], "size": [5, 1, 6], "uv": [491, 0]},
					{"origin": [19, 1, 62], "size": [5, 1, 10], "uv": [491, 0]},
					{"origin": [-25, 1, 62], "size": [5, 1, 10], "uv": [491, 0]},
					{"origin": [19, 12, 62], "size": [5, 1, 10], "uv": [491, 0]},
					{"origin": [-25, 12, 62], "size": [5, 1, 10], "uv": [491, 0]},
					{"origin": [19, 2, 61], "size": [5, 10, 1], "uv": [491, 0]},
					{"origin": [-25, 2, 61], "size": [5, 10, 1], "uv": [491, 0]},
					{"origin": [19, 2, 72], "size": [5, 10, 1], "uv": [491, 0]},
					{"origin": [-25, 2, 72], "size": [5, 10, 1], "uv": [491, 0]},
					{"origin": [19, 4, 73], "size": [5, 6, 1], "uv": [491, 0]},
					{"origin": [-25, 4, 73], "size": [5, 6, 1], "uv": [491, 0]},
					{"origin": [19, 4, 60], "size": [5, 6, 1], "uv": [491, 0]},
					{"origin": [-25, 4, 60], "size": [5, 6, 1], "uv": [491, 0]},
					{"origin": [19, 2, 62], "size": [5, 10, 10], "uv": [491, 0]},
					{"origin": [-25, 2, 62], "size": [5, 10, 10], "uv": [491, 0]}
				]
			}
		]
	},
	"geometry.ref_truck": {
		"texturewidth": 1024,
		"textureheight": 1024
	},
	"geometry.golf_cart": {
		"texturewidth": 256,
		"textureheight": 256
	},
	"geometry.flying_chair": {
		"texturewidth": 256,
		"textureheight": 256,
		"visible_bounds_width": 4,
		"visible_bounds_height": 2,
		"visible_bounds_offset": [0, 1, 0],
		"bones": [
			{
				"name": "body",
				"pivot": [-0.63636, 8.5, -5.04545],
				"cubes": [
					{"origin": [-9, 17, -6], "size": [16, 1, 16], "uv": [0, 88]},
					{"origin": [-9, 14, -6], "size": [16, 3, 16], "uv": [164, 53]},
					{"origin": [-7, 11, -6], "size": [12, 3, 12], "uv": [48, 145]},
					{"origin": [-9, 14, -26], "size": [16, 3, 14], "uv": [128, 105]},
					{"origin": [-9, 13, -26], "size": [16, 1, 34], "uv": [0, 53]},
					{"origin": [-9, 17, -21], "size": [16, 3, 9], "uv": [96, 145]},
					{"origin": [-9, 20, -18], "size": [16, 3, 6], "uv": [86, 160]},
					{"origin": [-24, 11, 10], "size": [16, 1, 16], "uv": [128, 88]},
					{"origin": [-19, 8, 15], "size": [6, 8, 6], "uv": [120, 177]},
					{"origin": [11, 8, 15], "size": [6, 8, 6], "uv": [96, 177]},
					{"origin": [6, 11, 10], "size": [16, 1, 16], "uv": [192, 88]},
					{"origin": [9, 11, -26], "size": [16, 1, 16], "uv": [0, 105]},
					{"origin": [14, 8, -21], "size": [6, 8, 6], "uv": [72, 177]},
					{"origin": [-27, 11, -26], "size": [16, 1, 16], "uv": [64, 105]},
					{"origin": [-22, 8, -21], "size": [6, 8, 6], "uv": [144, 177]},
					{"origin": [-19, 5, 15], "size": [6, 11, 6], "uv": [164, 160], "inflate": -1},
					{"origin": [11, 5, 15], "size": [6, 11, 6], "uv": [48, 177], "inflate": -1},
					{"origin": [14, 5, -21], "size": [6, 11, 6], "uv": [24, 177], "inflate": -1},
					{"origin": [-22, 5, -21], "size": [6, 11, 6], "uv": [0, 177], "inflate": -1},
					{"origin": [-9, 10, -6], "size": [16, 3, 16], "uv": [100, 53], "inflate": 1}
				]
			},
			{
				"name": "body2",
				"parent": "body",
				"pivot": [-1, 12.5, 7],
				"rotation": [-110, 0, 0],
				"cubes": [
					{"origin": [-9, 13.16928, -14.3825], "size": [16, 1, 16], "uv": [64, 88]}
				]
			},
			{
				"name": "body1",
				"parent": "body",
				"pivot": [-1, 7.5, 0],
				"rotation": [0, 40, 0],
				"cubes": [
					{"origin": [-7, 11, -6], "size": [12, 3, 12], "uv": [204, 125]},
					{"origin": [-3, 11, -25], "size": [4, 3, 50], "uv": [0, 0]}
				]
			},
			{
				"name": "body3",
				"parent": "body",
				"pivot": [-1, 7.5, 0],
				"rotation": [0, 140, 0],
				"cubes": [
					{"origin": [-7, 11, -6], "size": [12, 3, 12], "uv": [0, 145]},
					{"origin": [-3, 11, -25], "size": [4, 3, 50], "uv": [108, 0]}
				]
			},
			{
				"name": "body4",
				"parent": "body",
				"pivot": [-1, 16.5, -17],
				"rotation": [40, 0, 0],
				"cubes": [
					{"origin": [-9, 19.54465, -24.25397], "size": [16, 3, 11], "uv": [150, 125]},
					{"origin": [-3, 14.54465, -16.25397], "size": [4, 4, 13], "uv": [130, 160]},
					{"origin": [-5, 12.54465, -6.25397], "size": [8, 8, 2], "uv": [18, 202]},
					{"origin": [-3, 11.54465, -29.25397], "size": [4, 3, 14], "uv": [50, 160]},
					{"origin": [-3, -12.45535, -4.25397], "size": [4, 13, 5], "uv": [0, 194]}
				]
			},
			{
				"name": "wing0",
				"parent": "body",
				"pivot": [-15.75, 7.5, 18.25],
				"cubes": [
					{"origin": [-25, 7, 15], "size": [19, 1, 6], "uv": [146, 152]},
					{"origin": [-19, 7, 9], "size": [6, 1, 19], "uv": [188, 105]}
				]
			},
			{
				"name": "wing2",
				"parent": "body",
				"pivot": [14.25, 7.5, 18.25],
				"cubes": [
					{"origin": [5, 7, 15], "size": [19, 1, 6], "uv": [146, 145]},
					{"origin": [11, 7, 9], "size": [6, 1, 19], "uv": [0, 125]}
				]
			},
			{
				"name": "wing3",
				"parent": "body",
				"pivot": [17.25, 7.5, -17.75],
				"cubes": [
					{"origin": [8, 7, -21], "size": [19, 1, 6], "uv": [0, 167]},
					{"origin": [14, 7, -27], "size": [6, 1, 19], "uv": [50, 125]}
				]
			},
			{
				"name": "wing4",
				"parent": "body",
				"pivot": [-18.75, 7.5, -17.75],
				"cubes": [
					{"origin": [-28, 7, -21], "size": [19, 1, 6], "uv": [0, 160]},
					{"origin": [-22, 7, -27], "size": [6, 1, 19], "uv": [100, 125]}
				]
			},
			{
				"name": "leg0",
				"parent": "body",
				"pivot": [0, 5, -23],
				"cubes": [
					{"origin": [-6, 3, -25], "size": [10, 4, 4], "uv": [168, 177]},
					{"origin": [1, 2, -26], "size": [2, 6, 6], "uv": [46, 194]},
					{"origin": [-5, 2, -26], "size": [2, 6, 6], "uv": [62, 194]}
				]
			},
			{
				"name": "leg2",
				"parent": "body",
				"pivot": [-1, 5, 12],
				"cubes": [
					{"origin": [-6, 3, 10], "size": [10, 4, 4], "uv": [18, 194]},
					{"origin": [1, 2, 9], "size": [2, 6, 6], "uv": [78, 194]},
					{"origin": [-5, 2, 9], "size": [2, 6, 6], "uv": [94, 194]}
				]
			}
		]
	},
	"geometry.mail_truck": {
		"texturewidth": 1024,
		"textureheight": 1024,
		"visible_bounds_width": 12,
		"visible_bounds_height": 4,
		"visible_bounds_offset": [0, 2, 0],
		"bones": [
			{
				"name": "body0",
				"pivot": [-0.4625, 20.11595, 6.4638],
				"cubes": [
					{"origin": [-24, 10, -37], "size": [1, 21, 25], "uv": [156, 689]},
					{"origin": [22, 10, -36], "size": [1, 21, 25], "uv": [104, 689]},
					{"origin": [-24, 12, -12], "size": [47, 39, 3], "uv": [236, 607]},
					{"origin": [22, 30, -40], "size": [1, 21, 4], "uv": [260, 755]},
					{"origin": [-24, 51, -40], "size": [47, 2, 31], "uv": [152, 475]},
					{"origin": [-23, 12, -28], "size": [45, 10, 16], "uv": [114, 607]},
					{"origin": [-23, 36, -15], "size": [45, 6, 3], "uv": [0, 724]},
					{"origin": [-24, 6, -41], "size": [47, 3, 5], "uv": [0, 689], "inflate": 2},
					{"origin": [-24, 10, -41], "size": [47, 20, 5], "uv": [336, 628]},
					{"origin": [-23, 10, -35], "size": [45, 6, 25], "uv": [152, 508]},
					{"origin": [-24, 11, -10], "size": [47, 3, 3], "uv": [0, 718]},
					{"origin": [-20, 5, -40], "size": [39, 6, 124], "uv": [326, 130]},
					{"origin": [19, 5, -11], "size": [6, 6, 70], "uv": [152, 399]},
					{"origin": [-26, 5, -11], "size": [6, 6, 70], "uv": [0, 475]},
					{"origin": [-25, 5, -34], "size": [50, 1, 8], "uv": [0, 663]},
					{"origin": [-25, 5, -27], "size": [50, 9, 1], "uv": [316, 663]},
					{"origin": [-25, 8, -34], "size": [50, 1, 8], "uv": [0, 672]},
					{"origin": [-24, 30, -40], "size": [1, 21, 4], "uv": [198, 755]},
					{"origin": [-20, 11, -40], "size": [39, 6, 124], "uv": [0, 130]},
					{"origin": [-26, 11, -11], "size": [6, 6, 70], "uv": [0, 399]},
					{"origin": [19, 11, -11], "size": [6, 6, 70], "uv": [304, 399]},
					{"origin": [19, 11, 75], "size": [6, 6, 9], "uv": [238, 735]},
					{"origin": [19, 5, 75], "size": [6, 6, 9], "uv": [268, 735]},
					{"origin": [-26, 5, 75], "size": [6, 6, 9], "uv": [388, 735]},
					{"origin": [-26, 11, 75], "size": [6, 6, 9], "uv": [30, 755]},
					{"origin": [-26, 15, 59], "size": [6, 2, 16], "uv": [0, 735]},
					{"origin": [19, 15, 59], "size": [6, 2, 16], "uv": [44, 735]},
					{"origin": [23, 47, -40], "size": [4, 2, 4], "uv": [140, 780]},
					{"origin": [23, 31, -40], "size": [4, 2, 4], "uv": [140, 786]},
					{"origin": [-28, 47, -40], "size": [4, 2, 4], "uv": [140, 792]},
					{"origin": [-28, 31, -40], "size": [4, 2, 4], "uv": [156, 780]},
					{"origin": [-24, 6, 91], "size": [47, 5, 5], "uv": [212, 679], "inflate": 2},
					{"origin": [-24, 12, -9], "size": [47, 41, 12], "uv": [308, 475]},
					{"origin": [19, 11, 87], "size": [6, 6, 9], "uv": [298, 735]},
					{"origin": [19, 5, 87], "size": [6, 6, 9], "uv": [328, 735]},
					{"origin": [19, 5, 81], "size": [6, 6, 9], "uv": [358, 735]},
					{"origin": [19, 11, 81], "size": [6, 6, 9], "uv": [208, 735]},
					{"origin": [-26, 5, 81], "size": [6, 6, 9], "uv": [418, 735]},
					{"origin": [-26, 11, 81], "size": [6, 6, 9], "uv": [0, 755]},
					{"origin": [-26, 11, 87], "size": [6, 6, 9], "uv": [60, 755]},
					{"origin": [-26, 5, 87], "size": [6, 6, 9], "uv": [90, 755]},
					{"origin": [-20, 5, -28], "size": [39, 6, 124], "uv": [0, 0]},
					{"origin": [-20, 11, -28], "size": [39, 6, 124], "uv": [326, 0]},
					{"origin": [-23, 30, -40], "size": [45, 21, 0], "uv": [0, 697]},
					{"origin": [-3, 12, -29], "size": [9, 12, 17], "uv": [208, 689]},
					{"origin": [-4, 25, 94], "size": [8, 7, 2], "uv": [44, 787]},
					{"origin": [-6, 28, 95], "size": [12, 2, 2], "uv": [270, 775]},
					{"origin": [-1, 23, 95], "size": [3, 12, 2], "uv": [130, 780]}
				]
			},
			{
				"name": "body",
				"parent": "body0",
				"pivot": [-0.5, 39, -13.5],
				"rotation": [-10, 0, 0],
				"cubes": [
					{"origin": [-23, 19, -15], "size": [45, 23, 3], "uv": [116, 663]}
				]
			},
			{
				"name": "mirror0",
				"parent": "body0",
				"pivot": [-27.5, 40.5, -38],
				"rotation": [0, -70, 0],
				"cubes": [
					{"origin": [-28, 33, -40], "size": [1, 14, 4], "uv": [120, 780]}
				]
			},
			{
				"name": "mirror1",
				"parent": "body0",
				"pivot": [26.5, 40.5, -38],
				"rotation": [0, -120, 0],
				"cubes": [
					{"origin": [26, 33, -40], "size": [1, 14, 4], "uv": [110, 780]}
				]
			},
			{
				"name": "container",
				"parent": "body0",
				"pivot": [-0.5, 42.33333, 23.33333],
				"cubes": [
					{"origin": [-26, 17, 5], "size": [51, 49, 90], "uv": [282, 260], "inflate": 0.4}
				]
			},
			{
				"name": "bone",
				"parent": "body0",
				"pivot": [-0.4625, 20.11595, 6.4638]
			},
			{
				"name": "body2",
				"parent": "body0",
				"pivot": [-0.5, 29, -38.5],
				"rotation": [55, 0, 0],
				"cubes": [
					{"origin": [-23, 19, -41], "size": [45, 11, 5], "uv": [212, 663]},
					{"origin": [6, 19, -34], "size": [11, 11, 1], "uv": [120, 755]},
					{"origin": [10, 23, -38], "size": [3, 3, 7], "uv": [298, 755]}
				]
			},
			{
				"name": "lever",
				"parent": "body0",
				"pivot": [1.5, 21.5, -24.5],
				"rotation": [20, 0, 0],
				"cubes": [
					{"origin": [0, 13, -26], "size": [3, 17, 3], "uv": [270, 755]}
				]
			},
			{
				"name": "leg0",
				"pivot": [-0.5, 7, -19],
				"cubes": [
					{"origin": [-25, 2, -24], "size": [5, 10, 10], "uv": [178, 735]},
					{"origin": [-25, 12, -23], "size": [5, 1, 8], "uv": [146, 764]},
					{"origin": [-25, 3, -25], "size": [5, 8, 1], "uv": [184, 789]},
					{"origin": [-25, 4, -26], "size": [5, 6, 1], "uv": [48, 798]},
					{"origin": [-25, 4, -13], "size": [5, 6, 1], "uv": [36, 798]},
					{"origin": [-25, 13, -22], "size": [5, 1, 6], "uv": [22, 787]},
					{"origin": [-25, 3, -14], "size": [5, 8, 1], "uv": [196, 780]},
					{"origin": [-25, 1, -23], "size": [5, 1, 8], "uv": [208, 764]},
					{"origin": [-25, 0, -22], "size": [5, 1, 6], "uv": [0, 780]},
					{"origin": [19, 2, -24], "size": [5, 10, 10], "uv": [148, 735]},
					{"origin": [19, 12, -23], "size": [5, 1, 8], "uv": [146, 755]},
					{"origin": [19, 3, -25], "size": [5, 8, 1], "uv": [172, 780]},
					{"origin": [19, 4, -26], "size": [5, 6, 1], "uv": [24, 798]},
					{"origin": [19, 4, -13], "size": [5, 6, 1], "uv": [12, 798]},
					{"origin": [19, 13, -22], "size": [5, 1, 6], "uv": [66, 780]},
					{"origin": [19, 3, -14], "size": [5, 8, 1], "uv": [208, 780]},
					{"origin": [19, 1, -23], "size": [5, 1, 8], "uv": [172, 755]},
					{"origin": [19, 0, -22], "size": [5, 1, 6], "uv": [66, 787]}
				]
			},
			{
				"name": "leg1",
				"pivot": [-0.5, 7, 66],
				"cubes": [
					{"origin": [-26, 2, 61], "size": [5, 10, 10], "uv": [118, 735]},
					{"origin": [-26, 12, 62], "size": [5, 1, 8], "uv": [208, 755]},
					{"origin": [-26, 3, 60], "size": [5, 8, 1], "uv": [196, 789]},
					{"origin": [-26, 4, 59], "size": [5, 6, 1], "uv": [220, 780]},
					{"origin": [-26, 4, 72], "size": [5, 6, 1], "uv": [208, 789]},
					{"origin": [-26, 13, 63], "size": [5, 1, 6], "uv": [44, 780]},
					{"origin": [-26, 3, 71], "size": [5, 8, 1], "uv": [184, 780]},
					{"origin": [-26, 1, 62], "size": [5, 1, 8], "uv": [172, 764]},
					{"origin": [-26, 0, 63], "size": [5, 1, 6], "uv": [88, 780]},
					{"origin": [20, 2, 61], "size": [5, 10, 10], "uv": [88, 735]},
					{"origin": [20, 12, 62], "size": [5, 1, 8], "uv": [120, 767]},
					{"origin": [20, 3, 60], "size": [5, 8, 1], "uv": [156, 786]},
					{"origin": [20, 4, 59], "size": [5, 6, 1], "uv": [220, 787]},
					{"origin": [20, 4, 72], "size": [5, 6, 1], "uv": [0, 798]},
					{"origin": [20, 13, 63], "size": [5, 1, 6], "uv": [0, 787]},
					{"origin": [20, 3, 71], "size": [5, 8, 1], "uv": [172, 789]},
					{"origin": [20, 1, 62], "size": [5, 1, 8], "uv": [234, 755]},
					{"origin": [20, 0, 63], "size": [5, 1, 6], "uv": [22, 780]}
				]
			}
		]
	},
	"geometry.dmax": {
		"texturewidth": 256,
		"textureheight": 128
	},
	"geometry.mini_plane": {
		"texturewidth": 512,
		"textureheight": 512,
		"visible_bounds_width": 9,
		"visible_bounds_height": 3,
		"visible_bounds_offset": [0, 1.5, 0],
		"bones": [
			{
				"name": "body",
				"pivot": [-1, 16.5, 0],
				"cubes": [
					{"origin": [-14, 4, -40], "size": [26, 1, 72], "uv": [0, 0]},
					{"origin": [-15, 28, -40], "size": [28, 1, 67], "uv": [196, 0]},
					{"origin": [12, 4, -47], "size": [1, 11, 74], "uv": [0, 73]},
					{"origin": [-15, 4, -47], "size": [1, 11, 74], "uv": [150, 73]},
					{"origin": [-14, 5, -47], "size": [26, 10, 2], "uv": [112, 436]},
					{"origin": [-15, 15, -40], "size": [1, 13, 2], "uv": [110, 479]},
					{"origin": [12, 15, -40], "size": [1, 13, 2], "uv": [80, 479]},
					{"origin": [12, 15, 6], "size": [1, 13, 2], "uv": [86, 479]},
					{"origin": [-15, 15, 6], "size": [1, 13, 2], "uv": [92, 479]},
					{"origin": [12, 15, -11], "size": [1, 13, 2], "uv": [98, 479]},
					{"origin": [-15, 15, -11], "size": [1, 13, 2], "uv": [74, 479]},
					{"origin": [12, 15, -26], "size": [1, 13, 2], "uv": [104, 479]},
					{"origin": [-15, 15, -26], "size": [1, 13, 2], "uv": [68, 479]},
					{"origin": [-14, 5, 23], "size": [26, 23, 6], "uv": [296, 347]},
					{"origin": [6, 13, 28], "size": [5, 3, 2], "uv": [116, 484]},
					{"origin": [-13, 13, 28], "size": [5, 3, 2], "uv": [116, 489]},
					{"origin": [-13, 9, 28], "size": [5, 3, 2], "uv": [130, 479]},
					{"origin": [6, 9, 28], "size": [5, 3, 2], "uv": [130, 484]},
					{"origin": [-13, 5, 28], "size": [5, 3, 2], "uv": [130, 489]},
					{"origin": [6, 5, 28], "size": [5, 3, 2], "uv": [116, 479]},
					{"origin": [-14, 4, -47], "size": [26, 1, 7], "uv": [56, 423]},
					{"origin": [12, 24, -42], "size": [1, 4, 69], "uv": [144, 158]},
					{"origin": [-15, 24, -42], "size": [1, 4, 69], "uv": [284, 158]},
					{"origin": [-15, 28, -42], "size": [28, 1, 2], "uv": [168, 448]},
					{"origin": [-14, 5, -47], "size": [1, 11, 71], "uv": [0, 158]},
					{"origin": [11, 5, -47], "size": [1, 11, 72], "uv": [300, 73]},
					{"origin": [-14, 5, -49], "size": [26, 10, 2], "uv": [168, 436]},
					{"origin": [-14, 5, -51], "size": [26, 10, 2], "uv": [168, 436]},
					{"origin": [-14, 5, -50], "size": [26, 10, 2], "uv": [218, 411], "inflate": -0.1},
					{"origin": [-14, 5, -51], "size": [26, 10, 2], "uv": [56, 436], "inflate": -0.2},
					{"origin": [-14, 5, -52], "size": [26, 10, 2], "uv": [0, 436], "inflate": -0.3},
					{"origin": [13, 6, -25], "size": [4, 6, 33], "uv": [300, 269]},
					{"origin": [-18, 6, -25], "size": [4, 6, 33], "uv": [0, 308]},
					{"origin": [17, 6, -25], "size": [4, 6, 33], "uv": [74, 308], "mirror": true},
					{"origin": [21, 6, -25], "size": [4, 6, 33], "uv": [148, 308]},
					{"origin": [-20, 6, -25], "size": [4, 6, 33], "uv": [222, 308], "mirror": true},
					{"origin": [-24, 6, -25], "size": [4, 6, 33], "uv": [296, 308]},
					{"origin": [-14, 5, 29], "size": [26, 23, 2], "uv": [280, 386]},
					{"origin": [-14, 5, 31], "size": [26, 23, 2], "uv": [0, 411]},
					{"origin": [-14, 5, 33], "size": [26, 23, 2], "uv": [336, 386]},
					{"origin": [-9, 10, 35], "size": [16, 12, 21], "uv": [222, 347]},
					{"origin": [-14, 5, -53], "size": [26, 10, 2], "uv": [218, 423]},
					{"origin": [-14, 5, -55], "size": [26, 10, 2], "uv": [274, 411]},
					{"origin": [-13, 6, -57], "size": [24, 8, 2], "uv": [228, 443]},
					{"origin": [-12, 7, -59], "size": [22, 6, 2], "uv": [0, 470]},
					{"origin": [-11, 8, -61], "size": [20, 4, 2], "uv": [48, 453]},
					{"origin": [-12, 7, 35], "size": [22, 19, 2], "uv": [122, 411]},
					{"origin": [-12, 7, 37], "size": [22, 19, 2], "uv": [170, 411]},
					{"origin": [-10, 9, 41], "size": [18, 15, 2], "uv": [284, 436]},
					{"origin": [-10, 9, 43], "size": [18, 15, 2], "uv": [0, 453]},
					{"origin": [-68, 8, -9], "size": [50, 1, 27], "uv": [154, 240]},
					{"origin": [-20, 6, -14], "size": [4, 6, 33], "uv": [226, 269]},
					{"origin": [-24, 6, -14], "size": [4, 6, 33], "uv": [152, 269]},
					{"origin": [16, 8, -8], "size": [50, 1, 27], "uv": [0, 240]},
					{"origin": [21, 6, -14], "size": [4, 6, 33], "uv": [74, 347]},
					{"origin": [17, 6, -14], "size": [4, 6, 33], "uv": [0, 347]},
					{"origin": [13, 6, -14], "size": [4, 6, 33], "uv": [148, 347]},
					{"origin": [-10, 9, 39], "size": [18, 15, 2], "uv": [0, 453], "inflate": 1},
					{"origin": [-10, 9, 37], "size": [18, 15, 2], "uv": [284, 436], "inflate": 1},
					{"origin": [-12, 7, 33], "size": [22, 19, 2], "uv": [122, 411], "inflate": 1}
				]
			},
			{
				"name": "seat_0",
				"parent": "body",
				"pivot": [-1, 16.5, 0],
				"cubes": [
					{"origin": [-13, 5, -22], "size": [24, 5, 11], "uv": [70, 386]},
					{"origin": [-13, 5, -3], "size": [24, 5, 11], "uv": [140, 386]},
					{"origin": [-13, 5, -36], "size": [24, 5, 11], "uv": [0, 386]},
					{"origin": [-13, 5, 12], "size": [24, 5, 11], "uv": [210, 386]}
				]
			},
			{
				"name": "body2",
				"parent": "body",
				"pivot": [-1, 26.375, -42],
				"rotation": [-18.5, 0, 0],
				"cubes": [
					{"origin": [12, 12, -43], "size": [1, 17, 2], "uv": [62, 479]},
					{"origin": [-15, 12, -43], "size": [1, 17, 2], "uv": [56, 479]},
					{"origin": [-14, 24, -43], "size": [26, 5, 2], "uv": [228, 436]},
					{"origin": [-14, 25, -44], "size": [26, 3, 2], "uv": [228, 436]},
					{"origin": [-13, 25, -45], "size": [24, 2, 3], "uv": [228, 436]},
					{"origin": [-12, 24, -46], "size": [22, 2, 2], "uv": [228, 436]}
				]
			},
			{
				"name": "body3",
				"parent": "body",
				"pivot": [-1, 13, -45],
				"rotation": [-35, 0, 0],
				"cubes": [
					{"origin": [-13, 11, -46], "size": [24, 4, 8], "uv": [56, 411]}
				]
			},
			{
				"name": "bone",
				"parent": "body3",
				"pivot": [-1, 13, -42],
				"rotation": [-30, 0, 0],
				"cubes": [
					{"origin": [-3, 11, -44], "size": [4, 7, 4], "uv": [40, 479]}
				]
			},
			{
				"name": "bone2",
				"parent": "body3",
				"pivot": [-1, 13, -42],
				"rotation": [-30, 0, 0],
				"cubes": [
					{"origin": [-5, 16, -46], "size": [8, 1, 8], "uv": [110, 453]}
				]
			},
			{
				"name": "wing1",
				"parent": "body",
				"pivot": [17, 8.5, -11],
				"rotation": [0, -20, 0],
				"cubes": [
					{"origin": [16, 8, -25], "size": [48, 1, 28], "uv": [308, 240]}
				]
			},
			{
				"name": "flap1",
				"parent": "wing1",
				"pivot": [17, 8.5, -11],
				"rotation": [0, 20, 0]
			},
			{
				"name": "wing2",
				"parent": "body",
				"pivot": [-18, 8.5, -12],
				"rotation": [0, 20, 0],
				"cubes": [
					{"origin": [-66, 8, -26], "size": [48, 1, 28], "uv": [0, 269]}
				]
			},
			{
				"name": "flap0",
				"parent": "wing2",
				"pivot": [-18, 8.5, -12],
				"rotation": [0, -20, 0]
			},
			{
				"name": "bodyT1",
				"parent": "body",
				"pivot": [-1, 24, 48.5],
				"rotation": [-25, 0, 0],
				"cubes": [
					{"origin": [-2, 22, 49], "size": [2, 19, 7], "uv": [92, 453]}
				]
			},
			{
				"name": "leg0",
				"pivot": [-1.5, 5, -36],
				"cubes": [
					{"origin": [11, 1, -40], "size": [2, 8, 8], "uv": [142, 453]},
					{"origin": [11, 0, -40], "size": [2, 1, 8], "uv": [0, 479]},
					{"origin": [11, 1, -32], "size": [2, 8, 1], "uv": [0, 498]},
					{"origin": [11, 1, -41], "size": [2, 8, 1], "uv": [6, 498]},
					{"origin": [11, 9, -40], "size": [2, 1, 8], "uv": [0, 488]},
					{"origin": [-16, 0, -40], "size": [2, 1, 8], "uv": [20, 479]},
					{"origin": [-16, 1, -32], "size": [2, 8, 1], "uv": [12, 498]},
					{"origin": [-16, 1, -41], "size": [2, 8, 1], "uv": [18, 498]},
					{"origin": [-16, 9, -40], "size": [2, 1, 8], "uv": [20, 488]},
					{"origin": [-16, 1, -40], "size": [2, 8, 8], "uv": [110, 462]}
				]
			},
			{
				"name": "leg1",
				"pivot": [-1.5, 5, 26],
				"cubes": [
					{"origin": [11, 1, 22], "size": [2, 8, 8], "uv": [162, 453]},
					{"origin": [11, 0, 22], "size": [2, 1, 8], "uv": [182, 469]},
					{"origin": [11, 1, 30], "size": [2, 8, 1], "uv": [24, 498]},
					{"origin": [11, 1, 21], "size": [2, 8, 1], "uv": [150, 479]},
					{"origin": [11, 9, 22], "size": [2, 1, 8], "uv": [202, 453]},
					{"origin": [-16, 0, 22], "size": [2, 1, 8], "uv": [202, 462]},
					{"origin": [-16, 1, 30], "size": [2, 8, 1], "uv": [144, 479]},
					{"origin": [-16, 1, 21], "size": [2, 8, 1], "uv": [144, 488]},
					{"origin": [-16, 9, 22], "size": [2, 1, 8], "uv": [222, 453]},
					{"origin": [-16, 1, 22], "size": [2, 8, 8], "uv": [182, 453]}
				]
			}
		]
	},
	"geometry.bus_v2_outdated": {
		"texturewidth": 1024,
		"textureheight": 1024
	}
}