{
	"format_version": "1.12.0",
	"minecraft:geometry": [
		{
			"description": {
				"identifier": "geometry.sled",
				"texture_width": 512,
				"texture_height": 256,
				"visible_bounds_width": 10,
				"visible_bounds_height": 3,
				"visible_bounds_offset": [0, 1.5, 0]
			},
			"bones": [
				{
					"name": "sled",
					"pivot": [-0.82051, 8.55128, 32.46154],
					"cubes": [
						{"origin": [-17, 3, 29], "size": [32, 1, 40], "uv": [110, 5]},
						{"origin": [11, 0, 21], "size": [4, 1, 56], "uv": [108, 48]},
						{"origin": [11, 1, 20], "size": [4, 1, 1], "uv": [40, 216]},
						{"origin": [-17, 1, 20], "size": [4, 1, 1], "uv": [40, 216]},
						{"origin": [11, 2, 19], "size": [4, 1, 1], "uv": [40, 216]},
						{"origin": [-17, 2, 19], "size": [4, 1, 1], "uv": [40, 216]},
						{"origin": [11, 3, 18], "size": [4, 1, 1], "uv": [40, 216]},
						{"origin": [-17, 3, 18], "size": [4, 1, 1], "uv": [40, 216]},
						{"origin": [11, 4, 18], "size": [4, 1, 1], "uv": [40, 216]},
						{"origin": [-17, 4, 18], "size": [4, 1, 1], "uv": [40, 216]},
						{"origin": [11, 5, 18], "size": [4, 1, 1], "uv": [40, 216]},
						{"origin": [-17, 5, 18], "size": [4, 1, 1], "uv": [40, 216]},
						{"origin": [11, 6, 19], "size": [4, 1, 1], "uv": [40, 216]},
						{"origin": [-17, 6, 19], "size": [4, 1, 1], "uv": [40, 216]},
						{"origin": [11, 7, 20], "size": [4, 1, 1], "uv": [40, 216]},
						{"origin": [-17, 7, 20], "size": [4, 1, 1], "uv": [40, 216]},
						{"origin": [11, 8, 21], "size": [4, 1, 1], "uv": [40, 216]},
						{"origin": [-17, 8, 21], "size": [4, 1, 1], "uv": [40, 216]},
						{"origin": [11, 8, 22], "size": [4, 1, 1], "uv": [40, 216]},
						{"origin": [-17, 8, 22], "size": [4, 1, 1], "uv": [40, 216]},
						{"origin": [11, 7, 23], "size": [4, 1, 1], "uv": [40, 216]},
						{"origin": [-17, 7, 23], "size": [4, 1, 1], "uv": [40, 216]},
						{"origin": [11, 6, 24], "size": [4, 1, 1], "uv": [40, 216]},
						{"origin": [-17, 6, 24], "size": [4, 1, 1], "uv": [40, 216]},
						{"origin": [11, 5, 24], "size": [4, 1, 1], "uv": [40, 216]},
						{"origin": [-17, 5, 24], "size": [4, 1, 1], "uv": [40, 216]},
						{"origin": [11, 4, 23], "size": [4, 1, 1], "uv": [40, 216]},
						{"origin": [-17, 4, 23], "size": [4, 1, 1], "uv": [40, 216]},
						{"origin": [11, 3, 22], "size": [4, 1, 1], "uv": [40, 216]},
						{"origin": [-17, 3, 22], "size": [4, 1, 1], "uv": [40, 216]},
						{"origin": [-17, 0, 21], "size": [4, 1, 56], "uv": [108, 48]},
						{"origin": [8, 20, 25], "size": [4, 2, 5], "uv": [72, 211]},
						{"origin": [-14, 20, 25], "size": [4, 2, 5], "uv": [72, 211]},
						{"origin": [-17, 1, 30], "size": [4, 2, 5], "uv": [116, 197]},
						{"origin": [11, 1, 62], "size": [4, 2, 5], "uv": [54, 211]},
						{"origin": [-17, 1, 62], "size": [4, 2, 5], "uv": [0, 211]},
						{"origin": [11, 1, 46], "size": [4, 2, 5], "uv": [36, 211]},
						{"origin": [11, 1, 30], "size": [4, 2, 5], "uv": [36, 211]},
						{"origin": [-17, 1, 46], "size": [4, 2, 5], "uv": [18, 211]},
						{"origin": [-17, 4, 28], "size": [32, 2, 42], "uv": [0, 94]},
						{"origin": [-17, 6, 27], "size": [32, 2, 44], "uv": [0, 48]},
						{"origin": [-17, 8, 26], "size": [32, 2, 46], "uv": [0, 0]},
						{"origin": [-17, 10, 42], "size": [32, 5, 7], "uv": [0, 149]},
						{"origin": [-15, 10, 49], "size": [28, 9, 2], "uv": [48, 191]},
						{"origin": [-17, 10, 25], "size": [32, 2, 6], "uv": [78, 149]},
						{"origin": [-17, 12, 24], "size": [32, 9, 5], "uv": [0, 161]},
						{"origin": [-17, 10, 71], "size": [32, 9, 2], "uv": [48, 180]},
						{"origin": [-15, 19, 71], "size": [28, 7, 2], "uv": [148, 180]},
						{"origin": [13, 10, 49], "size": [2, 9, 22], "uv": [0, 180]},
						{"origin": [-17, 10, 49], "size": [2, 9, 22], "uv": [0, 180], "mirror": true},
						{"origin": [13, 19, 50], "size": [2, 1, 23], "uv": [112, 213]},
						{"origin": [-17, 19, 50], "size": [2, 1, 23], "uv": [112, 213], "mirror": true},
						{"origin": [13, 20, 51], "size": [2, 1, 22], "uv": [0, 180]},
						{"origin": [-17, 20, 51], "size": [2, 1, 22], "uv": [0, 180], "mirror": true},
						{"origin": [13, 21, 52], "size": [2, 1, 21], "uv": [0, 221]},
						{"origin": [-17, 21, 52], "size": [2, 1, 21], "uv": [0, 221], "mirror": true},
						{"origin": [13, 22, 53], "size": [2, 1, 20], "uv": [25, 220]},
						{"origin": [-17, 22, 53], "size": [2, 1, 20], "uv": [25, 220], "mirror": true},
						{"origin": [13, 23, 54], "size": [2, 1, 19], "uv": [141, 214]},
						{"origin": [-17, 23, 54], "size": [2, 1, 19], "uv": [49, 220], "mirror": true},
						{"origin": [13, 24, 55], "size": [2, 1, 18], "uv": [72, 219]},
						{"origin": [-17, 24, 55], "size": [2, 1, 18], "uv": [72, 219], "mirror": true},
						{"origin": [13, 25, 56], "size": [2, 1, 17], "uv": [94, 218]},
						{"origin": [-17, 25, 56], "size": [2, 1, 17], "uv": [94, 218], "mirror": true}
					]
				},
				{
					"name": "gift0",
					"parent": "sled",
					"pivot": [0, 0, 45],
					"cubes": [
						{"origin": [-14, 10, 52], "size": [8, 9, 8], "uv": [116, 180]},
						{"origin": [-12, 19, 54], "size": [1, 1, 1], "uv": [136, 182]},
						{"origin": [-9, 19, 54], "size": [1, 1, 1], "uv": [136, 182]},
						{"origin": [-12, 20, 55], "size": [1, 1, 1], "uv": [136, 182]},
						{"origin": [-9, 20, 55], "size": [1, 1, 1], "uv": [136, 182]},
						{"origin": [-11, 19, 55], "size": [1, 1, 1], "uv": [136, 182]},
						{"origin": [-10, 19, 55], "size": [1, 1, 1], "uv": [136, 182]},
						{"origin": [-11, 19, 56], "size": [1, 1, 1], "uv": [136, 182]},
						{"origin": [-10, 19, 56], "size": [1, 1, 1], "uv": [136, 182]},
						{"origin": [-12, 20, 56], "size": [1, 1, 1], "uv": [136, 182]},
						{"origin": [-12, 19, 57], "size": [1, 1, 1], "uv": [136, 182]},
						{"origin": [-9, 19, 57], "size": [1, 1, 1], "uv": [136, 182]},
						{"origin": [-9, 20, 56], "size": [1, 1, 1], "uv": [136, 182]}
					]
				},
				{
					"name": "gift7",
					"parent": "sled",
					"pivot": [-10, 26.42308, 60],
					"rotation": [-10, 0, 0],
					"cubes": [
						{"origin": [-14, 17, 56], "size": [8, 9, 8], "uv": [116, 180]},
						{"origin": [-12, 26, 58], "size": [1, 1, 1], "uv": [136, 182]},
						{"origin": [-9, 26, 58], "size": [1, 1, 1], "uv": [136, 182]},
						{"origin": [-12, 27, 59], "size": [1, 1, 1], "uv": [136, 182]},
						{"origin": [-9, 27, 59], "size": [1, 1, 1], "uv": [136, 182]},
						{"origin": [-11, 26, 59], "size": [1, 1, 1], "uv": [136, 182]},
						{"origin": [-10, 26, 59], "size": [1, 1, 1], "uv": [136, 182]},
						{"origin": [-11, 26, 60], "size": [1, 1, 1], "uv": [136, 182]},
						{"origin": [-10, 26, 60], "size": [1, 1, 1], "uv": [136, 182]},
						{"origin": [-12, 27, 60], "size": [1, 1, 1], "uv": [136, 182]},
						{"origin": [-12, 26, 61], "size": [1, 1, 1], "uv": [136, 182]},
						{"origin": [-9, 26, 61], "size": [1, 1, 1], "uv": [136, 182]},
						{"origin": [-9, 27, 60], "size": [1, 1, 1], "uv": [136, 182]}
					]
				},
				{
					"name": "gift8",
					"parent": "sled",
					"pivot": [-2, 26.42308, 59],
					"rotation": [-10, 30, 15],
					"cubes": [
						{"origin": [-6, 17, 55], "size": [8, 9, 8], "uv": [116, 180]},
						{"origin": [-4, 26, 57], "size": [1, 1, 1], "uv": [136, 182]},
						{"origin": [-1, 26, 57], "size": [1, 1, 1], "uv": [136, 182]},
						{"origin": [-4, 27, 58], "size": [1, 1, 1], "uv": [136, 182]},
						{"origin": [-1, 27, 58], "size": [1, 1, 1], "uv": [136, 182]},
						{"origin": [-3, 26, 58], "size": [1, 1, 1], "uv": [136, 182]},
						{"origin": [-2, 26, 58], "size": [1, 1, 1], "uv": [136, 182]},
						{"origin": [-3, 26, 59], "size": [1, 1, 1], "uv": [136, 182]},
						{"origin": [-2, 26, 59], "size": [1, 1, 1], "uv": [136, 182]},
						{"origin": [-4, 27, 59], "size": [1, 1, 1], "uv": [136, 182]},
						{"origin": [-4, 26, 60], "size": [1, 1, 1], "uv": [136, 182]},
						{"origin": [-1, 26, 60], "size": [1, 1, 1], "uv": [136, 182]},
						{"origin": [-1, 27, 59], "size": [1, 1, 1], "uv": [136, 182]}
					]
				},
				{
					"name": "gift9",
					"parent": "sled",
					"pivot": [-2, 25.42308, 65],
					"rotation": [20, 80, 0],
					"cubes": [
						{"origin": [-6, 16, 61], "size": [8, 9, 8], "uv": [116, 180]},
						{"origin": [-4, 25, 63], "size": [1, 1, 1], "uv": [136, 182]},
						{"origin": [-1, 25, 63], "size": [1, 1, 1], "uv": [136, 182]},
						{"origin": [-4, 26, 64], "size": [1, 1, 1], "uv": [136, 182]},
						{"origin": [-1, 26, 64], "size": [1, 1, 1], "uv": [136, 182]},
						{"origin": [-3, 25, 64], "size": [1, 1, 1], "uv": [136, 182]},
						{"origin": [-2, 25, 64], "size": [1, 1, 1], "uv": [136, 182]},
						{"origin": [-3, 25, 65], "size": [1, 1, 1], "uv": [136, 182]},
						{"origin": [-2, 25, 65], "size": [1, 1, 1], "uv": [136, 182]},
						{"origin": [-4, 26, 65], "size": [1, 1, 1], "uv": [136, 182]},
						{"origin": [-4, 25, 66], "size": [1, 1, 1], "uv": [136, 182]},
						{"origin": [-1, 25, 66], "size": [1, 1, 1], "uv": [136, 182]},
						{"origin": [-1, 26, 65], "size": [1, 1, 1], "uv": [136, 182]}
					]
				},
				{
					"name": "gift6",
					"parent": "sled",
					"pivot": [6, 19.42308, 56],
					"cubes": [
						{"origin": [2, 10, 52], "size": [8, 9, 8], "uv": [116, 180]},
						{"origin": [4, 19, 54], "size": [1, 1, 1], "uv": [136, 182]},
						{"origin": [7, 19, 54], "size": [1, 1, 1], "uv": [136, 182]},
						{"origin": [4, 20, 55], "size": [1, 1, 1], "uv": [136, 182]},
						{"origin": [7, 20, 55], "size": [1, 1, 1], "uv": [136, 182]},
						{"origin": [5, 19, 55], "size": [1, 1, 1], "uv": [136, 182]},
						{"origin": [6, 19, 55], "size": [1, 1, 1], "uv": [136, 182]},
						{"origin": [5, 19, 56], "size": [1, 1, 1], "uv": [136, 182]},
						{"origin": [6, 19, 56], "size": [1, 1, 1], "uv": [136, 182]},
						{"origin": [4, 20, 56], "size": [1, 1, 1], "uv": [136, 182]},
						{"origin": [4, 19, 57], "size": [1, 1, 1], "uv": [136, 182]},
						{"origin": [7, 19, 57], "size": [1, 1, 1], "uv": [136, 182]},
						{"origin": [7, 20, 56], "size": [1, 1, 1], "uv": [136, 182]}
					]
				},
				{
					"name": "gift4",
					"parent": "sled",
					"pivot": [8, 0, 52],
					"cubes": [
						{"origin": [-6, 10, 59], "size": [8, 9, 8], "uv": [116, 180]},
						{"origin": [-4, 19, 61], "size": [1, 1, 1], "uv": [136, 182]},
						{"origin": [-1, 19, 61], "size": [1, 1, 1], "uv": [136, 182]},
						{"origin": [-4, 20, 62], "size": [1, 1, 1], "uv": [136, 182]},
						{"origin": [-1, 20, 62], "size": [1, 1, 1], "uv": [136, 182]},
						{"origin": [-3, 19, 62], "size": [1, 1, 1], "uv": [136, 182]},
						{"origin": [-2, 19, 62], "size": [1, 1, 1], "uv": [136, 182]},
						{"origin": [-3, 19, 63], "size": [1, 1, 1], "uv": [136, 182]},
						{"origin": [-2, 19, 63], "size": [1, 1, 1], "uv": [136, 182]},
						{"origin": [-4, 20, 63], "size": [1, 1, 1], "uv": [136, 182]},
						{"origin": [-4, 19, 64], "size": [1, 1, 1], "uv": [136, 182]},
						{"origin": [-1, 19, 64], "size": [1, 1, 1], "uv": [136, 182]},
						{"origin": [-1, 20, 63], "size": [1, 1, 1], "uv": [136, 182]}
					]
				},
				{
					"name": "gift5",
					"parent": "sled",
					"pivot": [6, 19.42308, 63],
					"rotation": [0, 15, -15],
					"cubes": [
						{"origin": [2, 10, 59], "size": [8, 9, 8], "uv": [116, 180]},
						{"origin": [4, 19, 61], "size": [1, 1, 1], "uv": [136, 182]},
						{"origin": [7, 19, 61], "size": [1, 1, 1], "uv": [136, 182]},
						{"origin": [4, 20, 62], "size": [1, 1, 1], "uv": [136, 182]},
						{"origin": [7, 20, 62], "size": [1, 1, 1], "uv": [136, 182]},
						{"origin": [5, 19, 62], "size": [1, 1, 1], "uv": [136, 182]},
						{"origin": [6, 19, 62], "size": [1, 1, 1], "uv": [136, 182]},
						{"origin": [5, 19, 63], "size": [1, 1, 1], "uv": [136, 182]},
						{"origin": [6, 19, 63], "size": [1, 1, 1], "uv": [136, 182]},
						{"origin": [4, 20, 63], "size": [1, 1, 1], "uv": [136, 182]},
						{"origin": [4, 19, 64], "size": [1, 1, 1], "uv": [136, 182]},
						{"origin": [7, 19, 64], "size": [1, 1, 1], "uv": [136, 182]},
						{"origin": [7, 20, 63], "size": [1, 1, 1], "uv": [136, 182]}
					]
				},
				{
					"name": "gift3",
					"parent": "sled",
					"pivot": [-2, 19.42308, 56],
					"rotation": [-15, 0, 0],
					"cubes": [
						{"origin": [-6, 10, 52], "size": [8, 9, 8], "uv": [116, 180]},
						{"origin": [-4, 19, 54], "size": [1, 1, 1], "uv": [136, 182]},
						{"origin": [-1, 19, 54], "size": [1, 1, 1], "uv": [136, 182]},
						{"origin": [-4, 20, 55], "size": [1, 1, 1], "uv": [136, 182]},
						{"origin": [-1, 20, 55], "size": [1, 1, 1], "uv": [136, 182]},
						{"origin": [-3, 19, 55], "size": [1, 1, 1], "uv": [136, 182]},
						{"origin": [-2, 19, 55], "size": [1, 1, 1], "uv": [136, 182]},
						{"origin": [-3, 19, 56], "size": [1, 1, 1], "uv": [136, 182]},
						{"origin": [-2, 19, 56], "size": [1, 1, 1], "uv": [136, 182]},
						{"origin": [-4, 20, 56], "size": [1, 1, 1], "uv": [136, 182]},
						{"origin": [-4, 19, 57], "size": [1, 1, 1], "uv": [136, 182]},
						{"origin": [-1, 19, 57], "size": [1, 1, 1], "uv": [136, 182]},
						{"origin": [-1, 20, 56], "size": [1, 1, 1], "uv": [136, 182]}
					]
				},
				{
					"name": "gift2",
					"parent": "sled",
					"pivot": [-10, 19.42308, 64],
					"rotation": [15, 0, 0],
					"cubes": [
						{"origin": [-14, 10, 60], "size": [8, 9, 8], "uv": [116, 180]},
						{"origin": [-12, 19, 62], "size": [1, 1, 1], "uv": [136, 182]},
						{"origin": [-9, 19, 62], "size": [1, 1, 1], "uv": [136, 182]},
						{"origin": [-12, 20, 63], "size": [1, 1, 1], "uv": [136, 182]},
						{"origin": [-9, 20, 63], "size": [1, 1, 1], "uv": [136, 182]},
						{"origin": [-11, 19, 63], "size": [1, 1, 1], "uv": [136, 182]},
						{"origin": [-10, 19, 63], "size": [1, 1, 1], "uv": [136, 182]},
						{"origin": [-11, 19, 64], "size": [1, 1, 1], "uv": [136, 182]},
						{"origin": [-10, 19, 64], "size": [1, 1, 1], "uv": [136, 182]},
						{"origin": [-12, 20, 64], "size": [1, 1, 1], "uv": [136, 182]},
						{"origin": [-12, 19, 65], "size": [1, 1, 1], "uv": [136, 182]},
						{"origin": [-9, 19, 65], "size": [1, 1, 1], "uv": [136, 182]},
						{"origin": [-9, 20, 64], "size": [1, 1, 1], "uv": [136, 182]}
					]
				},
				{
					"name": "bone",
					"parent": "sled",
					"pivot": [0, 0, 45]
				},
				{
					"name": "bone2",
					"parent": "sled",
					"pivot": [0, 0, 45]
				},
				{
					"name": "bone3",
					"parent": "sled",
					"pivot": [0, 0, 45]
				},
				{
					"name": "bone4",
					"parent": "sled",
					"pivot": [0, 0, 45]
				},
				{
					"name": "bone5",
					"parent": "sled",
					"pivot": [-0.83117, 8.66234, 51.75325]
				},
				{
					"name": "deer",
					"pivot": [0.17857, 12.25, 4.78571],
					"cubes": [
						{"origin": [-5, 23, -21], "size": [10, 8, 8], "uv": [303, 60]},
						{"origin": [-6, 12, -13], "size": [12, 13, 26], "uv": [265, 0]},
						{"origin": [-2, 23, 13], "size": [3, 2, 2], "uv": [265, 0]},
						{"origin": [1, 21, 13], "size": [2, 2, 2], "uv": [265, 0]},
						{"origin": [0, 19, 13], "size": [2, 2, 2], "uv": [265, 0]},
						{"origin": [-1, 18, 13], "size": [2, 2, 2], "uv": [265, 0]},
						{"origin": [0, 22, 13], "size": [2, 2, 2], "uv": [265, 0]},
						{"origin": [-2, 17, 13], "size": [2, 2, 2], "uv": [265, 0]}
					]
				},
				{
					"name": "leg0",
					"parent": "deer",
					"pivot": [-4, 12, 7],
					"cubes": [
						{"origin": [-6, 0, 5], "size": [4, 12, 4], "uv": [256, 61]}
					]
				},
				{
					"name": "leg1",
					"parent": "deer",
					"pivot": [4, 12, 7],
					"cubes": [
						{"origin": [2, 0, 5], "size": [4, 12, 4], "uv": [256, 61]}
					]
				},
				{
					"name": "leg2",
					"parent": "deer",
					"pivot": [-4, 12, -7],
					"cubes": [
						{"origin": [-6, 0, -9], "size": [4, 12, 4], "uv": [256, 61]}
					]
				},
				{
					"name": "leg3",
					"parent": "deer",
					"pivot": [4, 12, -7],
					"cubes": [
						{"origin": [2, 0, -9], "size": [4, 12, 4], "uv": [256, 61]}
					]
				},
				{
					"name": "head",
					"parent": "deer",
					"pivot": [0, 35.5, -17],
					"cubes": [
						{"origin": [-5, 31, -21], "size": [10, 8, 8], "uv": [303, 45]},
						{"origin": [-6, 39, -15], "size": [2, 1, 2], "uv": [304, 45]},
						{"origin": [2, 39, -15], "size": [2, 1, 2], "uv": [304, 45]},
						{"origin": [-4, 39, -15], "size": [2, 1, 2], "uv": [304, 45]},
						{"origin": [4, 39, -15], "size": [2, 1, 2], "uv": [304, 45]},
						{"origin": [-8, 40, -15], "size": [2, 1, 2], "uv": [304, 45]},
						{"origin": [6, 40, -15], "size": [2, 1, 2], "uv": [304, 45]},
						{"origin": [-10, 41, -15], "size": [2, 1, 2], "uv": [304, 45]},
						{"origin": [8, 41, -15], "size": [2, 1, 2], "uv": [304, 45]},
						{"origin": [8, 42, -13], "size": [2, 1, 2], "uv": [304, 45]},
						{"origin": [8, 43, -11], "size": [2, 1, 2], "uv": [304, 45]},
						{"origin": [8, 44, -9], "size": [2, 1, 2], "uv": [304, 45]},
						{"origin": [8, 45, -7], "size": [2, 1, 2], "uv": [304, 45]},
						{"origin": [10, 42, -15], "size": [2, 1, 2], "uv": [304, 45]},
						{"origin": [10, 42, -17], "size": [2, 1, 2], "uv": [304, 45]},
						{"origin": [10, 43, -19], "size": [2, 1, 2], "uv": [304, 45]},
						{"origin": [10, 44, -21], "size": [2, 1, 2], "uv": [304, 45]},
						{"origin": [12, 43, -15], "size": [2, 1, 2], "uv": [304, 45]},
						{"origin": [14, 44, -15], "size": [2, 1, 2], "uv": [304, 45]},
						{"origin": [14, 44, -13], "size": [2, 1, 2], "uv": [304, 45]},
						{"origin": [14, 45, -11], "size": [2, 1, 2], "uv": [304, 45]},
						{"origin": [12, 46, -11], "size": [2, 1, 2], "uv": [304, 45]},
						{"origin": [10, 47, -11], "size": [2, 1, 2], "uv": [304, 45]},
						{"origin": [8, 48, -11], "size": [2, 1, 2], "uv": [304, 45]},
						{"origin": [16, 46, -11], "size": [2, 1, 2], "uv": [304, 45]},
						{"origin": [14, 46, -9], "size": [2, 1, 2], "uv": [304, 45]},
						{"origin": [16, 45, -15], "size": [2, 1, 2], "uv": [304, 45]},
						{"origin": [18, 46, -15], "size": [2, 1, 2], "uv": [304, 45]},
						{"origin": [20, 47, -15], "size": [2, 1, 2], "uv": [304, 45]},
						{"origin": [-12, 42, -15], "size": [2, 1, 2], "uv": [304, 45]},
						{"origin": [-12, 42, -17], "size": [2, 1, 2], "uv": [304, 45]},
						{"origin": [-12, 43, -19], "size": [2, 1, 2], "uv": [304, 45]},
						{"origin": [-12, 44, -21], "size": [2, 1, 2], "uv": [304, 45]},
						{"origin": [-14, 43, -15], "size": [2, 1, 2], "uv": [304, 45]},
						{"origin": [-16, 44, -15], "size": [2, 1, 2], "uv": [304, 45]},
						{"origin": [-16, 44, -13], "size": [2, 1, 2], "uv": [304, 45]},
						{"origin": [-16, 45, -11], "size": [2, 1, 2], "uv": [304, 45]},
						{"origin": [-16, 46, -9], "size": [2, 1, 2], "uv": [304, 45]},
						{"origin": [-18, 46, -11], "size": [2, 1, 2], "uv": [304, 45]},
						{"origin": [-14, 46, -11], "size": [2, 1, 2], "uv": [304, 45]},
						{"origin": [-12, 47, -11], "size": [2, 1, 2], "uv": [304, 45]},
						{"origin": [-10, 48, -11], "size": [2, 1, 2], "uv": [304, 45]},
						{"origin": [-18, 45, -15], "size": [2, 1, 2], "uv": [304, 45]},
						{"origin": [-20, 46, -15], "size": [2, 1, 2], "uv": [304, 45]},
						{"origin": [-22, 47, -15], "size": [2, 1, 2], "uv": [304, 45]},
						{"origin": [-10, 42, -13], "size": [2, 1, 2], "uv": [304, 45]},
						{"origin": [-10, 43, -11], "size": [2, 1, 2], "uv": [304, 45]},
						{"origin": [-10, 44, -9], "size": [2, 1, 2], "uv": [304, 45]},
						{"origin": [-10, 45, -7], "size": [2, 1, 2], "uv": [304, 45]},
						{"origin": [-2, 32, -25], "size": [4, 2, 4], "uv": [265, 0]},
						{"origin": [-2, 31, -25], "size": [4, 1, 4], "uv": [265, 0]}
					]
				},
				{
					"name": "body",
					"parent": "deer",
					"pivot": [0, 0, 18],
					"rotation": [-60, 0, 0],
					"cubes": [
						{"origin": [-5, -22, -22], "size": [10, 8, 14], "uv": [256, 39]}
					]
				}
			]
		}
	]
}