{
	"format_version": "1.12.0",
	"minecraft:geometry": [
		{
			"description": {
				"identifier": "geometry.speedboat_1.14",
				"texture_width": 512,
				"texture_height": 512,
				"visible_bounds_width": 8,
				"visible_bounds_height": 4,
				"visible_bounds_offset": [0, 0, 0]
			},
			"bones": [
				{
					"name": "body",
					"pivot": [0, 10.63636, 0],
					"cubes": [
						{"origin": [-14, 14, 14], "size": [28, 5, 2], "uv": [0, 201]},
						{"origin": [-14, 14, -31], "size": [28, 5, 15], "uv": [220, 105]},
						{"origin": [-12.2632, 5, -31.37873], "size": [24.5, 9, 15], "uv": [241, 9]},
						{"origin": [-12.2632, 0, -31.37873], "size": [24.5, 9, 15], "uv": [241, 9]},
						{"origin": [10.7368, 5, -16.37873], "size": [1.5, 9, 31], "uv": [241, 33]},
						{"origin": [10.7368, 0, -16.37873], "size": [1.5, 9, 31], "uv": [241, 33]},
						{"origin": [-11.2632, 5, 13.62127], "size": [22.5, 9, 1], "uv": [274, 33]},
						{"origin": [-11.2632, 0, 13.62127], "size": [22.5, 9, 1], "uv": [274, 33]},
						{"origin": [-12.2632, 5, -16.37873], "size": [1.5, 9, 31], "uv": [241, 33]},
						{"origin": [-12.2632, 0, -16.37873], "size": [1.5, 9, 31], "uv": [241, 33]},
						{"origin": [-11, 6, -17], "size": [22, 5, 31], "uv": [0, 120]},
						{"origin": [-11, 5, -17], "size": [22, 1, 31], "uv": [219, 73]},
						{"origin": [-11, 0, -17], "size": [22, 1, 31], "uv": [219, 73]},
						{"origin": [-5, 9, -8], "size": [10, 5, 8], "uv": [58, 106]},
						{"origin": [-5, 9, 4], "size": [10, 5, 8], "uv": [58, 106]},
						{"origin": [-5, 14, 10], "size": [10, 5, 2], "uv": [89, 125]},
						{"origin": [-5, 14, -2], "size": [10, 5, 2], "uv": [89, 125]},
						{"origin": [-3, 5, -55], "size": [6, 14, 17], "uv": [64, 212]},
						{"origin": [-3, 0, -55], "size": [6, 14, 17], "uv": [64, 212]},
						{"origin": [-4, 6, -58], "size": [6, 12, 17], "uv": [64, 212]},
						{"origin": [-2, 6, -58], "size": [6, 12, 17], "uv": [64, 212]},
						{"origin": [-4, 14, -63], "size": [8, 5, 20], "uv": [0, 92]},
						{"origin": [-4, 14, -68], "size": [8, 5, 20], "inflate": 0.15, "uv": [0, 92]},
						{"origin": [-6, 5, -38], "size": [13, 14, 7], "uv": [0, 243]},
						{"origin": [-6, 0, -38], "size": [13, 14, 7], "uv": [0, 243]},
						{"origin": [-7, 19, -46], "size": [13, 1, 15], "uv": [0, 282]},
						{"origin": [-13, 19, -31], "size": [26, 1, 5], "uv": [0, 298]},
						{"origin": [-14, 14, -16], "size": [2, 5, 30], "uv": [0, 155]},
						{"origin": [12, 14, -16], "size": [2, 5, 30], "uv": [54, 0]}
					]
				},
				{
					"name": "daashboard",
					"parent": "body",
					"pivot": [0, 12, -23.5],
					"rotation": [-35, 0, 0],
					"cubes": [
						{"origin": [-12, 20, -22], "size": [24, 2, 6], "uv": [96, 110]},
						{"origin": [-3, 24, -22], "size": [6, 0, 6], "uv": [81, 119]},
						{"origin": [-1, 18, -20], "size": [2, 7, 2], "uv": [81, 125]}
					]
				},
				{
					"name": "glass",
					"parent": "body",
					"pivot": [0, 18.5, -18.5],
					"rotation": [-35, 0, 0],
					"cubes": [
						{"origin": [-14, 13, -22], "size": [28, 14, 15], "inflate": -0.25, "uv": [86, 54]},
						{"origin": [-14, 13, -22], "size": [1, 14, 1], "uv": [86, 83]},
						{"origin": [13, 13, -22], "size": [1, 14, 1], "uv": [86, 83]}
					]
				},
				{
					"name": "body4",
					"parent": "body",
					"pivot": [0, 12, -53.5],
					"rotation": [40, 0, 0],
					"cubes": [
						{"origin": [-4, 4, -62.7], "size": [8, 18.7, 7], "uv": [0, 342]}
					]
				},
				{
					"name": "body2",
					"parent": "body",
					"pivot": [14, 12, -30.5],
					"rotation": [0, 17, 0],
					"cubes": [
						{"origin": [6, 14, -64], "size": [8, 5, 33], "uv": [0, 304]},
						{"origin": [5, 19, -62], "size": [8, 1, 31], "uv": [0, 250]}
					]
				},
				{
					"name": "body3",
					"parent": "body",
					"pivot": [-14, 12, -30.5],
					"rotation": [0, -17, 0],
					"cubes": [
						{"origin": [-14, 14, -64], "size": [8, 5, 33], "uv": [0, 304]},
						{"origin": [-13, 19, -62], "size": [8, 1, 31], "uv": [0, 250]}
					]
				},
				{
					"name": "body3a2",
					"parent": "body",
					"pivot": [13, 8, -26],
					"rotation": [0, 19, 0],
					"cubes": [
						{"origin": [13, 5, -57], "size": [1, 9, 26], "uv": [0, 0]},
						{"origin": [13, 0, -57], "size": [1, 9, 26], "uv": [0, 0]},
						{"origin": [7, 5, -57], "size": [6, 1, 26], "uv": [0, 216]},
						{"origin": [7, 0, -57], "size": [6, 1, 26], "uv": [0, 216]}
					]
				},
				{
					"name": "body3a",
					"parent": "body",
					"pivot": [-12, 8, -26],
					"rotation": [0, -19, 0],
					"cubes": [
						{"origin": [-14, 5, -57], "size": [1, 9, 26], "uv": [0, 0]},
						{"origin": [-14, 0, -57], "size": [1, 9, 26], "uv": [0, 0]},
						{"origin": [-13, 5, -57], "size": [6, 1, 26], "uv": [0, 216]},
						{"origin": [-13, 0, -57], "size": [6, 1, 26], "uv": [0, 216]}
					]
				}
			]
		}
	]
}