{
	"format_version": "1.12.0",
	"minecraft:geometry": [
		{
			"description": {
				"identifier": "geometry.tank",
				"texture_width": 256,
				"texture_height": 512,
				"visible_bounds_width": 5,
				"visible_bounds_height": 3,
				"visible_bounds_offset": [0, 0, 0]
			},
			"bones": [
				{
					"name": "body",
					"pivot": [0, 1, 0],
					"cubes": [
						{"origin": [-16, 10, -28], "size": [32, 2, 51], "uv": [90, 262]},
						{"origin": [-16, 12, -28], "size": [32, 6, 51], "uv": [0, 0]},
						{"origin": [-16, 2.22183, -19.77817], "size": [32, 2, 35], "uv": [1, 183]},
						{"origin": [-16, 8, -25], "size": [32, 2, 46], "uv": [100, 159]},
						{"origin": [-16, 6, -23], "size": [32, 2, 42], "uv": [108, 208]},
						{"origin": [-21, 4, 12], "size": [42, 2, 2], "uv": [59, 71]},
						{"origin": [-21, 4, -8], "size": [42, 2, 2], "uv": [59, 71]},
						{"origin": [-21, 4, 2], "size": [42, 2, 2], "uv": [59, 71]},
						{"origin": [-21, 4, -18], "size": [42, 2, 2], "uv": [59, 71]},
						{"origin": [-16, 4, -21], "size": [32, 2, 38], "uv": [1, 221]},
						{"origin": [-16, -5.14214, -33.44365], "size": [32, 2, 11], "pivot": [0, -4.14214, -12.44365], "rotation": [-45, 0, 0], "uv": [0, 169]},
						{"origin": [-16, 16.77817, 8.36396], "size": [32, 2, 11], "pivot": [0, 17.77817, 29.36396], "rotation": [45, 0, 0], "uv": [0, 261]}
					],
					"locators": {
						"smoke": [0, 0, 12]
					}
				},
				{
					"name": "turret",
					"parent": "body",
					"pivot": [0, 22.75, -2.25],
					"cubes": [
						{"origin": [-3, 20, -48], "size": [6, 6, 34], "uv": [80, 75]},
						{"origin": [-4, 19, -47], "size": [8, 8, 5], "uv": [160, 102]},
						{"origin": [-9, 18, -14], "size": [18, 9, 22], "uv": [0, 84]},
						{"origin": [-7, 19, -12], "size": [14, 9, 18], "uv": [0, 57]},
						{"origin": [-5, 20, -10], "size": [10, 9, 14], "uv": [54, 318]}
					]
				},
				{
					"name": "tracker0",
					"pivot": [0, 5, -2],
					"cubes": [
						{"origin": [16, 7, -23], "size": [6, 2, 2], "uv": [48, 165]},
						{"origin": [-22, 7, -23], "size": [6, 2, 2], "uv": [48, 165]},
						{"origin": [16, 9, -21], "size": [6, 1, 38], "uv": [4, 120]},
						{"origin": [-22, 9, -21], "size": [6, 1, 38], "uv": [4, 120]},
						{"origin": [16, 7, 17], "size": [6, 2, 2], "uv": [16, 165]},
						{"origin": [-22, 7, 17], "size": [6, 2, 2], "uv": [16, 165]},
						{"origin": [16, 3, 19], "size": [6, 4, 2], "uv": [0, 159]},
						{"origin": [-22, 3, 19], "size": [6, 4, 2], "uv": [0, 159]},
						{"origin": [16, 1, 17], "size": [6, 2, 2], "uv": [0, 165]},
						{"origin": [-22, 1, 17], "size": [6, 2, 2], "uv": [0, 165]},
						{"origin": [16, 0, -21], "size": [6, 1, 38], "uv": [100, 119]},
						{"origin": [-22, 0, -21], "size": [6, 1, 38], "uv": [100, 119]},
						{"origin": [16, 3, -25], "size": [6, 4, 2], "uv": [16, 159]},
						{"origin": [-22, 3, -25], "size": [6, 4, 2], "uv": [16, 159]},
						{"origin": [16, 1, -23], "size": [6, 2, 2], "uv": [32, 165]},
						{"origin": [-22, 1, -23], "size": [6, 2, 2], "uv": [32, 165]}
					]
				},
				{
					"name": "track2",
					"pivot": [0, 5, -7],
					"cubes": [
						{"origin": [-20, 3, -10], "size": [3, 4, 6], "uv": [0, 386]},
						{"origin": [17, 3, -10], "size": [3, 4, 6], "uv": [0, 386]},
						{"origin": [-20, 7, -10], "size": [3, 1, 6], "uv": [0, 396]},
						{"origin": [17, 7, -10], "size": [3, 1, 6], "uv": [0, 396]},
						{"origin": [-20, 8, -9], "size": [3, 1, 4], "uv": [0, 425]},
						{"origin": [17, 8, -9], "size": [3, 1, 4], "uv": [0, 425]},
						{"origin": [-20, 3, -4], "size": [3, 4, 1], "uv": [0, 420]},
						{"origin": [17, 3, -4], "size": [3, 4, 1], "uv": [0, 420]},
						{"origin": [-20, 2, -10], "size": [3, 1, 6], "uv": [0, 403]},
						{"origin": [17, 2, -10], "size": [3, 1, 6], "uv": [0, 403]},
						{"origin": [-20, 1, -9], "size": [3, 1, 4], "uv": [0, 410]},
						{"origin": [17, 1, -9], "size": [3, 1, 4], "uv": [0, 410]},
						{"origin": [-20, 3, -11], "size": [3, 4, 1], "uv": [0, 415]},
						{"origin": [17, 3, -11], "size": [3, 4, 1], "uv": [0, 415]}
					]
				},
				{
					"name": "track3",
					"pivot": [0, 5, -17],
					"cubes": [
						{"origin": [-20, 3, -20], "size": [3, 4, 6], "uv": [0, 386]},
						{"origin": [17, 3, -20], "size": [3, 4, 6], "uv": [0, 386]},
						{"origin": [-20, 7, -20], "size": [3, 1, 6], "uv": [0, 396]},
						{"origin": [17, 7, -20], "size": [3, 1, 6], "uv": [0, 396]},
						{"origin": [-20, 8, -19], "size": [3, 1, 4], "uv": [0, 425]},
						{"origin": [17, 8, -19], "size": [3, 1, 4], "uv": [0, 425]},
						{"origin": [-20, 3, -14], "size": [3, 4, 1], "uv": [0, 420]},
						{"origin": [17, 3, -14], "size": [3, 4, 1], "uv": [0, 420]},
						{"origin": [-20, 2, -20], "size": [3, 1, 6], "uv": [0, 403]},
						{"origin": [17, 2, -20], "size": [3, 1, 6], "uv": [0, 403]},
						{"origin": [-20, 1, -19], "size": [3, 1, 4], "uv": [0, 410]},
						{"origin": [17, 1, -19], "size": [3, 1, 4], "uv": [0, 410]},
						{"origin": [-20, 3, -21], "size": [3, 4, 1], "uv": [0, 415]},
						{"origin": [17, 3, -21], "size": [3, 4, 1], "uv": [0, 415]}
					]
				},
				{
					"name": "track1",
					"pivot": [0, 5, 3],
					"cubes": [
						{"origin": [-20, 3, 0], "size": [3, 4, 6], "uv": [0, 386]},
						{"origin": [17, 3, 0], "size": [3, 4, 6], "uv": [0, 386]},
						{"origin": [-20, 7, 0], "size": [3, 1, 6], "uv": [0, 396]},
						{"origin": [17, 7, 0], "size": [3, 1, 6], "uv": [0, 396]},
						{"origin": [-20, 8, 1], "size": [3, 1, 4], "uv": [0, 425]},
						{"origin": [17, 8, 1], "size": [3, 1, 4], "uv": [0, 425]},
						{"origin": [-20, 3, 6], "size": [3, 4, 1], "uv": [0, 420]},
						{"origin": [17, 3, 6], "size": [3, 4, 1], "uv": [0, 420]},
						{"origin": [-20, 2, 0], "size": [3, 1, 6], "uv": [0, 403]},
						{"origin": [17, 2, 0], "size": [3, 1, 6], "uv": [0, 403]},
						{"origin": [-20, 1, 1], "size": [3, 1, 4], "uv": [0, 410]},
						{"origin": [17, 1, 1], "size": [3, 1, 4], "uv": [0, 410]},
						{"origin": [-20, 3, -1], "size": [3, 4, 1], "uv": [0, 415]},
						{"origin": [17, 3, -1], "size": [3, 4, 1], "uv": [0, 415]}
					]
				},
				{
					"name": "track0",
					"pivot": [0, 5, 13],
					"cubes": [
						{"origin": [-20, 3, 10], "size": [3, 4, 6], "uv": [0, 386]},
						{"origin": [17, 3, 10], "size": [3, 4, 6], "uv": [0, 386]},
						{"origin": [-20, 7, 10], "size": [3, 1, 6], "uv": [0, 396]},
						{"origin": [17, 7, 10], "size": [3, 1, 6], "uv": [0, 396]},
						{"origin": [-20, 8, 11], "size": [3, 1, 4], "uv": [0, 425]},
						{"origin": [17, 8, 11], "size": [3, 1, 4], "uv": [0, 425]},
						{"origin": [-20, 3, 16], "size": [3, 4, 1], "uv": [0, 420]},
						{"origin": [17, 3, 16], "size": [3, 4, 1], "uv": [0, 420]},
						{"origin": [-20, 2, 10], "size": [3, 1, 6], "uv": [0, 403]},
						{"origin": [17, 2, 10], "size": [3, 1, 6], "uv": [0, 403]},
						{"origin": [-20, 1, 11], "size": [3, 1, 4], "uv": [0, 410]},
						{"origin": [17, 1, 11], "size": [3, 1, 4], "uv": [0, 410]},
						{"origin": [-20, 3, 9], "size": [3, 4, 1], "uv": [0, 415]},
						{"origin": [17, 3, 9], "size": [3, 4, 1], "uv": [0, 415]}
					]
				}
			]
		}
	]
}