{
	"format_version": "1.12.0",
	"minecraft:geometry": [
		{
			"description": {
				"identifier": "geometry.tesla_truck",
				"texture_width": 512,
				"texture_height": 512,
				"visible_bounds_width": 8,
				"visible_bounds_height": 4,
				"visible_bounds_offset": [0, 2, 0]
			},
			"bones": [
				{
					"name": "body",
					"pivot": [0, 0, 0],
					"cubes": [
						{"origin": [-20, 8, -31], "size": [40, 1, 52], "uv": [0, 123]},
						{"origin": [-20, 9, -31], "size": [2, 14, 52], "uv": [108, 57]},
						{"origin": [-20, 16, 42], "size": [2, 7, 14], "inflate": -0.01, "uv": [481, 183]},
						{"origin": [18, 16, 42], "size": [2, 7, 14], "inflate": -0.01, "uv": [481, 183]},
						{"origin": [-20, 15, 20], "size": [2, 8, 4], "inflate": -0.01, "uv": [481, 183]},
						{"origin": [18, 15, 20], "size": [2, 8, 4], "inflate": -0.01, "uv": [481, 183]},
						{"origin": [-20, 18, 24], "size": [2, 5, 18], "inflate": -0.01, "uv": [481, 183]},
						{"origin": [18, 18, 24], "size": [2, 5, 18], "inflate": -0.01, "uv": [481, 183]},
						{"origin": [18, 9, -31], "size": [2, 14, 52], "uv": [0, 57]},
						{"origin": [18, 22.8, -13], "size": [2, 15, 3], "inflate": -0.01, "uv": [142, 432]},
						{"origin": [18, 23.7, -35], "size": [2, 6, 3], "inflate": -0.01, "uv": [108, 439]},
						{"origin": [-20, 22.8, -13], "size": [2, 15, 3], "inflate": -0.01, "uv": [58, 396]},
						{"origin": [-20, 22.8, 4], "size": [2, 13, 1], "uv": [58, 396]},
						{"origin": [18, 22.8, 4], "size": [2, 13, 1], "uv": [58, 396]},
						{"origin": [-20, 23.7, -35], "size": [2, 6, 3], "inflate": -0.01, "uv": [138, 449]},
						{"origin": [18, 18, -51], "size": [2, 6, 20], "uv": [302, 353]},
						{"origin": [-20, 18, -51], "size": [2, 6, 20], "uv": [302, 353]},
						{"origin": [-18, 18, -51], "size": [36, 6, 18], "uv": [302, 353]},
						{"origin": [-20, 7, -59], "size": [40, 14, 10], "uv": [309, 266]},
						{"origin": [-20, 4, 24], "size": [40, 14, 18], "uv": [0, 192]},
						{"origin": [-18, 4, 24], "size": [36, 14, 18], "inflate": -0.03, "uv": [56, 462]},
						{"origin": [-18, 4, -49], "size": [36, 14, 18], "inflate": -0.03, "uv": [56, 462]},
						{"origin": [-20, 4, -49], "size": [40, 14, 18], "uv": [0, 192]},
						{"origin": [-22, 17, -44], "size": [44, 1, 9], "inflate": -0.01, "uv": [94, 330]},
						{"origin": [-22, 17, 28], "size": [44, 1, 10], "inflate": -0.01, "uv": [106, 316]},
						{"origin": [-21, 4, -31], "size": [42, 4, 52], "inflate": -0.01, "uv": [0, 0]},
						{"origin": [-20, 6, -59], "size": [40, 4, 2], "inflate": 0.01, "uv": [81, 323]},
						{"origin": [-21.9, 4.60379, 20.72971], "size": [44, 10, 1], "inflate": -0.01, "uv": [78, 305]},
						{"origin": [-21.9, 4.02641, -50.36398], "size": [44, 11, 1], "inflate": -0.01, "uv": [81, 314]},
						{"origin": [-22, 4.62751, 44.23234], "size": [44, 10, 1], "inflate": -0.01, "uv": [44, 305]},
						{"origin": [-22, 5.92097, -31.50682], "size": [44, 10, 1], "inflate": -0.01, "uv": [48, 325]},
						{"origin": [-20, 9, 42], "size": [40, 7, 14], "uv": [0, 364]},
						{"origin": [-20, 4, 42], "size": [40, 6, 2], "uv": [0, 346]},
						{"origin": [-20, 4, 21], "size": [40, 11, 3], "uv": [0, 291]},
						{"origin": [-18, 16, 54], "size": [36, 7, 2], "uv": [437, 232]},
						{"origin": [-19, 9, 5], "size": [38, 14, 3], "uv": [330, 199]},
						{"origin": [-18, 15, -15], "size": [14, 13, 2], "uv": [0, 0]},
						{"origin": [-18, 15, 3], "size": [14, 13, 2], "uv": [0, 0]},
						{"origin": [4, 15, -15], "size": [14, 13, 2], "uv": [0, 0]},
						{"origin": [4, 15, 3], "size": [14, 13, 2], "uv": [0, 0]},
						{"origin": [-15, 28, -15], "size": [8, 4, 2], "uv": [0, 15]},
						{"origin": [7, 28, -15], "size": [8, 4, 2], "uv": [0, 15]},
						{"origin": [-15, 28, 3], "size": [8, 4, 2], "uv": [0, 15]},
						{"origin": [7, 28, 3], "size": [8, 4, 2], "uv": [0, 15]},
						{"origin": [-19, 9, -5], "size": [38, 6, 10], "uv": [0, 224]},
						{"origin": [-19, 9, 8], "size": [38, 6, 13], "uv": [411, 229]},
						{"origin": [-19, 9, -23], "size": [38, 6, 10], "uv": [0, 224]},
						{"origin": [-4, 10, -32], "size": [8, 8, 21], "uv": [77, 224]},
						{"origin": [10, 23, 5], "size": [10, 13, 3], "uv": [286, 186]},
						{"origin": [-20, 23, 5], "size": [10, 13, 3], "uv": [334, 247]}
					]
				},
				{
					"name": "bodyside0",
					"parent": "body",
					"pivot": [0, 0, 0],
					"rotation": [25, 0, 0],
					"cubes": [
						{"origin": [-21.9, 33.9, -39.3], "size": [44, 1, 7], "inflate": -0.01, "uv": [62, 325]},
						{"origin": [-21.9, 3.47149, 24.95416], "size": [44, 1, 8], "inflate": -0.01, "uv": [16, 344]}
					]
				},
				{
					"name": "bodyside2",
					"parent": "body",
					"pivot": [0, 1.4, -36.5],
					"rotation": [-25, 0, 0],
					"cubes": [
						{"origin": [-22, 16.09, -42.2], "size": [44, 1, 5], "inflate": -0.01, "uv": [147, 357]},
						{"origin": [-22, 46.92648, 23.98963], "size": [44, 1, 8], "inflate": -0.01, "uv": [12, 309]}
					]
				},
				{
					"name": "body_ramp",
					"parent": "body",
					"pivot": [0, 10, 48],
					"rotation": [25, 0, 0],
					"cubes": [
						{"origin": [-20, 6, 42], "size": [40, 6, 13], "uv": [51, 467]}
					]
				},
				{
					"name": "body_ramp2",
					"parent": "body",
					"pivot": [0, 10, -53],
					"rotation": [-20, 0, 0],
					"cubes": [
						{"origin": [-19.88, 5.31105, -56.48389], "size": [40, 4, 8], "inflate": 0.01, "uv": [33, 318]}
					]
				},
				{
					"name": "body2",
					"parent": "body",
					"pivot": [16.5, 20, 8],
					"rotation": [20, 0, 0],
					"cubes": [
						{"origin": [-20, 43, -54.70569], "size": [2, 1, 56], "inflate": -0.001, "uv": [286, 45]},
						{"origin": [-18, 43, -10.70569], "size": [36, 1, 12], "uv": [0, 500]},
						{"origin": [-18, 43, -41.70569], "size": [2, 1, 31], "uv": [0, 456]},
						{"origin": [16, 43, -41.70569], "size": [2, 1, 31], "uv": [0, 500]},
						{"origin": [-20, 42, -54.70569], "size": [2, 1, 56], "inflate": -0.01, "uv": [92, 316]},
						{"origin": [18, 42, -54.70569], "size": [2, 1, 56], "inflate": -0.01, "uv": [92, 316]},
						{"origin": [18, 43, -54.70569], "size": [2, 1, 56], "inflate": -0.001, "uv": [286, 45]},
						{"origin": [-18, 41, -54.70569], "size": [36, 3, 13], "uv": [0, 176]},
						{"origin": [-4, 30.68404, -32.58508], "size": [8, 7, 4], "uv": [0, 251]},
						{"origin": [10, 33.68404, -29.58508], "size": [2, 2, 4], "uv": [0, 389]},
						{"origin": [9, 35.68404, -27.58508], "size": [4, 2, 1], "uv": [0, 389]},
						{"origin": [9, 31.68404, -27.58508], "size": [4, 2, 1], "uv": [0, 389]},
						{"origin": [12, 33.68404, -27.58508], "size": [1, 2, 1], "uv": [0, 389]},
						{"origin": [13, 32.68404, -27.58508], "size": [1, 4, 1], "uv": [0, 389]},
						{"origin": [8, 32.68404, -27.58508], "size": [1, 4, 1], "uv": [0, 389]},
						{"origin": [9, 33.68404, -27.58508], "size": [1, 2, 1], "uv": [0, 389]},
						{"origin": [4, 30.68404, -32.58508], "size": [14, 7, 4], "uv": [0, 240]},
						{"origin": [-18, 30.68404, -32.58508], "size": [14, 7, 4], "uv": [24, 251]},
						{"origin": [-20, 41, -54.70569], "size": [40, 2, 10], "inflate": -0.001, "uv": [355, 320]}
					]
				},
				{
					"name": "body3",
					"parent": "body",
					"pivot": [16.5, 20, 8],
					"rotation": [-25, 0, 0],
					"cubes": [
						{"origin": [-20.001, 33.08213, 7.07477], "size": [40, 1, 49], "pivot": [-0.001, 0.08213, -0.21954], "rotation": [10, 0, 0], "uv": [164, 51]}
					]
				},
				{
					"name": "leg0",
					"pivot": [19, 8, -40],
					"cubes": [
						{"origin": [17, 0, -44], "size": [4, 1, 8], "uv": [489, 0]},
						{"origin": [17, 15, -44], "size": [4, 1, 8], "uv": [489, 0]},
						{"origin": [17, 1, -46], "size": [4, 1, 12], "uv": [489, 0]},
						{"origin": [17, 14, -46], "size": [4, 1, 12], "uv": [489, 0]},
						{"origin": [17, 2, -46], "size": [4, 12, 12], "uv": [398, 0]},
						{"origin": [17, 2, -47], "size": [4, 12, 1], "uv": [489, 0]},
						{"origin": [17, 2, -34], "size": [4, 12, 1], "uv": [489, 0]},
						{"origin": [17, 4, -48], "size": [4, 8, 1], "uv": [489, 0]},
						{"origin": [17, 4, -33], "size": [4, 8, 1], "uv": [489, 0]}
					]
				},
				{
					"name": "leg1",
					"pivot": [-19, 8, -40],
					"cubes": [
						{"origin": [-21, 0, -44], "size": [4, 1, 8], "uv": [489, 0]},
						{"origin": [-21, 15, -44], "size": [4, 1, 8], "uv": [489, 0]},
						{"origin": [-21, 1, -46], "size": [4, 1, 12], "uv": [489, 0]},
						{"origin": [-21, 14, -46], "size": [4, 1, 12], "uv": [489, 0]},
						{"origin": [-21, 2, -46], "size": [4, 12, 12], "uv": [398, 0]},
						{"origin": [-21, 2, -47], "size": [4, 12, 1], "uv": [489, 0]},
						{"origin": [-21, 2, -34], "size": [4, 12, 1], "uv": [489, 0]},
						{"origin": [-21, 4, -48], "size": [4, 8, 1], "uv": [489, 0]},
						{"origin": [-21, 4, -33], "size": [4, 8, 1], "uv": [489, 0]}
					]
				},
				{
					"name": "leg2",
					"pivot": [-19, 8, 33],
					"cubes": [
						{"origin": [-21, 0, 29], "size": [4, 1, 8], "uv": [489, 0]},
						{"origin": [-21, 15, 29], "size": [4, 1, 8], "uv": [489, 0]},
						{"origin": [-21, 1, 27], "size": [4, 1, 12], "uv": [489, 0]},
						{"origin": [-21, 14, 27], "size": [4, 1, 12], "uv": [489, 0]},
						{"origin": [-21, 2, 27], "size": [4, 12, 12], "uv": [398, 0]},
						{"origin": [-21, 2, 26], "size": [4, 12, 1], "uv": [489, 0]},
						{"origin": [-21, 2, 39], "size": [4, 12, 1], "uv": [489, 0]},
						{"origin": [-21, 4, 25], "size": [4, 8, 1], "uv": [489, 0]},
						{"origin": [-21, 4, 40], "size": [4, 8, 1], "uv": [489, 0]}
					]
				},
				{
					"name": "leg3",
					"pivot": [19, 8, 33],
					"cubes": [
						{"origin": [17, 0, 29], "size": [4, 1, 8], "uv": [489, 0]},
						{"origin": [17, 15, 29], "size": [4, 1, 8], "uv": [489, 0]},
						{"origin": [17, 1, 27], "size": [4, 1, 12], "uv": [489, 0]},
						{"origin": [17, 14, 27], "size": [4, 1, 12], "uv": [489, 0]},
						{"origin": [17, 2, 27], "size": [4, 12, 12], "uv": [398, 0]},
						{"origin": [17, 2, 26], "size": [4, 12, 1], "uv": [489, 0]},
						{"origin": [17, 2, 39], "size": [4, 12, 1], "uv": [489, 0]},
						{"origin": [17, 4, 25], "size": [4, 8, 1], "uv": [489, 0]},
						{"origin": [17, 4, 40], "size": [4, 8, 1], "uv": [489, 0]}
					]
				},
				{
					"name": "body3A",
					"pivot": [0, 0, 0],
					"rotation": [-25, 0, 0],
					"cubes": [
						{"origin": [-20.001, 36.19764, -16.74292], "size": [40, 1, 15], "pivot": [-0.001, 0.19764, -0.03723], "rotation": [10, 0, 0], "uv": [136, 32]},
						{"origin": [-20, 23, -1.70569], "size": [2, 14, 48], "inflate": -0.01, "pivot": [0, 0, 0], "rotation": [10, 0, 0], "uv": [413, 257]},
						{"origin": [19, 35, -16.70569], "size": [1, 1, 15], "inflate": -0.01, "pivot": [0, 0, 0], "rotation": [10, 0, 0], "uv": [0, 497]},
						{"origin": [-20, 35, -16.70569], "size": [1, 1, 15], "inflate": -0.01, "pivot": [0, 0, 0], "rotation": [10, 0, 0], "uv": [0, 497]},
						{"origin": [18, 23, -1.70569], "size": [2, 14, 48], "inflate": -0.01, "pivot": [0, 0, 0], "rotation": [10, 0, 0], "uv": [334, 304]}
					]
				}
			]
		}
	]
}