{
	"format_version": "1.12.0",
	"minecraft:geometry": [
		{
			"description": {
				"identifier": "geometry.tractor",
				"texture_width": 512,
				"texture_height": 512,
				"visible_bounds_width": 4,
				"visible_bounds_height": 3,
				"visible_bounds_offset": [0, 1.5, 0]
			},
			"bones": [
				{
					"name": "wheel0",
					"pivot": [-1, 7.59, -29],
					"cubes": [
						{"origin": [12, 3.59575, -32.59575], "size": [2, 8, 8], "uv": [236, 169]},
						{"origin": [-15, 6.59575, -36.59575], "size": [4, 2, 4], "uv": [168, 232]},
						{"origin": [-14, 4, -33], "size": [2, 8, 8], "uv": [236, 169]},
						{"origin": [11, 6.59575, -36.59575], "size": [4, 2, 4], "uv": [168, 232]},
						{"origin": [-15, 0.19151, -30], "size": [4, 4, 2], "pivot": [-13, 7.69151, -29], "rotation": [180, 0, 0], "uv": [168, 232]},
						{"origin": [11, 0.19151, -30], "size": [4, 4, 2], "pivot": [13, 7.69151, -29], "rotation": [180, 0, 0], "uv": [168, 232]},
						{"origin": [-15, 11.38302, -30], "size": [4, 4, 2], "pivot": [-13, 7.69151, -29], "rotation": [180, 0, 0], "uv": [168, 232]},
						{"origin": [11, 11.38302, -30], "size": [4, 4, 2], "pivot": [13, 7.69151, -29], "rotation": [180, 0, 0], "uv": [168, 232]},
						{"origin": [-15, 6.78726, -36.59575], "size": [4, 2, 4], "pivot": [-13, 7.69151, -29], "rotation": [180, 0, 0], "uv": [168, 232]},
						{"origin": [11, 6.78726, -36.59575], "size": [4, 2, 4], "pivot": [13, 7.69151, -29], "rotation": [180, 0, 0], "uv": [168, 232]},
						{"origin": [-15, 8.43227, -36.35397], "size": [4, 2, 4], "pivot": [-13, 9.43227, -35.85397], "rotation": [-15, 0, 0], "uv": [168, 232]},
						{"origin": [11, 8.43227, -36.35397], "size": [4, 2, 4], "pivot": [13, 9.43227, -35.85397], "rotation": [-15, 0, 0], "uv": [168, 232]},
						{"origin": [-15, 6.784, -36.62054], "size": [4, 2, 4], "pivot": [-13, 7.69151, -29], "rotation": [165, 0, 0], "uv": [168, 232]},
						{"origin": [11, 6.784, -36.62054], "size": [4, 2, 4], "pivot": [13, 7.69151, -29], "rotation": [165, 0, 0], "uv": [168, 232]},
						{"origin": [-15, 10.14363, -35.6451], "size": [4, 2, 4], "pivot": [-13, 11.14363, -35.1451], "rotation": [-30, 0, 0], "uv": [168, 232]},
						{"origin": [11, 10.14363, -35.6451], "size": [4, 2, 4], "pivot": [13, 11.14363, -35.1451], "rotation": [-30, 0, 0], "uv": [168, 232]},
						{"origin": [-15, 6.77443, -36.64363], "size": [4, 2, 4], "pivot": [-13, 7.69151, -29], "rotation": [150, 0, 0], "uv": [168, 232]},
						{"origin": [11, 6.77443, -36.64363], "size": [4, 2, 4], "pivot": [13, 7.69151, -29], "rotation": [150, 0, 0], "uv": [168, 232]},
						{"origin": [-15, 11.61321, -34.51746], "size": [4, 2, 4], "pivot": [-13, 12.61321, -34.01746], "rotation": [-45, 0, 0], "uv": [168, 232]},
						{"origin": [11, 11.61321, -34.51746], "size": [4, 2, 4], "pivot": [13, 12.61321, -34.01746], "rotation": [-45, 0, 0], "uv": [168, 232]},
						{"origin": [-15, 6.75922, -36.66346], "size": [4, 2, 4], "pivot": [-13, 7.69151, -29], "rotation": [135, 0, 0], "uv": [168, 232]},
						{"origin": [11, 6.75922, -36.66346], "size": [4, 2, 4], "pivot": [13, 7.69151, -29], "rotation": [135, 0, 0], "uv": [168, 232]},
						{"origin": [-15, 12.74086, -33.04788], "size": [4, 2, 4], "pivot": [-13, 13.74086, -32.54788], "rotation": [-60, 0, 0], "uv": [168, 232]},
						{"origin": [11, 12.74086, -33.04788], "size": [4, 2, 4], "pivot": [13, 13.74086, -32.54788], "rotation": [-60, 0, 0], "uv": [168, 232]},
						{"origin": [-15, 6.73939, -36.67868], "size": [4, 2, 4], "pivot": [-13, 7.69151, -29], "rotation": [120, 0, 0], "uv": [168, 232]},
						{"origin": [11, 6.73939, -36.67868], "size": [4, 2, 4], "pivot": [13, 7.69151, -29], "rotation": [120, 0, 0], "uv": [168, 232]},
						{"origin": [-15, 13.44973, -31.33652], "size": [4, 2, 4], "pivot": [-13, 14.44973, -30.83652], "rotation": [-75, 0, 0], "uv": [168, 232]},
						{"origin": [11, 13.44973, -31.33652], "size": [4, 2, 4], "pivot": [13, 14.44973, -30.83652], "rotation": [-75, 0, 0], "uv": [168, 232]},
						{"origin": [-15, 6.71629, -36.68825], "size": [4, 2, 4], "pivot": [-13, 7.69151, -29], "rotation": [105, 0, 0], "uv": [168, 232]},
						{"origin": [11, 6.71629, -36.68825], "size": [4, 2, 4], "pivot": [13, 7.69151, -29], "rotation": [105, 0, 0], "uv": [168, 232]},
						{"origin": [-15, 2.0783, -35.01746], "size": [4, 4, 2], "pivot": [-13, 2.5783, -34.01746], "rotation": [-45, 0, 0], "uv": [168, 232]},
						{"origin": [11, 2.0783, -35.01746], "size": [4, 4, 2], "pivot": [13, 2.5783, -34.01746], "rotation": [-45, 0, 0], "uv": [168, 232]},
						{"origin": [-15, 0.16346, -30.06771], "size": [4, 4, 2], "pivot": [-13, 7.69151, -29], "rotation": [135, 0, 0], "uv": [168, 232]},
						{"origin": [11, 0.16346, -30.06771], "size": [4, 4, 2], "pivot": [13, 7.69151, -29], "rotation": [135, 0, 0], "uv": [168, 232]},
						{"origin": [-15, 3.54788, -36.1451], "size": [4, 4, 2], "pivot": [-13, 4.04788, -35.1451], "rotation": [-60, 0, 0], "uv": [168, 232]},
						{"origin": [11, 3.54788, -36.1451], "size": [4, 4, 2], "pivot": [13, 4.04788, -35.1451], "rotation": [-60, 0, 0], "uv": [168, 232]},
						{"origin": [-15, 0.14363, -30.08293], "size": [4, 4, 2], "pivot": [-13, 7.69151, -29], "rotation": [120, 0, 0], "uv": [168, 232]},
						{"origin": [11, 0.14363, -30.08293], "size": [4, 4, 2], "pivot": [13, 7.69151, -29], "rotation": [120, 0, 0], "uv": [168, 232]},
						{"origin": [-15, 5.25924, -36.85397], "size": [4, 4, 2], "pivot": [-13, 5.75924, -35.85397], "rotation": [-75, 0, 0], "uv": [168, 232]},
						{"origin": [11, 5.25924, -36.85397], "size": [4, 4, 2], "pivot": [13, 5.75924, -35.85397], "rotation": [-75, 0, 0], "uv": [168, 232]},
						{"origin": [-15, 0.12054, -30.09249], "size": [4, 4, 2], "pivot": [-13, 7.69151, -29], "rotation": [105, 0, 0], "uv": [168, 232]},
						{"origin": [11, 0.12054, -30.09249], "size": [4, 4, 2], "pivot": [13, 7.69151, -29], "rotation": [105, 0, 0], "uv": [168, 232]},
						{"origin": [-15, 0.24178, -31.83652], "size": [4, 4, 2], "pivot": [-13, 0.74178, -30.83652], "rotation": [-15, 0, 0], "uv": [168, 232]},
						{"origin": [11, 0.24178, -31.83652], "size": [4, 4, 2], "pivot": [13, 0.74178, -30.83652], "rotation": [-15, 0, 0], "uv": [168, 232]},
						{"origin": [-15, 0.18825, -30.02478], "size": [4, 4, 2], "pivot": [-13, 7.69151, -29], "rotation": [165, 0, 0], "uv": [168, 232]},
						{"origin": [11, 0.18825, -30.02478], "size": [4, 4, 2], "pivot": [13, 7.69151, -29], "rotation": [165, 0, 0], "uv": [168, 232]},
						{"origin": [-15, 0.95065, -33.54788], "size": [4, 4, 2], "pivot": [-13, 1.45065, -32.54788], "rotation": [-30, 0, 0], "uv": [168, 232]},
						{"origin": [11, 0.95065, -33.54788], "size": [4, 4, 2], "pivot": [13, 1.45065, -32.54788], "rotation": [-30, 0, 0], "uv": [168, 232]},
						{"origin": [-15, 0.17868, -30.04788], "size": [4, 4, 2], "pivot": [-13, 7.69151, -29], "rotation": [150, 0, 0], "uv": [168, 232]},
						{"origin": [11, 0.17868, -30.04788], "size": [4, 4, 2], "pivot": [13, 7.69151, -29], "rotation": [150, 0, 0], "uv": [168, 232]}
					]
				},
				{
					"name": "body",
					"pivot": [1.02314, 18.40103, -4.92122],
					"cubes": [
						{"origin": [-14, 10, -1], "size": [28, 6, 1], "uv": [58, 126]},
						{"origin": [-14, 13, 0], "size": [28, 3, 1], "uv": [58, 133]},
						{"origin": [-14, 14, 1], "size": [28, 2, 1], "uv": [58, 137]},
						{"origin": [-14, 15, 2], "size": [28, 1, 1], "uv": [0, 0]},
						{"origin": [-14, 10.01015, -0.0771], "size": [28, 2, 1], "inflate": 0.1, "pivot": [0, 13.51015, 0.4229], "rotation": [-15, 0, 0], "uv": [0, 147]},
						{"origin": [-14, 3.08811, -0.9884], "size": [28, 7, 1], "inflate": 0.1, "uv": [58, 140]},
						{"origin": [-12, 5.08811, -13.9884], "size": [24, 4, 13], "uv": [88, 53]},
						{"origin": [-14, 11.8067, -0.01528], "size": [28, 2, 1], "inflate": 0.1, "pivot": [0, 12.8067, 0.48472], "rotation": [-30, 0, 0], "uv": [0, 144]},
						{"origin": [-14, 13.27627, 1.11237], "size": [28, 2, 1], "inflate": 0.1, "pivot": [0, 14.27627, 1.61237], "rotation": [-45, 0, 0], "uv": [0, 141]},
						{"origin": [-14, 14.40392, 2.58195], "size": [28, 2, 1], "inflate": 0.1, "pivot": [0, 15.40392, 3.08195], "rotation": [-60, 0, 0], "uv": [0, 138]},
						{"origin": [-14, 15.11279, 4.29331], "size": [28, 2, 1], "inflate": 0.1, "pivot": [0, 16.11279, 4.79331], "rotation": [-75, 0, 0], "uv": [0, 135]},
						{"origin": [-14, 15.35457, 6.12983], "size": [28, 10, 1], "inflate": 0.1, "pivot": [0, 16.35457, 6.62983], "rotation": [-90, 0, 0], "uv": [0, 292]},
						{"origin": [-11, 3, 1], "size": [22, 13, 14], "uv": [88, 26]},
						{"origin": [-23, 7, 4], "size": [45, 8, 8], "uv": [0, 218]},
						{"origin": [-14, 16, -1], "size": [28, 1, 14], "uv": [60, 98]},
						{"origin": [-6, 17, -2], "size": [12, 1, 6], "uv": [0, 211]},
						{"origin": [8, 17, 0], "size": [2, 3, 2], "uv": [0, 0]},
						{"origin": [8, 17, 4], "size": [2, 3, 2], "uv": [0, 0]},
						{"origin": [8, 19, 0], "size": [2, 6, 2], "inflate": 0.1, "uv": [0, 0]},
						{"origin": [8, 19, 4], "size": [2, 6, 2], "inflate": 0.1, "uv": [0, 0]},
						{"origin": [-6, 15.94379, 4.00991], "size": [12, 1, 1], "pivot": [0, 16.44379, 1.00991], "rotation": [20, 0, 0], "uv": [0, 209]},
						{"origin": [-6, 15.29668, 5.32017], "size": [12, 1, 1], "pivot": [0, 15.79668, 2.32017], "rotation": [40, 0, 0], "uv": [0, 207]},
						{"origin": [-6, 15.13673, 6.77272], "size": [12, 1, 1], "pivot": [0, 15.63673, 3.77272], "rotation": [60, 0, 0], "uv": [0, 205]},
						{"origin": [-6, 15.48323, 8.19239], "size": [12, 1, 14], "pivot": [0, 15.98323, 5.19239], "rotation": [80, 0, 0], "uv": [0, 190]},
						{"origin": [-14, 45.76249, -9.45713], "size": [28, 2, 23], "uv": [0, 73]},
						{"origin": [-14, 8, -13], "size": [28, 3, 13], "uv": [144, 97]},
						{"origin": [-14, 3, -13], "size": [28, 3, 13], "uv": [116, 113]},
						{"origin": [12, 11, -13], "size": [2, 16, 12], "uv": [0, 162]},
						{"origin": [-14, 11, -13], "size": [2, 16, 12], "uv": [0, 98]},
						{"origin": [-10, 8, -41], "size": [20, 17, 24], "uv": [0, 0]},
						{"origin": [-10, 8, -41], "size": [20, 17, 24], "inflate": 0.1, "uv": [160, 0]},
						{"origin": [-10, 6.67416, -36.29631], "size": [20, 2, 6], "pivot": [-2, 7.67416, -33.29631], "rotation": [-25, 0, 0], "uv": [88, 70]},
						{"origin": [-10, 6.67416, -27.70369], "size": [20, 2, 6], "pivot": [-2, 7.67416, -24.70369], "rotation": [25, 0, 0], "uv": [88, 86]},
						{"origin": [-11, 8, -43], "size": [22, 6, 2], "uv": [0, 234]},
						{"origin": [-11.54677, 8, -38.44489], "size": [2, 6, 2], "pivot": [-20.54677, 12, -37.44489], "rotation": [0, 25, 0], "uv": [0, 242]},
						{"origin": [11.42061, 8, -46.89726], "size": [2, 6, 2], "pivot": [2.42061, 12, -45.89726], "rotation": [0, -25, 0], "uv": [0, 242]},
						{"origin": [-10.11723, 8, -34.08549], "size": [2, 6, 2], "pivot": [-19.11723, 12, -33.08549], "rotation": [0, 50, 0], "uv": [8, 242]},
						{"origin": [15.26148, 8, -49.40638], "size": [2, 6, 2], "pivot": [6.26148, 12, -48.40638], "rotation": [0, -50, 0], "uv": [8, 242]},
						{"origin": [-14, 3, -17], "size": [28, 22, 4], "uv": [88, 0]},
						{"origin": [10, 24.34607, -16.03287], "size": [4, 8, 4], "pivot": [12, 28.34607, -14.03287], "rotation": [-15, 0, 0], "uv": [16, 61]},
						{"origin": [-14, 24.34607, -16.03287], "size": [4, 8, 4], "pivot": [-12, 28.34607, -14.03287], "rotation": [-15, 0, 0], "uv": [0, 61]},
						{"origin": [10, 32.3449, -16.76016], "size": [4, 16, 4], "pivot": [12, 27.3449, -14.76016], "rotation": [-20, 0, 0], "uv": [16, 41]},
						{"origin": [-10, 46.3449, -16.76016], "size": [20, 2, 4], "pivot": [12, 27.3449, -14.76016], "rotation": [-20, 0, 0], "uv": [0, 303]},
						{"origin": [-14, 32.3449, -16.76016], "size": [4, 16, 4], "pivot": [-12, 27.3449, -14.76016], "rotation": [-20, 0, 0], "uv": [0, 41]},
						{"origin": [12, 17, -1], "size": [2, 10, 14], "uv": [28, 162]},
						{"origin": [-12, 17, 11], "size": [24, 10, 2], "uv": [0, 150]},
						{"origin": [-14, 17, -1], "size": [2, 10, 14], "uv": [28, 98]},
						{"origin": [-21, 24.3923, 5], "size": [7, 1, 12], "uv": [0, 250]},
						{"origin": [14, 24.3923, 5], "size": [7, 1, 12], "uv": [0, 250]},
						{"origin": [-21, 22.95929, -0.34808], "size": [7, 1, 6], "pivot": [-17.5, 23.45929, 2.65192], "rotation": [30, 0, 0], "uv": [0, 263]},
						{"origin": [14, 22.95929, -0.34808], "size": [7, 1, 6], "pivot": [17.5, 23.45929, 2.65192], "rotation": [30, 0, 0], "uv": [0, 263]},
						{"origin": [-21, 19.27277, -4.74149], "size": [7, 1, 6], "pivot": [-17.5, 19.77277, -1.74149], "rotation": [50, 0, 0], "uv": [0, 270]},
						{"origin": [14, 19.27277, -4.74149], "size": [7, 1, 6], "pivot": [17.5, 19.77277, -1.74149], "rotation": [50, 0, 0], "uv": [0, 270]},
						{"origin": [-21, 14.3658, -4.86758], "size": [7, 1, 3], "pivot": [-17.5, 14.8658, -4.86758], "rotation": [65, 0, 0], "uv": [0, 277]},
						{"origin": [14, 14.3658, -4.86758], "size": [7, 1, 3], "pivot": [17.5, 14.8658, -4.86758], "rotation": [65, 0, 0], "uv": [0, 277]},
						{"origin": [-21, 5.07711, -5.32073], "size": [7, 10, 1], "uv": [0, 281]},
						{"origin": [14, 5.07711, -5.32073], "size": [7, 10, 1], "uv": [0, 281]},
						{"origin": [-14, 27, 9], "size": [2, 19, 4], "uv": [44, 41]},
						{"origin": [12, 27, 9], "size": [2, 19, 4], "uv": [32, 41]},
						{"origin": [-12, 5.5, -31], "size": [24, 4, 4], "uv": [88, 78]}
					]
				},
				{
					"name": "steer",
					"parent": "body",
					"pivot": [0, 12, -11],
					"rotation": [-20, 0, 0],
					"cubes": [
						{"origin": [-2, 9, -13], "size": [4, 16, 4], "uv": [256, 127]},
						{"origin": [-2, 24, -6], "size": [4, 1, 1], "uv": [256, 151]},
						{"origin": [-2, 24, -17.19615], "size": [4, 1, 1], "uv": [256, 151]},
						{"origin": [1.48205, 24, -6.93301], "size": [3, 1, 1], "pivot": [3.48205, 24.5, -6.43301], "rotation": [0, 30, 0], "uv": [256, 151]},
						{"origin": [1.98205, 24, -16.39711], "size": [3, 1, 1], "pivot": [3.48205, 24.5, -16.76314], "rotation": [0, -30, 0], "uv": [256, 151]},
						{"origin": [3.16506, 24, -8.98205], "size": [3, 1, 1], "pivot": [5.16506, 24.5, -8.48205], "rotation": [0, 60, 0], "uv": [256, 151]},
						{"origin": [3.66506, 24, -14.08013], "size": [3, 1, 1], "pivot": [5.53109, 24.5, -14.08013], "rotation": [0, -60, 0], "uv": [256, 151]},
						{"origin": [-4.61603, 24, -6.43301], "size": [3, 1, 1], "pivot": [-2.61603, 24.5, -5.93301], "rotation": [0, -30, 0], "uv": [256, 151]},
						{"origin": [-4.84808, 24, -15.89711], "size": [3, 1, 1], "pivot": [-4.34808, 24.5, -16.26314], "rotation": [0, 30, 0], "uv": [256, 151]},
						{"origin": [-6.66506, 24, -8.11603], "size": [3, 1, 1], "pivot": [-4.66506, 24.5, -7.61603], "rotation": [0, -60, 0], "uv": [256, 151]},
						{"origin": [-6.16506, 24, -13.2141], "size": [3, 1, 1], "pivot": [-6.03109, 24.5, -13.2141], "rotation": [0, 60, 0], "uv": [256, 151]},
						{"origin": [-8.59808, 24, -10.59808], "size": [4, 1, 1], "pivot": [-5.59808, 24.5, -10.09808], "rotation": [0, -90, 0], "uv": [256, 151]},
						{"origin": [-5.68301, 22.68301, -13.59808], "size": [4, 1, 5], "pivot": [-3.68301, 23.18301, -11.09808], "rotation": [0, -90, 30], "uv": [256, 169]},
						{"origin": [3.59808, 24, -11.59808], "size": [4, 1, 1], "pivot": [5.59808, 24.5, -11.09808], "rotation": [0, -90, 0], "uv": [256, 151]},
						{"origin": [1.68301, 22.68301, -13.59808], "size": [4, 1, 5], "pivot": [3.68301, 23.18301, -11.09808], "rotation": [0, -90, -30], "uv": [256, 163]}
					]
				},
				{
					"name": "wheel1",
					"pivot": [-1.5, 11, 8],
					"cubes": [
						{"origin": [-23, 0, 5], "size": [7, 5, 6], "uv": [172, 209]},
						{"origin": [15, 0, 5], "size": [7, 5, 6], "uv": [172, 209]},
						{"origin": [-23, 17.3923, 5], "size": [7, 5, 6], "uv": [172, 209]},
						{"origin": [15, 17.3923, 5], "size": [7, 5, 6], "uv": [172, 209]},
						{"origin": [-21, 2.4641, 6], "size": [2, 2, 4], "uv": [172, 209]},
						{"origin": [17, 2.4641, 6], "size": [2, 2, 4], "uv": [172, 209]},
						{"origin": [-23, 2.43301, -0.08013], "size": [7, 5, 6], "pivot": [-19.5, 2.93301, 0.91987], "rotation": [-30, 0, 0], "uv": [172, 209]},
						{"origin": [15, 2.43301, -0.08013], "size": [7, 5, 6], "pivot": [-19.5, 2.93301, 0.91987], "rotation": [-30, 0, 0], "uv": [172, 209]},
						{"origin": [-23, 1.43301, 10.34808], "size": [7, 5, 6], "pivot": [-19.5, 1.93301, 13.34808], "rotation": [30, 0, 0], "uv": [172, 209]},
						{"origin": [15, 1.43301, 10.34808], "size": [7, 5, 6], "pivot": [-19.5, 1.93301, 13.34808], "rotation": [30, 0, 0], "uv": [172, 209]},
						{"origin": [-23, 5.34808, 14.26314], "size": [7, 5, 6], "pivot": [-19.5, 5.84808, 17.26314], "rotation": [60, 0, 0], "uv": [172, 209]},
						{"origin": [15, 5.34808, 14.26314], "size": [7, 5, 6], "pivot": [-19.5, 5.84808, 17.26314], "rotation": [60, 0, 0], "uv": [172, 209]},
						{"origin": [-23, 1.88397, -6.26314], "size": [7, 5, 6], "pivot": [-19.5, 2.38397, 0.73686], "rotation": [-60, 0, 0], "uv": [172, 209]},
						{"origin": [15, 1.88397, -6.26314], "size": [7, 5, 6], "pivot": [-19.5, 2.38397, 0.73686], "rotation": [-60, 0, 0], "uv": [172, 209]},
						{"origin": [-23, 7.69615, -8.69615], "size": [7, 5, 6], "pivot": [-19.5, 8.19615, -2.69615], "rotation": [-90, 0, 0], "uv": [172, 209]},
						{"origin": [15, 7.69615, -8.69615], "size": [7, 5, 6], "pivot": [-19.5, 8.19615, -2.69615], "rotation": [-90, 0, 0], "uv": [172, 209]},
						{"origin": [-23, 6.69615, 15.69615], "size": [7, 5, 6], "pivot": [-19.5, 11.19615, 18.69615], "rotation": [-90, 0, 0], "uv": [172, 209]},
						{"origin": [15, 6.69615, 15.69615], "size": [7, 5, 6], "pivot": [-19.5, 11.19615, 18.69615], "rotation": [-90, 0, 0], "uv": [172, 209]},
						{"origin": [-23, 12.04423, 14.26314], "size": [7, 5, 6], "pivot": [-19.5, 16.54423, 17.26314], "rotation": [-60, 0, 0], "uv": [172, 209]},
						{"origin": [15, 12.04423, 14.26314], "size": [7, 5, 6], "pivot": [-19.5, 16.54423, 17.26314], "rotation": [-60, 0, 0], "uv": [172, 209]},
						{"origin": [-23, 15.95929, 10.34808], "size": [7, 5, 6], "pivot": [-19.5, 20.45929, 13.34808], "rotation": [-30, 0, 0], "uv": [172, 209]},
						{"origin": [15, 15.95929, 10.34808], "size": [7, 5, 6], "pivot": [-19.5, 20.45929, 13.34808], "rotation": [-30, 0, 0], "uv": [172, 209]},
						{"origin": [-23, 16.04423, -4.26314], "size": [7, 5, 6], "pivot": [-19.5, 16.54423, -1.26314], "rotation": [-120, 0, 0], "uv": [172, 209]},
						{"origin": [15, 16.04423, -4.26314], "size": [7, 5, 6], "pivot": [-19.5, 16.54423, -1.26314], "rotation": [-120, 0, 0], "uv": [172, 209]},
						{"origin": [-23, 19.95929, -0.34808], "size": [7, 5, 6], "pivot": [-19.5, 20.45929, 2.65192], "rotation": [-150, 0, 0], "uv": [172, 209]},
						{"origin": [15, 19.95929, -0.34808], "size": [7, 5, 6], "pivot": [-19.5, 20.45929, 2.65192], "rotation": [-150, 0, 0], "uv": [172, 209]}
					]
				},
				{
					"name": "xv",
					"parent": "wheel1",
					"pivot": [-19.5, 9.9282, 19.9641],
					"cubes": [
						{"origin": [-21, 15.3923, 6], "size": [2, 2, 4], "uv": [244, 144]},
						{"origin": [17, 15.3923, 6], "size": [2, 2, 4], "uv": [244, 144]},
						{"origin": [-21, 4.19615, 6], "size": [2, 3, 4], "uv": [244, 144]},
						{"origin": [17, 4.19615, 6], "size": [2, 3, 4], "uv": [244, 144]},
						{"origin": [-21, 13.78942, 11.98205], "size": [2, 2, 3], "pivot": [-19.5, 20.28942, 13.98205], "rotation": [-30, 0, 0], "uv": [244, 144]},
						{"origin": [17, 13.78942, 11.98205], "size": [2, 2, 3], "pivot": [-19.5, 20.28942, 13.98205], "rotation": [-30, 0, 0], "uv": [244, 144]},
						{"origin": [-21, 18.78942, -0.3218], "size": [2, 2, 3], "pivot": [-19.5, 25.28942, 10.6782], "rotation": [30, 0, 0], "uv": [244, 144]},
						{"origin": [17, 18.78942, -0.3218], "size": [2, 2, 3], "pivot": [-19.5, 25.28942, 10.6782], "rotation": [30, 0, 0], "uv": [244, 144]},
						{"origin": [-21, 9.91025, 15.49519], "size": [2, 2, 3], "pivot": [-19.5, 16.41025, 17.49519], "rotation": [-60, 0, 0], "uv": [244, 144]},
						{"origin": [17, 9.91025, 15.49519], "size": [2, 2, 3], "pivot": [-19.5, 16.41025, 17.49519], "rotation": [-60, 0, 0], "uv": [244, 144]},
						{"origin": [-21, 10.77628, -2.99519], "size": [2, 2, 3], "pivot": [-19.5, 17.27628, -0.99519], "rotation": [60, 0, 0], "uv": [244, 144]},
						{"origin": [17, 10.77628, -2.99519], "size": [2, 2, 3], "pivot": [-19.5, 17.27628, -0.99519], "rotation": [60, 0, 0], "uv": [244, 144]},
						{"origin": [-21, -1.18782, -1.99519], "size": [2, 2, 3], "pivot": [-19.5, 5.31218, -0.99519], "rotation": [120, 0, 0], "uv": [244, 144]},
						{"origin": [17, -1.18782, -1.99519], "size": [2, 2, 3], "pivot": [-19.5, 5.31218, -0.99519], "rotation": [120, 0, 0], "uv": [244, 144]},
						{"origin": [-21, 5.81218, 3.70096], "size": [2, 2, 3], "pivot": [-20, 6.81218, 5.20096], "rotation": [150, 0, 0], "uv": [244, 144]},
						{"origin": [17, 5.81218, 3.70096], "size": [2, 2, 3], "pivot": [-20, 6.81218, 5.20096], "rotation": [150, 0, 0], "uv": [244, 144]},
						{"origin": [-21, -0.3218, 16.49519], "size": [2, 2, 3], "pivot": [-19.5, 6.1782, 17.49519], "rotation": [-120, 0, 0], "uv": [244, 144]},
						{"origin": [17, -0.3218, 16.49519], "size": [2, 2, 3], "pivot": [-19.5, 6.1782, 17.49519], "rotation": [-120, 0, 0], "uv": [244, 144]},
						{"origin": [-21, -4.20096, 12.98205], "size": [2, 2, 3], "pivot": [-19.5, 2.29904, 13.98205], "rotation": [-150, 0, 0], "uv": [244, 144]},
						{"origin": [17, -4.20096, 12.98205], "size": [2, 2, 3], "pivot": [-19.5, 2.29904, 13.98205], "rotation": [-150, 0, 0], "uv": [244, 144]},
						{"origin": [-21, 4.79423, 6.40192], "size": [2, 2, 4], "pivot": [-19.5, 11.29423, 8.40192], "rotation": [-90, 0, 0], "uv": [244, 144]},
						{"origin": [17, 4.79423, 6.40192], "size": [2, 2, 4], "pivot": [-19.5, 11.29423, 8.40192], "rotation": [-90, 0, 0], "uv": [244, 144]},
						{"origin": [-21, 4.79423, 16.59808], "size": [2, 2, 4], "pivot": [-19.5, 11.29423, 18.59808], "rotation": [-90, 0, 0], "uv": [244, 144]},
						{"origin": [17, 4.79423, 16.59808], "size": [2, 2, 4], "pivot": [-19.5, 11.29423, 18.59808], "rotation": [-90, 0, 0], "uv": [244, 144]}
					]
				}
			]
		}
	]
}