{
	"format_version": "1.12.0",
	"minecraft:geometry": [
		{
			"description": {
				"identifier": "geometry.travis",
				"texture_width": 512,
				"texture_height": 512,
				"visible_bounds_width": 7,
				"visible_bounds_height": 4,
				"visible_bounds_offset": [0, 2, 0]
			},
			"bones": [
				{
					"name": "body",
					"pivot": [0, 0, 0],
					"cubes": [
						{"origin": [-19, 4, -12], "size": [38, 3, 2], "uv": [0, 390]},
						{"origin": [-19, 4, -10], "size": [38, 12, 30], "uv": [0, 239]},
						{"origin": [-19, 44, -10], "size": [38, 1, 60], "uv": [196, 0]},
						{"origin": [17, 16, -10], "size": [2, 12, 60], "uv": [124, 167]},
						{"origin": [-19, 16, -10], "size": [2, 12, 60], "uv": [0, 167]},
						{"origin": [-17, 16, 48], "size": [13, 12, 2], "uv": [32, 431]},
						{"origin": [-17, 16, -10], "size": [10, 7, 58], "uv": [0, 102]},
						{"origin": [6, 16, -9], "size": [10, 7, 58], "uv": [0, 102]},
						{"origin": [-6, 28, 48], "size": [2, 16, 2], "uv": [80, 471]},
						{"origin": [17, 28, 39], "size": [2, 16, 11], "uv": [76, 398]},
						{"origin": [17, 28, 15], "size": [2, 16, 6], "uv": [104, 449]},
						{"origin": [-19, 28, 15], "size": [2, 16, 6], "uv": [88, 449]},
						{"origin": [17, 28, -10], "size": [2, 16, 6], "uv": [72, 449]},
						{"origin": [-19, 28, 39], "size": [2, 16, 11], "uv": [50, 398]},
						{"origin": [-19, 28, -10], "size": [2, 16, 6], "uv": [56, 449]},
						{"origin": [-19, 4, -10], "size": [38, 42, 60], "inflate": 0.1, "uv": [0, 0]},
						{"origin": [-15, 4, -28], "size": [30, 3, 16], "uv": [270, 305]},
						{"origin": [-15, 4, 22], "size": [30, 3, 16], "uv": [178, 305]},
						{"origin": [-15, 7, -28], "size": [30, 8, 16], "uv": [300, 281]},
						{"origin": [-15, 7, 22], "size": [30, 8, 16], "uv": [208, 281]},
						{"origin": [-19, 15, 22], "size": [38, 1, 16], "uv": [0, 281]},
						{"origin": [-19, 15, -28], "size": [38, 1, 16], "uv": [136, 257]},
						{"origin": [-19, 16, -12], "size": [38, 29, 2], "uv": [98, 305]},
						{"origin": [-19, 16, -16], "size": [38, 27, 2], "uv": [0, 336]},
						{"origin": [2, 16, -18], "size": [14, 10, 2], "uv": [0, 431]},
						{"origin": [-16, 16, -18], "size": [14, 10, 2], "uv": [186, 418]},
						{"origin": [4, 26, -18], "size": [10, 4, 2], "uv": [148, 449]},
						{"origin": [-14, 26, -18], "size": [10, 4, 2], "uv": [120, 461]},
						{"origin": [17, 16, -39], "size": [2, 10, 23], "uv": [0, 398]},
						{"origin": [18, 25, -39], "size": [2, 2, 3], "uv": [0, 500]},
						{"origin": [-20, 25, -39], "size": [2, 2, 3], "uv": [190, 489]},
						{"origin": [19, 25, -38], "size": [6, 6, 1], "pivot": [20, 27, -37.5], "rotation": [0, -20, 0], "uv": [106, 478]},
						{"origin": [-22, 25, -52], "size": [6, 6, 1], "pivot": [20, 27, -37.5], "rotation": [0, 20, 0], "uv": [106, 471]},
						{"origin": [-19, 7, -39], "size": [2, 9, 9], "uv": [120, 431]},
						{"origin": [17, 7, -39], "size": [2, 9, 9], "uv": [98, 431]},
						{"origin": [-19, 16, -39], "size": [2, 10, 23], "uv": [154, 365]},
						{"origin": [-19, 4, 38], "size": [38, 12, 12], "uv": [108, 281]},
						{"origin": [-19, 7, -12], "size": [38, 9, 2], "uv": [0, 365]},
						{"origin": [-19, 4, 20], "size": [38, 12, 2], "uv": [160, 336]},
						{"origin": [-19, 7, -30], "size": [38, 9, 2], "uv": [160, 350]},
						{"origin": [-19, 4, -39], "size": [38, 3, 11], "uv": [0, 305]},
						{"origin": [-19, 41, -32], "size": [38, 2, 16], "uv": [136, 239]},
						{"origin": [-19, 4, -41], "size": [38, 22, 2], "uv": [80, 336]},
						{"origin": [-17, 15, -39], "size": [34, 11, 3], "uv": [0, 376]},
						{"origin": [-17, 19, -36], "size": [34, 7, 3], "pivot": [0, 20.5, -34.5], "rotation": [30, 0, 0], "uv": [80, 365]},
						{"origin": [6, 19, -32], "size": [4, 1, 1], "pivot": [0, 20.5, -34.5], "rotation": [30, 0, 0], "uv": [34, 506]},
						{"origin": [6, 25, -32], "size": [4, 1, 1], "pivot": [0, 20.5, -34.5], "rotation": [30, 0, 0], "uv": [34, 504]},
						{"origin": [5, 24, -32], "size": [1, 1, 1], "pivot": [0, 20.5, -34.5], "rotation": [30, 0, 0], "uv": [54, 502]},
						{"origin": [10, 24, -32], "size": [1, 1, 1], "pivot": [0, 20.5, -34.5], "rotation": [30, 0, 0], "uv": [54, 500]},
						{"origin": [11, 21, -32], "size": [1, 3, 1], "pivot": [0, 20.5, -34.5], "rotation": [30, 0, 0], "uv": [50, 500]},
						{"origin": [4, 21, -32], "size": [1, 3, 1], "pivot": [0, 20.5, -34.5], "rotation": [30, 0, 0], "uv": [44, 504]},
						{"origin": [9, 22, -32], "size": [2, 1, 1], "pivot": [0, 20.5, -34.5], "rotation": [30, 0, 0], "uv": [44, 502]},
						{"origin": [5, 22, -32], "size": [2, 1, 1], "pivot": [0, 20.5, -34.5], "rotation": [30, 0, 0], "uv": [44, 500]},
						{"origin": [7, 21, -33], "size": [2, 2, 2], "pivot": [0, 20.5, -34.5], "rotation": [30, 0, 0], "uv": [34, 500]},
						{"origin": [10, 20, -32], "size": [1, 1, 1], "pivot": [0, 20.5, -34.5], "rotation": [30, 0, 0], "uv": [50, 506]},
						{"origin": [5, 20, -32], "size": [1, 1, 1], "pivot": [0, 20.5, -34.5], "rotation": [30, 0, 0], "uv": [50, 504]},
						{"origin": [-20, 4, -42], "size": [12, 4, 2], "uv": [120, 455]},
						{"origin": [8, 4, -42], "size": [12, 4, 2], "uv": [120, 449]},
						{"origin": [-8, 4, -42], "size": [16, 4, 2], "uv": [62, 431]},
						{"origin": [-10.43934, 5.88909, -42], "size": [7, 4, 2], "pivot": [-6.93934, 7.88909, -41.5], "rotation": [0, 0, -45], "uv": [88, 477]},
						{"origin": [3.43934, 5.88909, -42], "size": [7, 4, 2], "pivot": [6.93934, 7.88909, -41.5], "rotation": [0, 0, 45], "uv": [88, 471]},
						{"origin": [-19, 25.18728, -40.70253], "size": [2, 8, 2], "pivot": [0, 26.18728, -39.70253], "rotation": [-15, 0, 0], "uv": [58, 489]},
						{"origin": [17, 25.18728, -40.70253], "size": [2, 8, 2], "pivot": [0, 26.18728, -39.70253], "rotation": [-15, 0, 0], "uv": [50, 489]},
						{"origin": [17.5, 25.4461, -39.73661], "size": [1, 8, 2], "pivot": [0, 26.18728, -39.70253], "rotation": [-15, 0, 0], "uv": [152, 489]},
						{"origin": [-18.5, 25.4461, -39.73661], "size": [1, 8, 2], "pivot": [0, 26.18728, -39.70253], "rotation": [-15, 0, 0], "uv": [146, 489]},
						{"origin": [-19, 32.84156, -39.4907], "size": [2, 6, 2], "pivot": [0, 31.84156, -38.4907], "rotation": [-30, 0, 0], "uv": [182, 489]},
						{"origin": [17, 32.84156, -39.4907], "size": [2, 6, 2], "pivot": [0, 31.84156, -38.4907], "rotation": [-30, 0, 0], "uv": [166, 489]},
						{"origin": [17.5, 33.34156, -38.62467], "size": [1, 6, 2], "pivot": [0, 31.84156, -38.4907], "rotation": [-30, 0, 0], "uv": [28, 500]},
						{"origin": [-18.5, 33.34156, -38.62467], "size": [1, 6, 2], "pivot": [0, 31.84156, -38.4907], "rotation": [-30, 0, 0], "uv": [16, 500]},
						{"origin": [-19, 37.9949, -36.73347], "size": [2, 6, 2], "pivot": [0, 36.9949, -35.73347], "rotation": [-40, 0, 0], "uv": [174, 489]},
						{"origin": [17, 37.9949, -36.73347], "size": [2, 6, 2], "pivot": [0, 36.9949, -35.73347], "rotation": [-40, 0, 0], "uv": [158, 489]},
						{"origin": [17.5, 38.63769, -35.96742], "size": [1, 6, 2], "pivot": [0, 36.9949, -35.73347], "rotation": [-40, 0, 0], "uv": [22, 500]},
						{"origin": [-18.5, 38.63769, -35.96742], "size": [1, 6, 2], "pivot": [0, 36.9949, -35.73347], "rotation": [-40, 0, 0], "uv": [10, 500]}
					]
				},
				{
					"name": "leg0",
					"pivot": [0, 7, -20],
					"cubes": [
						{"origin": [-19, 0, -23], "size": [4, 1, 6], "uv": [60, 478]},
						{"origin": [15, 0, -23], "size": [4, 1, 6], "uv": [60, 471]},
						{"origin": [-19, 13, -23], "size": [4, 1, 6], "uv": [40, 478]},
						{"origin": [15, 13, -23], "size": [4, 1, 6], "uv": [40, 471]},
						{"origin": [-19, 1, -25], "size": [4, 1, 10], "uv": [28, 449]},
						{"origin": [15, 1, -25], "size": [4, 1, 10], "uv": [0, 460]},
						{"origin": [-19, 12, -25], "size": [4, 1, 10], "uv": [0, 449]},
						{"origin": [15, 12, -25], "size": [4, 1, 10], "uv": [254, 431]},
						{"origin": [-19, 2, -25], "size": [4, 10, 10], "uv": [186, 398]},
						{"origin": [15, 2, -25], "size": [4, 10, 10], "uv": [158, 398]},
						{"origin": [-19, 2, -26], "size": [4, 10, 1], "uv": [40, 489]},
						{"origin": [15, 2, -26], "size": [4, 10, 1], "uv": [30, 489]},
						{"origin": [-19, 2, -15], "size": [4, 10, 1], "uv": [20, 489]},
						{"origin": [15, 2, -15], "size": [4, 10, 1], "uv": [10, 489]},
						{"origin": [-19, 4, -27], "size": [4, 6, 1], "uv": [136, 489]},
						{"origin": [15, 4, -27], "size": [4, 6, 1], "uv": [126, 489]},
						{"origin": [-19, 4, -14], "size": [4, 6, 1], "uv": [116, 489]},
						{"origin": [15, 4, -14], "size": [4, 6, 1], "uv": [106, 489]}
					]
				},
				{
					"name": "leg2",
					"pivot": [0, 7, 30],
					"cubes": [
						{"origin": [-19, 0, 27], "size": [4, 1, 6], "uv": [20, 478]},
						{"origin": [15, 0, 27], "size": [4, 1, 6], "uv": [20, 471]},
						{"origin": [-19, 13, 27], "size": [4, 1, 6], "uv": [0, 478]},
						{"origin": [15, 13, 27], "size": [4, 1, 6], "uv": [0, 471]},
						{"origin": [-19, 1, 25], "size": [4, 1, 10], "uv": [226, 431]},
						{"origin": [15, 1, 25], "size": [4, 1, 10], "uv": [198, 431]},
						{"origin": [-19, 12, 25], "size": [4, 1, 10], "uv": [170, 431]},
						{"origin": [15, 12, 25], "size": [4, 1, 10], "uv": [142, 431]},
						{"origin": [-19, 2, 25], "size": [4, 10, 10], "uv": [130, 398]},
						{"origin": [15, 2, 25], "size": [4, 10, 10], "uv": [102, 398]},
						{"origin": [-19, 2, 24], "size": [4, 10, 1], "uv": [0, 489]},
						{"origin": [15, 2, 24], "size": [4, 10, 1], "uv": [140, 471]},
						{"origin": [-19, 2, 35], "size": [4, 10, 1], "uv": [130, 471]},
						{"origin": [15, 2, 35], "size": [4, 10, 1], "uv": [120, 471]},
						{"origin": [-19, 4, 23], "size": [4, 6, 1], "uv": [96, 489]},
						{"origin": [15, 4, 23], "size": [4, 6, 1], "uv": [86, 489]},
						{"origin": [-19, 4, 36], "size": [4, 6, 1], "uv": [76, 489]},
						{"origin": [15, 4, 36], "size": [4, 6, 1], "uv": [66, 489]}
					]
				}
			]
		}
	]
}