{
	"format_version": "1.12.0",
	"minecraft:geometry": [
		{
			"description": {
				"identifier": "geometry.van",
				"texture_width": 512,
				"texture_height": 512,
				"visible_bounds_width": 8,
				"visible_bounds_height": 4,
				"visible_bounds_offset": [0, 0, 0]
			},
			"bones": [
				{
					"name": "body",
					"pivot": [0, 2, 0],
					"cubes": [
						{"origin": [-19, 4, 22], "size": [38, 6, 9], "uv": [206, 77]},
						{"origin": [-19, 4, 5], "size": [38, 6, 5], "uv": [168, 98]},
						{"origin": [-14, 4, 10], "size": [27, 6, 12], "uv": [254, 98]},
						{"origin": [-17, 5, 15], "size": [35, 2, 2], "uv": [0, 328]},
						{"origin": [-19, 10, 5], "size": [5, 3, 5], "uv": [22, 287]},
						{"origin": [14, 10, 5], "size": [5, 3, 5], "uv": [22, 279]},
						{"origin": [-18, 4, -10], "size": [36, 6, 15], "uv": [0, 77]},
						{"origin": [-19, 34.40723, -28.81549], "size": [38, 1, 60], "uv": [0, 0]},
						{"origin": [-19, 4, -36], "size": [38, 4, 14], "uv": [102, 77]},
						{"origin": [18, 8, -36], "size": [1, 12, 14], "uv": [66, 216]},
						{"origin": [19, 18, -35], "size": [1, 2, 1], "uv": [74, 301]},
						{"origin": [-20, 18, -35], "size": [1, 2, 1], "uv": [74, 298]},
						{"origin": [19.82899, 18, -35.03015], "size": [6, 4, 1], "pivot": [19.82899, 19, -34.53015], "rotation": [0, -20, 0], "uv": [20, 308]},
						{"origin": [-25.82899, 18, -35.03015], "size": [6, 4, 1], "pivot": [-19.82899, 19, -34.53015], "rotation": [0, 20, 0], "uv": [20, 303]},
						{"origin": [-19, 8, -36], "size": [1, 12, 14], "uv": [36, 216]},
						{"origin": [18, 10, 17], "size": [1, 10, 14], "uv": [160, 216]},
						{"origin": [-19, 10, 17], "size": [1, 10, 14], "uv": [130, 216]},
						{"origin": [18, 4, -10], "size": [1, 16, 15], "uv": [128, 185]},
						{"origin": [-19, 4, -10], "size": [1, 16, 15], "uv": [96, 185]},
						{"origin": [-19, 13, -22], "size": [1, 7, 12], "uv": [172, 242]},
						{"origin": [18, 13, -22], "size": [1, 7, 12], "uv": [146, 242]},
						{"origin": [-19, 13, 5], "size": [1, 7, 12], "uv": [120, 242]},
						{"origin": [18, 13, 5], "size": [1, 7, 12], "uv": [94, 242]},
						{"origin": [4, 4, -22], "size": [12, 9, 12], "uv": [48, 185]},
						{"origin": [13, 4, 10], "size": [6, 9, 12], "inflate": 0.1, "uv": [0, 216]},
						{"origin": [-10, 10, -6], "size": [28, 5, 7], "uv": [0, 139]},
						{"origin": [-10, 13, 8], "size": [28, 2, 7], "uv": [52, 157]},
						{"origin": [-10, 10, 8], "size": [23, 3, 7], "uv": [122, 169]},
						{"origin": [-18, 10, 22], "size": [36, 5, 7], "uv": [82, 98]},
						{"origin": [-4, 4, -22], "size": [8, 10, 12], "uv": [160, 185]},
						{"origin": [-4, 8, -34], "size": [8, 6, 12], "uv": [200, 185]},
						{"origin": [-16, 4, -22], "size": [12, 9, 12], "uv": [0, 185]},
						{"origin": [-19, 4, -22], "size": [3, 9, 12], "inflate": 0.1, "uv": [0, 242]},
						{"origin": [16, 4, -22], "size": [3, 9, 12], "inflate": 0.1, "uv": [190, 216]},
						{"origin": [-19, 4, 10], "size": [5, 9, 12], "inflate": 0.1, "uv": [96, 216]},
						{"origin": [4, 13, -15], "size": [12, 11, 2], "uv": [92, 263]},
						{"origin": [-10, 14, -1], "size": [28, 10, 2], "uv": [122, 157]},
						{"origin": [-10, 14, 13], "size": [28, 10, 2], "uv": [52, 166]},
						{"origin": [-18, 14, 27], "size": [36, 10, 2], "uv": [76, 116]},
						{"origin": [-16, 13, -15], "size": [12, 11, 2], "uv": [64, 263]},
						{"origin": [-18, 8, -36], "size": [36, 12, 5], "uv": [0, 98]},
						{"origin": [-18, 12, -36.29], "size": [8, 4, 2], "uv": [42, 285]},
						{"origin": [-19, 4, -37], "size": [38, 4, 1], "uv": [0, 134]},
						{"origin": [-19, 4, 31], "size": [38, 4, 1], "uv": [0, 129]},
						{"origin": [10, 12, -36.29], "size": [8, 4, 2], "uv": [42, 279]},
						{"origin": [-19, 19.15677, -32.19644], "size": [1, 17, 2], "pivot": [-18.5, 28.15677, -32.19644], "rotation": [-25, 0, 0], "uv": [68, 279]},
						{"origin": [-1, 32.15677, -32.19644], "size": [2, 4, 1], "pivot": [0.5, 28.15677, -32.19644], "rotation": [-25, 0, 0], "uv": [74, 279]},
						{"origin": [1, 32.15677, -32.19644], "size": [17, 4, 1], "pivot": [2.5, 28.15677, -32.19644], "rotation": [-25, 0, 0], "uv": [28, 268]},
						{"origin": [-18, 32.15677, -32.19644], "size": [17, 4, 1], "pivot": [-16.5, 28.15677, -32.19644], "rotation": [-25, 0, 0], "uv": [28, 263]},
						{"origin": [-19, 20, 29], "size": [1, 15, 2], "uv": [0, 298]},
						{"origin": [-18.5, 20, -36], "size": [0, 12, 65], "uv": [196, 0]},
						{"origin": [18.5, 20, -36], "size": [0, 12, 65], "uv": [196, 0]},
						{"origin": [-18, 32, 29], "size": [36, 3, 2], "uv": [0, 151]},
						{"origin": [-18, 20, 30], "size": [36, 12, 0], "uv": [0, 332]},
						{"origin": [-19, 32, 4], "size": [1, 3, 25], "uv": [0, 157]},
						{"origin": [18, 32, 4], "size": [1, 3, 25], "uv": [78, 129]},
						{"origin": [-19, 32, -13], "size": [1, 3, 15], "uv": [62, 242]},
						{"origin": [18, 32, -13], "size": [1, 3, 15], "uv": [30, 242]},
						{"origin": [18, 32, -28], "size": [1, 3, 13], "uv": [0, 263]},
						{"origin": [-19, 32, -28], "size": [1, 3, 13], "uv": [198, 242]},
						{"origin": [-19, 20, 2], "size": [1, 15, 2], "uv": [104, 279]},
						{"origin": [-19, 20, -15], "size": [1, 15, 2], "uv": [98, 279]},
						{"origin": [18, 20, 2], "size": [1, 15, 2], "uv": [92, 279]},
						{"origin": [18, 20, -15], "size": [1, 15, 2], "uv": [86, 279]},
						{"origin": [18, 19.15677, -32.19644], "size": [1, 17, 2], "pivot": [-18.5, 28.15677, -32.19644], "rotation": [-25, 0, 0], "uv": [62, 279]},
						{"origin": [18, 20, 29], "size": [1, 15, 2], "uv": [80, 279]},
						{"origin": [-18, 19, -33], "size": [36, 13, 0], "pivot": [0, 26, -32], "rotation": [-25, 0, 0], "uv": [228, 116]},
						{"origin": [-18, 10, 29], "size": [36, 10, 2], "uv": [0, 116]},
						{"origin": [-18, 12, -33], "size": [36, 7, 2], "pivot": [0, 19, -32], "rotation": [30, 0, 0], "uv": [152, 116]},
						{"origin": [9, 15, -32], "size": [2, 2, 2], "pivot": [0, 19, -32], "rotation": [30, 0, 0], "uv": [0, 315]},
						{"origin": [9, 15, -30], "size": [2, 2, 2], "pivot": [0, 19, -32], "rotation": [30, 0, 0], "uv": [0, 315]},
						{"origin": [6, 12, -28], "size": [8, 8, 0], "pivot": [0, 19, -32], "rotation": [30, 0, 0], "uv": [0, 320]}
					]
				},
				{
					"name": "leg0",
					"parent": "body",
					"pivot": [0, 6, -16],
					"cubes": [
						{"origin": [-19, 0, -18], "size": [3, 1, 4], "uv": [20, 298]},
						{"origin": [16, 0, -18], "size": [3, 1, 4], "uv": [6, 308]},
						{"origin": [-19, 1, -20], "size": [3, 1, 8], "uv": [0, 288]},
						{"origin": [16, 1, -20], "size": [3, 1, 8], "uv": [0, 279]},
						{"origin": [-19, 2, -20], "size": [3, 8, 8], "uv": [142, 263]},
						{"origin": [16, 2, -20], "size": [3, 8, 8], "uv": [120, 263]},
						{"origin": [-19, 2, -12], "size": [3, 8, 1], "uv": [58, 298]},
						{"origin": [16, 2, -12], "size": [3, 8, 1], "uv": [50, 298]},
						{"origin": [-19, 2, -21], "size": [3, 8, 1], "uv": [42, 298]},
						{"origin": [16, 2, -21], "size": [3, 8, 1], "uv": [34, 298]},
						{"origin": [-19, 4, -22], "size": [3, 4, 1], "uv": [66, 308]},
						{"origin": [16, 4, -22], "size": [3, 4, 1], "uv": [66, 303]},
						{"origin": [-19, 4, -11], "size": [3, 4, 1], "uv": [66, 298]},
						{"origin": [16, 4, -11], "size": [3, 4, 1], "uv": [58, 307]},
						{"origin": [-19, 10, -20], "size": [3, 1, 8], "uv": [186, 263]},
						{"origin": [16, 10, -20], "size": [3, 1, 8], "uv": [164, 263]},
						{"origin": [-19, 11, -18], "size": [3, 1, 4], "uv": [6, 303]},
						{"origin": [16, 11, -18], "size": [3, 1, 4], "uv": [6, 298]}
					]
				},
				{
					"name": "leg1",
					"parent": "body",
					"pivot": [0, 6, 16],
					"cubes": [
						{"origin": [-19, 0, 14], "size": [3, 1, 4], "uv": [20, 298]},
						{"origin": [16, 0, 14], "size": [3, 1, 4], "uv": [6, 308]},
						{"origin": [-19, 1, 12], "size": [3, 1, 8], "uv": [0, 288]},
						{"origin": [16, 1, 12], "size": [3, 1, 8], "uv": [0, 279]},
						{"origin": [-19, 2, 12], "size": [3, 8, 8], "uv": [142, 263]},
						{"origin": [16, 2, 12], "size": [3, 8, 8], "uv": [120, 263]},
						{"origin": [-19, 2, 20], "size": [3, 8, 1], "uv": [58, 298]},
						{"origin": [16, 2, 20], "size": [3, 8, 1], "uv": [50, 298]},
						{"origin": [-19, 2, 11], "size": [3, 8, 1], "uv": [42, 298]},
						{"origin": [16, 2, 11], "size": [3, 8, 1], "uv": [34, 298]},
						{"origin": [-19, 4, 10], "size": [3, 4, 1], "uv": [66, 308]},
						{"origin": [16, 4, 10], "size": [3, 4, 1], "uv": [66, 303]},
						{"origin": [-19, 4, 21], "size": [3, 4, 1], "uv": [66, 298]},
						{"origin": [16, 4, 21], "size": [3, 4, 1], "uv": [58, 307]},
						{"origin": [-19, 10, 12], "size": [3, 1, 8], "uv": [186, 263]},
						{"origin": [16, 10, 12], "size": [3, 1, 8], "uv": [164, 263]},
						{"origin": [-19, 11, 14], "size": [3, 1, 4], "uv": [6, 303]},
						{"origin": [16, 11, 14], "size": [3, 1, 4], "uv": [6, 298]}
					]
				}
			]
		}
	]
}