{
	"format_version": "1.12.0",
	"minecraft:geometry": [
		{
			"description": {
				"identifier": "geometry.volt_bike",
				"texture_width": 256,
				"texture_height": 256,
				"visible_bounds_width": 5,
				"visible_bounds_height": 2,
				"visible_bounds_offset": [0, 0, 0]
			},
			"bones": [
				{
					"name": "body",
					"pivot": [0, 0, 0],
					"cubes": [
						{"origin": [-5, 3, -11], "size": [10, 9, 21], "uv": [0, 0]},
						{"origin": [-5, 11, -14], "size": [10, 3, 19], "inflate": -0.01, "pivot": [0, 0, 0], "rotation": [-10, 0, 0], "uv": [62, 0]},
						{"origin": [-6, 6, -4], "size": [12, 2, 2], "uv": [56, 44]},
						{"origin": [-5, 12, 10], "size": [10, 2, 1], "uv": [154, 82]},
						{"origin": [-5, 12, -12], "size": [10, 2, 1], "uv": [132, 82]},
						{"origin": [-5, 2, -12], "size": [10, 2, 1], "uv": [110, 82]},
						{"origin": [-5, 12, 7], "size": [10, 1, 3], "uv": [110, 44]},
						{"origin": [-5, 2, 7], "size": [10, 1, 4], "uv": [0, 44]},
						{"origin": [-5, 12, -11], "size": [10, 1, 3], "uv": [84, 44]},
						{"origin": [-5, 15.38729, 15.94281], "size": [10, 1, 4], "inflate": 0.01, "uv": [28, 44]},
						{"origin": [-5, 15.37318, -20.97713], "size": [10, 1, 13], "pivot": [0, 5.26469, -18.97713], "rotation": [-20, 0, 0], "uv": [0, 30]},
						{"origin": [-5, 16.13397, -21.5], "size": [10, 3, 13], "pivot": [0, 5.39866, -19.47713], "rotation": [-30, 0, 0], "uv": [120, 0]},
						{"origin": [-3, 18, -20], "size": [6, 3, 2], "pivot": [0, 5.26469, -18.97713], "rotation": [-30, 0, 0], "uv": [38, 88]},
						{"origin": [-4, 18, -21.5], "size": [8, 8, 0], "pivot": [0, 5.26469, -18.97713], "rotation": [-30, 0, 0], "uv": [22, 88]},
						{"origin": [4, 18, -22], "size": [1, 8, 1], "pivot": [0, 5.26469, -18.97713], "rotation": [-30, 0, 0], "uv": [58, 88]},
						{"origin": [-5, 18, -22], "size": [1, 8, 1], "pivot": [0, 5.26469, -18.97713], "rotation": [-30, 0, 0], "uv": [54, 88]},
						{"origin": [3, 20, -20], "size": [4, 1, 1], "pivot": [0, 5.26469, -18.97713], "rotation": [-30, 0, 0], "uv": [62, 90]},
						{"origin": [-7, 20, -20], "size": [4, 1, 1], "pivot": [0, 5.26469, -18.97713], "rotation": [-30, 0, 0], "uv": [62, 88]},
						{"origin": [-5, 15.30523, -21.36133], "size": [10, 3, 7], "uv": [118, 30]},
						{"origin": [-5, 13.65684, -19.29097], "size": [10, 2, 6], "pivot": [0, 1.92153, -22.2681], "rotation": [30, 0, 0], "uv": [152, 30]},
						{"origin": [-5, 15.70461, -11.89046], "size": [10, 1, 5], "pivot": [0, 3.9693, -15.86759], "rotation": [78.5, 0, 0], "uv": [152, 38]},
						{"origin": [-5, 12.295, 7.40552], "size": [10, 1, 13], "inflate": 0.01, "pivot": [0, 2.18651, 9.40552], "rotation": [20, 0, 0], "uv": [120, 16]},
						{"origin": [-5, 15.19151, -21], "size": [10, 1, 2], "pivot": [0, 5.08302, -19], "rotation": [-30, 0, 0], "uv": [0, 76]},
						{"origin": [-5, 15.19151, 16], "size": [10, 1, 2], "inflate": 0.01, "pivot": [0, 5.08302, 18], "rotation": [-30, 0, 0], "uv": [192, 67]},
						{"origin": [-5, 16.05722, -19.25786], "size": [10, 1, 2], "pivot": [0, 5.94873, -17.25786], "rotation": [20, 0, 0], "uv": [24, 73]},
						{"origin": [-5, 15.37318, 16.02287], "size": [10, 1, 2], "inflate": 0.01, "pivot": [0, 5.26469, 18.02287], "rotation": [-20, 0, 0], "uv": [168, 67]},
						{"origin": [-5, 16.19151, -19.38233], "size": [10, 1, 2], "pivot": [0, 6.08302, -17.38233], "rotation": [30, 0, 0], "uv": [0, 73]},
						{"origin": [-5, 16.19151, 17.61767], "size": [10, 1, 2], "inflate": 0.01, "pivot": [0, 6.08302, 19.61767], "rotation": [30, 0, 0], "uv": [144, 67]},
						{"origin": [-5, 16.95686, -18.81374], "size": [10, 1, 2], "pivot": [0, 6.84837, -16.81374], "rotation": [45, 0, 0], "uv": [216, 70]},
						{"origin": [-5, 16.95686, 18.18626], "size": [10, 1, 2], "inflate": 0.01, "pivot": [0, 6.84837, 20.18626], "rotation": [45, 0, 0], "uv": [120, 67]},
						{"origin": [-5, 17.84329, -18.46261], "size": [10, 1, 2], "pivot": [0, 7.7348, -16.46261], "rotation": [60, 0, 0], "uv": [192, 70]},
						{"origin": [-5, 17.84329, 18.53739], "size": [10, 1, 2], "inflate": 0.01, "pivot": [0, 7.7348, 20.53739], "rotation": [60, 0, 0], "uv": [96, 67]},
						{"origin": [-5, 17.41445, -18.81993], "size": [3, 1, 2], "pivot": [0, 7.30596, -16.81993], "rotation": [67.5, 0, 0], "uv": [168, 70]},
						{"origin": [2, 17.41445, -18.81993], "size": [3, 1, 2], "pivot": [7, 7.30596, -16.81993], "rotation": [67.5, 0, 0], "uv": [174, 70]},
						{"origin": [-5, 17.41445, 18.18007], "size": [10, 1, 2], "inflate": 0.01, "pivot": [0, 7.30596, 20.18007], "rotation": [67.5, 0, 0], "uv": [72, 67]},
						{"origin": [-5, 15.54264, -21.88643], "size": [10, 1, 2], "pivot": [0, 5.43415, -19.88643], "rotation": [-45, 0, 0], "uv": [216, 73]},
						{"origin": [-5, 15.54264, 15.11357], "size": [10, 1, 2], "inflate": 0.01, "pivot": [0, 5.43415, 17.11357], "rotation": [-45, 0, 0], "uv": [216, 67]},
						{"origin": [-5, 16.11124, -22.65178], "size": [10, 1, 2], "pivot": [0, 6.00275, -20.65178], "rotation": [-60, 0, 0], "uv": [192, 73]},
						{"origin": [-5, 16.11124, 14.34822], "size": [10, 1, 2], "inflate": 0.01, "pivot": [0, 6.00275, 16.34822], "rotation": [-60, 0, 0], "uv": [0, 70]},
						{"origin": [-5, 15.56669, -22.52908], "size": [10, 1, 2], "pivot": [0, 5.4582, -20.52908], "rotation": [-67.5, 0, 0], "uv": [168, 73]},
						{"origin": [-5, 15.56669, 14.47092], "size": [10, 1, 2], "inflate": 0.01, "pivot": [0, 5.4582, 16.47092], "rotation": [-67.5, 0, 0], "uv": [24, 70]},
						{"origin": [-5, 17.81772, -23.37466], "size": [10, 1, 2], "pivot": [0, 7.70923, -21.37466], "rotation": [-90, 0, 0], "uv": [144, 73]},
						{"origin": [-5, 17.81772, 13.62534], "size": [10, 1, 2], "inflate": 0.01, "pivot": [0, 7.70923, 15.62534], "rotation": [-90, 0, 0], "uv": [48, 70]},
						{"origin": [-5, 7.70923, -27.84821], "size": [3, 2, 1], "uv": [136, 85]},
						{"origin": [2, 7.70923, -27.84821], "size": [3, 2, 1], "uv": [132, 85]},
						{"origin": [-5, 7.70923, 9.15179], "size": [10, 2, 1], "inflate": 0.01, "uv": [22, 85]},
						{"origin": [-5, 6.06532, -26.41537], "size": [3, 2, 1], "pivot": [0, -3.04317, -24.41537], "rotation": [7.5, 0, 0], "uv": [116, 85]},
						{"origin": [2, 6.06532, -26.41537], "size": [3, 2, 1], "pivot": [7, -3.04317, -24.41537], "rotation": [7.5, 0, 0], "uv": [110, 85]},
						{"origin": [-5, 6.06532, 10.58463], "size": [10, 2, 1], "inflate": 0.01, "pivot": [0, -3.04317, 12.58463], "rotation": [7.5, 0, 0], "uv": [0, 85]},
						{"origin": [-5, 4.84189, -24.33933], "size": [3, 2, 1], "pivot": [0, -4.2666, -22.33933], "rotation": [17.5, 0, 0], "uv": [94, 85]},
						{"origin": [2, 4.84189, -24.33933], "size": [3, 2, 1], "pivot": [7, -4.2666, -22.33933], "rotation": [17.5, 0, 0], "uv": [88, 85]},
						{"origin": [-5, 4.84189, 12.66067], "size": [10, 2, 1], "inflate": 0.01, "pivot": [0, -4.2666, 14.66067], "rotation": [17.5, 0, 0], "uv": [220, 82]},
						{"origin": [-5, 3.99754, -22.08239], "size": [3, 2, 1], "pivot": [0, -5.11095, -20.08239], "rotation": [27.5, 0, 0], "uv": [72, 85]},
						{"origin": [2, 3.99754, -22.08239], "size": [3, 2, 1], "pivot": [7, -5.11095, -20.08239], "rotation": [27.5, 0, 0], "uv": [66, 85]},
						{"origin": [-5, 3.99754, 14.91761], "size": [10, 2, 1], "inflate": 0.01, "pivot": [0, -5.11095, 16.91761], "rotation": [27.5, 0, 0], "uv": [198, 82]},
						{"origin": [-5, 3.55794, -19.71312], "size": [3, 2, 1], "pivot": [0, -5.55055, -17.71312], "rotation": [37.5, 0, 0], "uv": [50, 85]},
						{"origin": [2, 3.55794, -19.71312], "size": [3, 2, 1], "pivot": [7, -5.55055, -17.71312], "rotation": [37.5, 0, 0], "uv": [44, 85]},
						{"origin": [-5, 3.55794, 17.28688], "size": [10, 2, 1], "inflate": 0.01, "pivot": [0, -5.55055, 19.28688], "rotation": [37.5, 0, 0], "uv": [176, 82]},
						{"origin": [-5, 17.28478, -23.54068], "size": [10, 1, 2], "pivot": [0, 7.17629, -21.54068], "rotation": [-97.5, 0, 0], "uv": [120, 73]},
						{"origin": [-5, 17.28478, 13.45932], "size": [10, 1, 2], "inflate": 0.01, "pivot": [0, 7.17629, 15.45932], "rotation": [-97.5, 0, 0], "uv": [72, 70]},
						{"origin": [-5, 17.26778, -23.72299], "size": [10, 1, 2], "pivot": [0, 7.15929, -21.72299], "rotation": [-107.5, 0, 0], "uv": [96, 73]},
						{"origin": [-5, 17.26778, 13.27701], "size": [10, 1, 2], "inflate": 0.01, "pivot": [0, 7.15929, 15.27701], "rotation": [-107.5, 0, 0], "uv": [96, 70]},
						{"origin": [-5, 17.28271, -23.90549], "size": [10, 1, 2], "pivot": [0, 7.17422, -21.90549], "rotation": [-117.5, 0, 0], "uv": [72, 73]},
						{"origin": [-5, 17.28271, 13.09451], "size": [10, 1, 2], "inflate": 0.01, "pivot": [0, 7.17422, 15.09451], "rotation": [-117.5, 0, 0], "uv": [120, 70]},
						{"origin": [-5, 18.99223, -23.03148], "size": [10, 1, 2], "pivot": [0, 8.88374, -21.03148], "rotation": [-137.5, 0, 0], "uv": [48, 73]},
						{"origin": [-5, 18.99223, 13.96852], "size": [10, 1, 2], "inflate": 0.01, "pivot": [0, 8.88374, 15.96852], "rotation": [-137.5, 0, 0], "uv": [144, 70]},
						{"origin": [-5, 21.39655, -24.86708], "size": [10, 1, 8], "pivot": [0, 11.28806, -16.86708], "rotation": [-162.5, 0, 0], "uv": [82, 30]},
						{"origin": [-5, 23.56667, -0.13407], "size": [10, 1, 8], "pivot": [0, 13.45818, 7.86593], "rotation": [162.5, 0, 0], "uv": [46, 30]}
					]
				},
				{
					"name": "leg0",
					"pivot": [0, 7.5958, -19],
					"cubes": [
						{"origin": [-5, 0, -20], "size": [10, 1, 2], "uv": [216, 79]},
						{"origin": [-5, 1, -20], "size": [10, 1, 2], "uv": [24, 67]},
						{"origin": [-5, 1, -20], "size": [10, 1, 2], "pivot": [0, 7.59576, -19], "rotation": [15, 0, 0], "uv": [0, 67]},
						{"origin": [-5, 1, -20], "size": [10, 1, 2], "pivot": [0, 7.59576, -19], "rotation": [30, 0, 0], "uv": [216, 64]},
						{"origin": [-5, 1, -20], "size": [10, 1, 2], "pivot": [0, 7.59576, -19], "rotation": [45, 0, 0], "uv": [192, 64]},
						{"origin": [-5, 1, -20], "size": [10, 1, 2], "pivot": [0, 7.59576, -19], "rotation": [60, 0, 0], "uv": [168, 64]},
						{"origin": [-5, 1, -20], "size": [10, 1, 2], "pivot": [0, 7.59576, -19], "rotation": [75, 0, 0], "uv": [144, 64]},
						{"origin": [-5, 1, -20], "size": [10, 1, 2], "pivot": [0, 7.59576, -19], "rotation": [90, 0, 0], "uv": [120, 64]},
						{"origin": [-5, 1, -20], "size": [10, 1, 2], "pivot": [0, 7.59576, -19], "rotation": [105, 0, 0], "uv": [96, 64]},
						{"origin": [-5, 1, -20], "size": [10, 1, 2], "pivot": [0, 7.59576, -19], "rotation": [120, 0, 0], "uv": [72, 64]},
						{"origin": [-5, 1, -20], "size": [10, 1, 2], "pivot": [0, 7.59576, -19], "rotation": [135, 0, 0], "uv": [48, 64]},
						{"origin": [-5, 1, -20], "size": [10, 1, 2], "pivot": [0, 7.59576, -19], "rotation": [150, 0, 0], "uv": [24, 64]},
						{"origin": [-5, 1, -20], "size": [10, 1, 2], "pivot": [0, 7.59576, -19], "rotation": [165, 0, 0], "uv": [0, 64]},
						{"origin": [-5, 0, -20], "size": [10, 1, 2], "pivot": [0, 7.59575, -19], "rotation": [-15, 0, 0], "uv": [192, 79]},
						{"origin": [-5, 0, -20], "size": [10, 1, 2], "pivot": [0, 7.59575, -19], "rotation": [-30, 0, 0], "uv": [168, 79]},
						{"origin": [-5, 0, -20], "size": [10, 1, 2], "pivot": [0, 7.59575, -19], "rotation": [-45, 0, 0], "uv": [144, 79]},
						{"origin": [-5, 0, -20], "size": [10, 1, 2], "pivot": [0, 7.59575, -19], "rotation": [-60, 0, 0], "uv": [120, 79]},
						{"origin": [-5, 0, -20], "size": [10, 1, 2], "pivot": [0, 7.59575, -19], "rotation": [-75, 0, 0], "uv": [96, 79]},
						{"origin": [-5, 14.19151, -20], "size": [10, 1, 2], "uv": [72, 79]},
						{"origin": [-5, 13.19151, -20], "size": [10, 1, 2], "uv": [48, 67]},
						{"origin": [-5, 13.19151, -20], "size": [10, 1, 2], "pivot": [0, 7.59576, -19], "rotation": [15, 0, 0], "uv": [216, 61]},
						{"origin": [-5, 13.19151, -20], "size": [10, 1, 2], "pivot": [0, 7.59576, -19], "rotation": [30, 0, 0], "uv": [192, 61]},
						{"origin": [-5, 13.19151, -20], "size": [10, 1, 2], "pivot": [0, 7.59576, -19], "rotation": [45, 0, 0], "uv": [168, 61]},
						{"origin": [-5, 13.19151, -20], "size": [10, 1, 2], "pivot": [0, 7.59576, -19], "rotation": [60, 0, 0], "uv": [144, 61]},
						{"origin": [-5, 13.19151, -20], "size": [10, 1, 2], "pivot": [0, 7.59576, -19], "rotation": [75, 0, 0], "uv": [120, 61]},
						{"origin": [-5, 13.19151, -20], "size": [10, 1, 2], "pivot": [0, 7.59576, -19], "rotation": [90, 0, 0], "uv": [96, 61]},
						{"origin": [-5, 13.19151, -20], "size": [10, 1, 2], "pivot": [0, 7.59576, -19], "rotation": [105, 0, 0], "uv": [72, 61]},
						{"origin": [-5, 13.19151, -20], "size": [10, 1, 2], "pivot": [0, 7.59576, -19], "rotation": [120, 0, 0], "uv": [48, 61]},
						{"origin": [-5, 13.19151, -20], "size": [10, 1, 2], "pivot": [0, 7.59576, -19], "rotation": [135, 0, 0], "uv": [24, 61]},
						{"origin": [-5, 13.19151, -20], "size": [10, 1, 2], "pivot": [0, 7.59576, -19], "rotation": [150, 0, 0], "uv": [0, 61]},
						{"origin": [-5, 13.19151, -20], "size": [10, 1, 2], "pivot": [0, 7.59576, -19], "rotation": [165, 0, 0], "uv": [136, 44]},
						{"origin": [-5, 14.19151, -20], "size": [10, 1, 2], "pivot": [0, 7.59575, -19], "rotation": [15, 0, 0], "uv": [48, 79]},
						{"origin": [-5, 14.19151, -20], "size": [10, 1, 2], "pivot": [0, 7.59575, -19], "rotation": [30, 0, 0], "uv": [24, 79]},
						{"origin": [-5, 14.19151, -20], "size": [10, 1, 2], "pivot": [0, 7.59575, -19], "rotation": [45, 0, 0], "uv": [0, 79]},
						{"origin": [-5, 14.19151, -20], "size": [10, 1, 2], "pivot": [0, 7.59575, -19], "rotation": [60, 0, 0], "uv": [216, 76]},
						{"origin": [-5, 14.19151, -20], "size": [10, 1, 2], "pivot": [0, 7.59575, -19], "rotation": [75, 0, 0], "uv": [192, 76]},
						{"origin": [-5, 14.19151, -20], "size": [10, 1, 2], "pivot": [0, 7.59575, -19], "rotation": [90, 0, 0], "uv": [168, 76]},
						{"origin": [-5, 8.92272, -11.92068], "size": [10, 2, 1], "pivot": [0, 6.92272, -9.92068], "rotation": [15, 0, 0], "uv": [0, 88]},
						{"origin": [-5, 11.29555, -12.05586], "size": [10, 2, 1], "pivot": [0, 9.29555, -10.05586], "rotation": [30, 0, 0], "uv": [220, 85]},
						{"origin": [-5, 13.55255, -12.80056], "size": [10, 2, 1], "pivot": [0, 11.55255, -10.80056], "rotation": [45, 0, 0], "uv": [198, 85]},
						{"origin": [-5, 15.5399, -14.10405], "size": [10, 2, 1], "pivot": [0, 13.5399, -12.10405], "rotation": [60, 0, 0], "uv": [176, 85]},
						{"origin": [-5, 17.12216, -15.87748], "size": [10, 2, 1], "pivot": [0, 15.12216, -13.87748], "rotation": [75, 0, 0], "uv": [154, 85]},
						{"origin": [-5, 0.84461, -17.58458], "size": [10, 1, 2], "pivot": [0, -1.15539, -14.58458], "rotation": [15, 0, 0], "uv": [144, 76]},
						{"origin": [-5, 2.28559, -15.47007], "size": [10, 1, 2], "pivot": [0, 0.28559, -12.47007], "rotation": [30, 0, 0], "uv": [120, 76]},
						{"origin": [-5, 4.22474, -13.80056], "size": [10, 1, 2], "pivot": [0, 2.22474, -10.80056], "rotation": [45, 0, 0], "uv": [96, 76]},
						{"origin": [-5, 6.52993, -12.68983], "size": [10, 1, 2], "pivot": [0, 4.52993, -9.68983], "rotation": [60, 0, 0], "uv": [72, 76]},
						{"origin": [-5, 9.04404, -12.21358], "size": [10, 1, 2], "pivot": [0, 7.04404, -9.21358], "rotation": [75, 0, 0], "uv": [48, 76]},
						{"origin": [-5, 11.59575, -12.40425], "size": [10, 1, 2], "pivot": [0, 9.59575, -9.40425], "rotation": [90, 0, 0], "uv": [24, 76]}
					]
				},
				{
					"name": "leg1",
					"pivot": [0, 7.5958, 18],
					"cubes": [
						{"origin": [-5, 0, 17], "size": [10, 1, 2], "uv": [216, 58]},
						{"origin": [-5, 1, 17], "size": [10, 1, 2], "uv": [192, 58]},
						{"origin": [-5, 1, 17], "size": [10, 1, 2], "pivot": [0, 7.59576, 18], "rotation": [15, 0, 0], "uv": [168, 58]},
						{"origin": [-5, 1, 17], "size": [10, 1, 2], "pivot": [0, 7.59576, 18], "rotation": [30, 0, 0], "uv": [144, 58]},
						{"origin": [-5, 1, 17], "size": [10, 1, 2], "pivot": [0, 7.59576, 18], "rotation": [45, 0, 0], "uv": [120, 58]},
						{"origin": [-5, 1, 17], "size": [10, 1, 2], "pivot": [0, 7.59576, 18], "rotation": [60, 0, 0], "uv": [96, 58]},
						{"origin": [-5, 1, 17], "size": [10, 1, 2], "pivot": [0, 7.59576, 18], "rotation": [75, 0, 0], "uv": [72, 58]},
						{"origin": [-5, 1, 17], "size": [10, 1, 2], "pivot": [0, 7.59576, 18], "rotation": [90, 0, 0], "uv": [48, 58]},
						{"origin": [-5, 1, 17], "size": [10, 1, 2], "pivot": [0, 7.59576, 18], "rotation": [105, 0, 0], "uv": [24, 58]},
						{"origin": [-5, 1, 17], "size": [10, 1, 2], "pivot": [0, 7.59576, 18], "rotation": [120, 0, 0], "uv": [0, 58]},
						{"origin": [-5, 1, 17], "size": [10, 1, 2], "pivot": [0, 7.59576, 18], "rotation": [135, 0, 0], "uv": [216, 55]},
						{"origin": [-5, 1, 17], "size": [10, 1, 2], "pivot": [0, 7.59576, 18], "rotation": [150, 0, 0], "uv": [192, 55]},
						{"origin": [-5, 1, 17], "size": [10, 1, 2], "pivot": [0, 7.59576, 18], "rotation": [165, 0, 0], "uv": [168, 55]},
						{"origin": [-5, 0, 17], "size": [10, 1, 2], "pivot": [0, 7.59575, 18], "rotation": [-15, 0, 0], "uv": [144, 55]},
						{"origin": [-5, 0, 17], "size": [10, 1, 2], "pivot": [0, 7.59575, 18], "rotation": [-30, 0, 0], "uv": [120, 55]},
						{"origin": [-5, 0, 17], "size": [10, 1, 2], "pivot": [0, 7.59575, 18], "rotation": [-45, 0, 0], "uv": [96, 55]},
						{"origin": [-5, 0, 17], "size": [10, 1, 2], "pivot": [0, 7.59575, 18], "rotation": [-60, 0, 0], "uv": [72, 55]},
						{"origin": [-5, 0, 17], "size": [10, 1, 2], "pivot": [0, 7.59575, 18], "rotation": [-75, 0, 0], "uv": [48, 55]},
						{"origin": [-5, 14.19151, 17], "size": [10, 1, 2], "uv": [24, 55]},
						{"origin": [-5, 13.19151, 17], "size": [10, 1, 2], "uv": [0, 55]},
						{"origin": [-5, 13.19151, 17], "size": [10, 1, 2], "pivot": [0, 7.59576, 18], "rotation": [15, 0, 0], "uv": [216, 52]},
						{"origin": [-5, 13.19151, 17], "size": [10, 1, 2], "pivot": [0, 7.59576, 18], "rotation": [30, 0, 0], "uv": [192, 52]},
						{"origin": [-5, 13.19151, 17], "size": [10, 1, 2], "pivot": [0, 7.59576, 18], "rotation": [45, 0, 0], "uv": [168, 52]},
						{"origin": [-5, 13.19151, 17], "size": [10, 1, 2], "pivot": [0, 7.59576, 18], "rotation": [60, 0, 0], "uv": [144, 52]},
						{"origin": [-5, 13.19151, 17], "size": [10, 1, 2], "pivot": [0, 7.59576, 18], "rotation": [75, 0, 0], "uv": [120, 52]},
						{"origin": [-5, 13.19151, 17], "size": [10, 1, 2], "pivot": [0, 7.59576, 18], "rotation": [90, 0, 0], "uv": [96, 52]},
						{"origin": [-5, 13.19151, 17], "size": [10, 1, 2], "pivot": [0, 7.59576, 18], "rotation": [105, 0, 0], "uv": [72, 52]},
						{"origin": [-5, 13.19151, 17], "size": [10, 1, 2], "pivot": [0, 7.59576, 18], "rotation": [120, 0, 0], "uv": [48, 52]},
						{"origin": [-5, 13.19151, 17], "size": [10, 1, 2], "pivot": [0, 7.59576, 18], "rotation": [135, 0, 0], "uv": [24, 52]},
						{"origin": [-5, 13.19151, 17], "size": [10, 1, 2], "pivot": [0, 7.59576, 18], "rotation": [150, 0, 0], "uv": [0, 52]},
						{"origin": [-5, 13.19151, 17], "size": [10, 1, 2], "pivot": [0, 7.59576, 18], "rotation": [165, 0, 0], "uv": [216, 49]},
						{"origin": [-5, 14.19151, 17], "size": [10, 1, 2], "pivot": [0, 7.59575, 18], "rotation": [15, 0, 0], "uv": [192, 49]},
						{"origin": [-5, 14.19151, 17], "size": [10, 1, 2], "pivot": [0, 7.59575, 18], "rotation": [30, 0, 0], "uv": [168, 49]},
						{"origin": [-5, 14.19151, 17], "size": [10, 1, 2], "pivot": [0, 7.59575, 18], "rotation": [45, 0, 0], "uv": [144, 49]},
						{"origin": [-5, 14.19151, 17], "size": [10, 1, 2], "pivot": [0, 7.59575, 18], "rotation": [60, 0, 0], "uv": [120, 49]},
						{"origin": [-5, 14.19151, 17], "size": [10, 1, 2], "pivot": [0, 7.59575, 18], "rotation": [75, 0, 0], "uv": [96, 49]},
						{"origin": [-5, 14.19151, 17], "size": [10, 1, 2], "pivot": [0, 7.59575, 18], "rotation": [90, 0, 0], "uv": [72, 49]},
						{"origin": [-5, 8.92272, 25.07932], "size": [10, 2, 1], "pivot": [0, 6.92272, 27.07932], "rotation": [15, 0, 0], "uv": [88, 82]},
						{"origin": [-5, 11.29555, 24.94414], "size": [10, 2, 1], "pivot": [0, 9.29555, 26.94414], "rotation": [30, 0, 0], "uv": [66, 82]},
						{"origin": [-5, 13.55255, 24.19944], "size": [10, 2, 1], "pivot": [0, 11.55255, 26.19944], "rotation": [45, 0, 0], "uv": [44, 82]},
						{"origin": [-5, 15.5399, 22.89595], "size": [10, 2, 1], "pivot": [0, 13.5399, 24.89595], "rotation": [60, 0, 0], "uv": [22, 82]},
						{"origin": [-5, 17.12216, 21.12252], "size": [10, 2, 1], "pivot": [0, 15.12216, 23.12252], "rotation": [75, 0, 0], "uv": [0, 82]},
						{"origin": [-5, 0.84461, 19.41542], "size": [10, 1, 2], "pivot": [0, -1.15539, 22.41542], "rotation": [15, 0, 0], "uv": [48, 49]},
						{"origin": [-5, 2.28559, 21.52993], "size": [10, 1, 2], "pivot": [0, 0.28559, 24.52993], "rotation": [30, 0, 0], "uv": [24, 49]},
						{"origin": [-5, 4.22474, 23.19944], "size": [10, 1, 2], "pivot": [0, 2.22474, 26.19944], "rotation": [45, 0, 0], "uv": [0, 49]},
						{"origin": [-5, 6.52993, 24.31017], "size": [10, 1, 2], "pivot": [0, 4.52993, 27.31017], "rotation": [60, 0, 0], "uv": [208, 44]},
						{"origin": [-5, 9.04404, 24.78642], "size": [10, 1, 2], "pivot": [0, 7.04404, 27.78642], "rotation": [75, 0, 0], "uv": [184, 44]},
						{"origin": [-5, 11.59575, 24.59575], "size": [10, 1, 2], "pivot": [0, 9.59575, 27.59575], "rotation": [90, 0, 0], "uv": [160, 44]}
					]
				}
			]
		}
	]
}