{
	"format_version": "1.8.0",
	"animations": {
		"animation.humanoid.riding.volt_bike": {
			"loop": true,
			"bones": {
				"body": {
					"rotation": [45, 0, 0],
					"position": [0, -4, -6]
				},
				"head": {
					"rotation": [25, 0, 0],
					"position": [0, -4, -7]
				},
				"hat": {
					"rotation": [25, 0, 0],
					"position": [0, -4, -7]
				},
				"rightArm": {
					"rotation": [-70, 0, 0],
					"position": [0, -4, -5]
				},
				"leftArm": {
					"rotation": [-70, 0, 0],
					"position": [0, -4, -5]
				},
				"rightLeg": {
					"rotation": [-60, 0, 0],
					"position": [0, 0, 4]
				},
				"leftLeg": {
					"rotation": [-60, 0, 0],
					"position": [0, 0, 4]
				}
			}
		}
	}
}