{
    "format_version": "1.8.0",
    "minecraft:client_entity": {
        "description": {
            "identifier": "aspire:bus_2",
            "materials": {
                "default": "aspire"
            },
            "textures": {
                "default": "textures/entity/bus_v2"
            },
            "geometry": {
                "default": "geometry.bus_v2"
            },
            "spawn_egg": {
                "texture": "vehicles",
                "texture_index": 3
            },
            "animations": {
                "move": "animation.vehicles.move"
            },
            "animation_controllers": [
                { 
				    "move": "controller.animation.vehicles.move"
				}
            ],
            "render_controllers":
    		[
                "controller.render.bus"
            ]
        }
    }
}
