{
    "format_version": "1.8.0",
    "minecraft:client_entity": {
        "description": {
            "identifier": "aspire:fire_truck",
            "materials": {
                "default": "witch"
            },
            "textures": {
                "default": "textures/entity/firetruck"
            },
            "geometry": {
                "default": "geometry.firetruck"
            },
            "animations": {
                "move": "animation.vehicles.move"
            },
            "animation_controllers": [
                { 
				    "move": "controller.animation.vehicles.move"
				}
            ],
            "render_controllers": [ "controller.render.car4x4" ],
            "spawn_egg": {
                "texture": "vehicles",
                "texture_index": 6
            }
        }
    }
}