{
    "format_version": "1.8.0",
    "minecraft:client_entity": {
        "description": {
            "identifier": "aspire:police_car",
            "materials": {
                "default": "witch"
            },
            "textures": {
                "default": "textures/entity/police_car"
            },
            "geometry": {
                "default": "geometry.police_car"
            },
            "spawn_egg": {
                "texture": "vehicles",
                "texture_index": 12
            },
            "animations": {
                "move": "animation.vehicles.move"
            },
            "animation_controllers": [
                { 
				    "move": "controller.animation.vehicles.move"
				}
            ],
            "render_controllers":
    		[
                "controller.render.bus"
            ]
        }
    }
}
