{
    "format_version": "1.8.0",
    "minecraft:client_entity": {
        "description": {
            "identifier": "aspire:speedboat",
            "materials": {
                "default": "aspire"
            },
            "textures": {
                "default": "textures/entity/speedboat"
            },
            "geometry": {
                "default": "geometry.speedboat_1.14"
            },
            "spawn_egg": {
                "texture": "vehicles",
                "texture_index": 13
            },
            "render_controllers":
    		[
                "controller.render.apv"
            ]
        }
    }
}
